GEOID,population,median_income,pct_black,pct_hispanic,pct_nonwhite,south_of_i30,vendor_cap_5mi,vendor_cap_15mi,vendor_share_5mi,vendor_share_15mi
48113016638,1868,72976,52.4,24.9,77.3,1,905867.61,499280748.15,0.0006199455395022097,0.34169106981860037
48113013630,2396,60769,31.5,38.6,70.1,0,150101073.13,739683464.53,0.10272416160396604,0.5062146603066142
48113012211,4753,39439,32.8,52.7,85.5,0,13645946.100000001,710833271.5999999,0.009338829784390433,0.4864705517599671
48113012400,4933,77606,2.0,31.5,33.5,0,23776602.680000003,736885690.48,0.016271912819559017,0.5042999571825755
48113016513,6240,149831,37.0,26.3,63.3,1,905867.61,558477491.58,0.0006199455395022097,0.3822033440597395
48113016517,4650,71105,37.8,42.4,80.19999999999999,1,909106.6099999999,557863599.3600001,0.0006221622029310386,0.3817832167262056
48113016518,6113,57987,33.0,50.5,83.5,1,909106.6099999999,561198149.31,0.0006221622029310386,0.3840652713497832
48113016519,2358,100993,11.7,49.4,61.1,1,895650.9199999999,623444210.9199998,0.0006129535780676058,0.4266643971168466
48113016607,3667,27913,78.7,14.5,93.2,1,508603.62,561634630.6700001,0.00034807133196171667,0.38436398461563
48113016610,3616,45917,80.1,9.5,89.6,1,34872936.54,526219946.55999994,0.02386587313494587,0.3601273575362333
48113013609,3486,89375,4.3,41.6,45.9,0,153957322.08999997,745605462.8299999,0.10536324960708167,0.5102674781692869
48113013610,3705,80053,4.9,38.9,43.8,0,154786983.80999997,702800786.41,0.10593104238047571,0.48097338715259363
48113013611,2693,137327,4.1,11.2,15.3,0,148794640.1,716353559.93,0.10183008246848745,0.49024845273486745
48113015306,6443,93884,11.2,46.1,57.3,0,41466040.28,665527394.1,0.02837797314820094,0.45546472225541246
48113015403,3768,54110,41.7,43.0,84.7,0,48352920.01,565757525.1299999,0.033091123637930535,0.38718555589392667
48113015404,4124,52064,13.1,74.0,87.1,0,47229557.91,565729306.9599999,0.032322332133020854,0.387166244320766
48113015500,3661,71441,8.0,67.4,75.4,0,3875091.5000000005,576067180.9,0.0026519832082172886,0.39424113999678995
48113015600,5569,74089,1.5,78.4,79.9,0,5176917.080000001,555700524.1299999,0.0035429091587884515,0.3803028802778736
48113007914,3338,70730,15.7,8.0,23.7,0,222799265.48999998,850867454.7399999,0.1524763765920432,0.5823052700533815
48113013625,3014,62250,44.7,21.5,66.2,0,203195710.19,739683464.53,0.13906035803429842,0.5062146603066142
48113018134,5066,93964,21.2,20.7,41.9,0,5921998.3,79038062.31,0.004052817862672746,0.05409101025257126
48113017605,4040,61042,39.5,55.6,95.1,0,18273106.05,549986170.64,0.012505503523355188,0.376392167588561
48113011701,6259,58506,12.5,76.8,89.3,1,29477980.580000002,553487226.78,0.020173745448414656,0.3787881734878555
48113011702,5639,57607,12.1,80.0,92.1,1,29477980.580000002,545971988.5099999,0.020173745448414656,0.37364499539830787
48113012000,10690,36948,41.2,55.2,96.4,0,18527205.060000002,595646958.93,0.012679400399788852,0.40764088618502364
48113012206,5125,103036,39.4,35.0,74.4,0,70255162.47000001,745289689.75,0.048080286919939166,0.5100513736190416
48113012207,7094,55520,39.3,51.7,91.0,0,21410890.0,690904270.5,0.014652898067823031,0.4728318089654438
48113012208,2587,32721,34.7,61.3,96.0,0,153102050.07999998,754008672.0899999,0.10477793000650495,0.5160183539492926
48113010704,6716,42530,28.9,62.6,91.5,1,31358937.349999998,697294755.27,0.021461009444483554,0.4772052433223895
48113980100,0,-666666666,,,0.0,0,218498453.46999997,698358818.94,0.14953304447750107,0.47793345296216555
48113000605,2217,109707,4.8,15.0,19.8,0,291786445.94,797358916.97,0.1996888989636197,0.5456858137999484
48113016407,6320,70323,11.1,77.0,88.1,1,5157716.570000001,463784968.15999997,0.003529768970973736,0.317398943427248
48113007101,2313,181944,0.0,18.8,18.8,0,232439081.12999997,665122162.36,0.1590735444802312,0.45518739518586665
48113018002,3524,75446,28.3,47.3,75.6,0,13844421.01,674433884.7900001,0.009474659384432762,0.4615600270382863
48113009105,3480,61804,7.6,85.5,93.1,1,15515572.120000001,630598933.1700001,0.010618339393566401,0.4315608500822693
48113012210,4166,46376,40.4,40.6,81.0,0,23949057.76,729166096.9,0.016389935316919856,0.4990169251436101
48113009610,5055,52348,0.0,85.1,85.1,0,84273238.67,742681678.45,0.057673790116937323,0.5082665377836966
48113014121,5365,95758,13.2,24.2,37.4,0,60901473.16,675919828.29,0.04167893433639331,0.4625769571444165
48113004201,4000,73234,7.6,45.8,53.4,1,289746387.59999996,855137744.04,0.19829275116647382,0.5852277134377067
48113017102,6659,60017,20.3,68.5,88.8,1,168652586.21999997,468046370.27,0.11542019760768445,0.32031530471553804
48113011105,5349,43807,48.8,46.7,95.5,1,521323.62,535471558.22999996,0.0003567764751585996,0.36645885159199615
48113005901,5361,50917,58.1,39.3,97.4,1,2458116.3499999996,601557115.62,0.0016822527375274544,0.41168560004528043
48113006001,3824,56585,3.7,78.9,82.60000000000001,1,4181104.4,643517565.8199999,0.0028614082172262047,0.4404019308311825
48113006002,6997,43573,65.2,14.9,80.10000000000001,1,2458116.3499999996,640609641.8299999,0.0016822527375274544,0.4384118447668271
48113006200,5514,44949,42.7,47.4,90.1,1,228322865.51,746867360.3900001,0.15625654397698072,0.5111310787164252
48113006301,6308,69562,8.7,89.0,97.7,1,31961439.299999997,741103207.6599998,0.02187334165762437,0.5071862850903751
48113006302,3947,83827,2.3,73.4,75.7,1,126768574.49,747733893.0799999,0.08675617875787513,0.5117241047503268
48113006501,5972,76477,1.3,92.8,94.1,1,31953619.3,707171240.97,0.021867989910784782,0.48396438029569666
48113006502,3729,74450,0.2,92.9,93.1,1,32121039.389999997,707187200.9699999,0.02198256662914052,0.4839753027866889
48113011300,5173,49643,77.6,18.5,96.1,1,337208.84,548238142.25,0.00023077446851059653,0.37519587533642523
48113002100,3035,94451,23.0,14.9,37.9,0,291476837.59,854372634.03,0.1994770133487061,0.5847040976988374
48113001202,3490,73462,14.5,29.5,44.0,0,203560491.46999997,791602548.65,0.13931000215992279,0.5417463475641308
48113001203,1313,144375,0.0,47.7,47.7,0,203870099.81999996,856386797.5400001,0.13952188777483635,0.5860825239391273
48113016903,7673,58558,26.6,50.6,77.2,1,165557101.22,274347336.47,0.11330175105196094,0.18775415484707356
48113016617,5210,122218,69.1,12.6,81.69999999999999,1,905867.61,500652118.71000004,0.0006199455395022097,0.34262959003092663
48113008703,3426,36506,28.6,68.4,97.0,1,45359433.84,606826338.07,0.031042481675058006,0.41529167991662325
48113014002,2382,103672,12.3,14.4,26.700000000000003,0,69679672.74,719008151.8299999,0.0476864409680535,0.4920651667772248
48113014124,4213,203269,6.2,9.6,15.8,0,102465367.97,749191903.93,0.07012387585693024,0.512721918683649
48113014209,3433,123475,13.0,26.6,39.6,0,174591284.27,777178666.53,0.1194844442215445,0.5318751243479705
48113018508,1435,34797,28.0,34.3,62.3,0,74948363.06,594186893.89,0.05129215666739557,0.40664166643266814
48113015304,4353,62553,0.6,89.6,90.2,0,41466040.28,586560176.5699999,0.02837797314820094,0.40142219580430744
48113016406,4346,57338,17.8,62.6,80.4,1,5565702.770000001,463639070.97,0.0038089811009542488,0.3172990962628634
48113018205,4021,58459,5.1,70.3,75.39999999999999,0,7571166.970000001,512276428.57,0.0051814538240063145,0.350584879488178
48113011500,4641,28040,41.9,57.0,98.9,1,85217381.8,605508859.01,0.05831993014406022,0.41439004124711104
48113005902,4992,37226,71.7,26.1,97.8,1,2458116.3499999996,601412115.62,0.0016822527375274544,0.4115863668877688
48113007601,1976,200583,0.0,10.0,10.0,0,226509126.14,721870211.31,0.15501528132464784,0.49402386470264903
48113007604,2882,250001,0.0,6.8,6.8,0,177354738.03,703681308.0899999,0.12137565968528384,0.48157598678406843
48113007605,1614,211023,0.0,5.6,5.6,0,175979266.53,694287376.91,0.12043433292657854,0.4751470940086311
48113007801,2517,93972,2.4,1.8,4.2,0,128854315.46,691585720.66,0.08818359022135433,0.47329817069691693
48113007805,2484,70270,16.0,28.5,44.5,0,155769260.68999997,691748245.8399999,0.1066032798725659,0.4734093975023414
48113004700,2560,82917,4.1,70.3,74.39999999999999,1,250808563.85000002,825406496.3499999,0.17164500497789373,0.5648806404374359
48113004800,2486,51406,0.0,94.6,94.6,1,249837575.79999995,826625361.54,0.17098049318404837,0.5657147910676754
48113005000,3018,51330,2.6,87.8,90.4,1,228314965.50999996,820513414.1,0.15625113748081282,0.5615319783572177
48113005100,2620,64421,1.2,83.1,84.3,1,228314965.50999996,820504273.0899999,0.15625113748081282,0.5615257225552511
48113005200,4159,86853,9.5,59.5,69.0,1,220550021.60999998,842502749.24,0.15093706919738023,0.5765807449608301
48113002500,4869,45167,24.3,68.8,93.1,0,203840977.43,793089544.0199999,0.13950195738370547,0.5427639975349603
48113019019,7655,45809,50.7,33.0,83.7,0,74948363.06,594179073.89,0.05129215666739557,0.4066363146858285
48113005400,4652,47047,17.8,61.8,79.6,1,226599877.45999998,745672152.53,0.15507738849728198,0.5103131183727663
48113005500,3456,64893,52.1,43.2,95.3,1,180579104.48999998,747590201.1500001,0.12358230840804535,0.5116257667922384
48113005300,5919,68424,0.7,77.5,78.2,1,91002305.6,769774852.31,0.06227893879673759,0.5268082011570727
48113005600,7309,58058,17.0,79.6,96.6,1,85269822.92999998,643688688.45,0.058355819102083505,0.44051904144426257
48113013624,4004,80536,33.8,14.5,48.3,0,203195710.19,739683464.53,0.13906035803429842,0.5062146603066142
48113005700,5403,36724,42.7,58.4,100.0,1,45362672.84,601557115.62,0.031044698338486835,0.41168560004528043
48113007815,4924,40316,29.3,23.8,53.1,0,59210889.110000014,691585720.66,0.04052195507211531,0.47329817069691693
48113007819,2375,46418,18.7,51.5,70.2,0,37360061.2,691585720.66,0.02556797819106213,0.47329817069691693
48113007902,4788,102257,4.0,8.0,12.0,0,36278433.33,848255773.93,0.024827748199388426,0.5805179229279411
48113002200,2918,77813,28.1,14.2,42.3,0,259452211.89,853578621.3599999,0.17756042902912456,0.5841607019447108
48113002400,3028,49821,4.8,83.1,87.89999999999999,0,223347250.93,859500619.6600001,0.1528513995263991,0.5882135198073837
48113008000,7522,250001,0.2,6.0,6.2,0,35541994.00000001,848569102.0799999,0.024323753716411503,0.5807323542497466
48113008200,4186,80556,15.5,33.1,48.6,0,23776602.680000003,744215804.86,0.016271912819559017,0.5093164426642917
48113011401,6111,36888,78.1,14.6,92.7,1,139586273.03,552827038.68,0.09552818357274756,0.37833636280016847
48113008802,5494,32480,64.2,30.1,94.3,1,85708494.77999999,606826338.07,0.05865603146613159,0.41529167991662325
48113009603,5041,152188,1.4,21.7,23.1,0,205298181.48000002,755653468.54,0.14049921917005198,0.5171439977092749
48113009604,3781,47083,11.5,14.9,26.4,0,201026482.73000002,727365941.8000001,0.13757581120521742,0.49778495911199866
48113009605,3247,77585,11.4,70.0,81.4,0,199726776.02,745172339.3100001,0.13668633533851146,0.5099710628969962
48113009607,3727,135000,1.1,34.4,35.5,0,156202303.93,756446817.1399999,0.10689964020390573,0.517686938996071
48113009608,2907,123958,4.5,20.1,24.6,0,205298181.48000002,758086844.8,0.14049921917005198,0.518809319155438
48113009609,3183,190670,0.6,5.8,6.4,0,202247945.69,758086844.8,0.1384117396624885,0.518809319155438
48113009611,3538,83270,4.9,58.3,63.2,0,156189336.1,745185515.58,0.10689076545413348,0.5099800802961433
48113009702,3219,164547,0.6,25.9,26.5,0,179426854.38,753500199.7299999,0.12279374691384928,0.5156703724472913
48113009202,5453,48497,19.9,74.5,94.4,1,7750628.22,560050495.8600001,0.005304271110133799,0.383279855656179
48113009301,5267,64255,9.5,83.1,92.6,1,15515572.120000001,560053495.86,0.010618339393566401,0.3832819087559895
48113009304,9059,33786,59.4,35.6,95.0,1,15515572.120000001,554131497.56,0.010618339393566401,0.37922909089331674
48113008500,3637,52423,8.1,73.7,81.8,0,27875863.68,686178608.3399999,0.01907731014710599,0.46959772360358126
48113008604,2573,22619,74.4,22.0,96.4,1,86481090.22,603999188.4300001,0.05918476998330603,0.41335687311982955
48113008701,5320,23938,74.5,24.7,99.2,1,43523119.129999995,565086093.26,0.029785769213965817,0.386726050345554
48113008704,4649,17442,60.8,37.8,98.6,1,43523119.129999995,564922445.0,0.029785769213965817,0.3866140549416845
48113008801,2721,41476,67.9,28.8,96.7,1,179803270.05,586086843.11,0.12305135322744211,0.4010982621919509
48113009802,5776,56923,4.4,85.0,89.4,0,121799967.69999999,735342694.52,0.08335583020473401,0.503243982278172
48113009104,3477,71298,12.5,81.4,93.9,1,15571452.400000002,604604224.29,0.010656581990994224,0.41377093945635063
48113018144,4790,149022,37.1,13.3,50.400000000000006,0,5921998.3,69445366.52999999,0.004052817862672746,0.04752608962293015
48113016524,2870,112857,21.9,7.9,29.8,1,408663.68,119438195.42,0.0002796757746670713,0.08173951213116258
48113018146,3023,136199,16.1,9.9,26.0,0,7571166.970000001,383304960.82000005,0.0051814538240063145,0.26232111415202086
48113018507,4141,38668,65.5,18.9,84.4,0,75248830.4,594634950.89,0.051497786480342624,0.4069483016799453
48113019045,2731,58354,17.5,45.1,62.6,0,74936877.38999999,594179073.89,0.05128429625842841,0.4066363146858285
48113019047,4342,71760,24.9,36.9,61.8,0,27854605.630000003,563642724.78,0.019062761847629856,0.38573825716125626
48113012802,5012,130000,2.9,39.4,42.3,0,24563407.2,742492816.81,0.016810375556552314,0.508137287184593
48113016530,3081,69821,41.3,37.0,78.3,1,905867.61,462966406.03999996,0.0006199455395022097,0.3168387468494065
48113008402,3707,64333,7.5,81.1,88.6,0,192695872.01999998,745754202.44,0.13187461944829626,0.5103692705909928
48113016531,3384,79710,28.3,48.5,76.8,1,905867.61,558559962.03,0.0006199455395022097,0.3822597840814974
48113019051,4552,157260,4.4,6.7,11.1,0,2350.0,224815952.00999993,1.6082615182920526e-06,0.15385652949611733
48113019216,3672,79524,4.0,13.9,17.9,0,150447337.48999995,604147801.26,0.10296113336794219,0.41345857877753733
48113008101,1834,66352,10.9,22.4,33.3,0,36175030.730000004,746100552.1100001,0.024756982913230408,0.5106063007382841
48113018151,4336,97500,36.9,22.2,59.1,0,5921998.3,236444930.89999995,0.004052817862672746,0.16181501428157163
48113013202,4971,88073,31.6,12.7,44.3,0,169947781.03,697244970.79,0.11630658568071195,0.47717117248690344
48113013012,2765,180293,2.2,9.2,11.4,0,15723066.87,611388142.4499999,0.010760341870873902,0.41841362648612535
48113008102,4042,188125,6.5,14.5,21.0,0,36175030.730000004,738770437.73,0.024756982913230408,0.5055898152565677
48113016527,5126,121684,26.4,56.8,83.19999999999999,1,3406233.4099999997,361221447.81999993,0.002331112389627113,0.24720789536623256
48113000801,3674,74670,28.3,36.0,64.3,0,257925505.52999997,853583431.3599999,0.17651560218294593,0.5841639937480738
48113000902,2703,82773,15.1,33.7,48.8,0,259271743.88,824948821.27,0.1774369227500753,0.5645674228974167
48113014142,2336,84048,40.9,4.4,45.3,0,60901473.16,724732794.0,0.04167893433639331,0.49598292069552397
48113012801,2447,80420,4.0,49.9,53.9,0,22025219.919999998,602931995.47,0.015073324948619385,0.41262652189848475
48113021200,4830,61017,4.0,83.7,87.7,0,32968390.98,568692301.2099999,0.022562465758783325,0.38919401863191305
48113007915,1944,73739,10.2,11.8,22.0,0,37360061.2,691585720.66,0.02556797819106213,0.47329817069691693
48113012502,3507,58068,3.4,71.0,74.4,0,21476324.43,728269293.83,0.014697679206435957,0.4984031830725603
48113012501,3151,91189,2.2,83.6,85.8,0,21476324.43,727443108.85,0.014697679206435957,0.4978377696639114
48113016635,3810,22881,91.6,3.3,94.9,1,500442.93,501918935.43,0.0003424864282639674,0.34349655708688615
48113016534,3832,58071,21.1,65.4,86.5,1,2218135.98,636298240.16,0.0015180181867970339,0.43546126544948194
48113007702,3314,146267,2.9,2.1,5.0,0,126344605.0,693916287.5899999,0.0864660281980041,0.47489313287109697
48113007830,2749,40859,38.3,46.1,84.4,0,80928653.01,691585720.66,0.05538486738859289,0.47329817069691693
48113013808,2389,102778,5.1,24.0,29.1,0,199143331.2,748911651.19,0.13628704518870172,0.5125301230678457
48113014704,5160,65878,2.3,73.6,75.89999999999999,0,139599693.03,718554470.02,0.09553736777256693,0.49175468209783246
48113007206,3236,43720,0.6,83.6,84.19999999999999,0,136292158.46,696715791.28,0.09327380157284282,0.4768090197029879
48113016420,4146,81024,18.1,60.7,78.80000000000001,1,5531860.500000001,444264455.1999999,0.003785820581578653,0.3040397562736781
48113010001,2386,40299,49.3,28.0,77.3,0,246780698.54999998,702052585.76,0.16888846848306224,0.4804613436149953
48113007831,2055,43424,50.0,28.7,78.7,0,26495441.750000004,691585720.66,0.018132595479435593,0.47329817069691693
48113016532,1983,67300,20.9,44.7,65.6,1,905867.61,520913437.33,0.0006199455395022097,0.35649575983790543
48113013807,2759,117527,0.0,32.8,32.8,0,202777011.81,744620332.92,0.13877381484607493,0.5095932881587458
48113014157,2678,113698,16.4,17.9,34.3,0,913427.5,692543612.0799999,0.0006251192757445591,0.47395371959457144
48113014156,3868,178022,0.7,0.0,0.7,0,54008064.56,705594247.41,0.036961315706076935,0.4828851385692531
48113014141,2381,86996,23.9,11.7,35.599999999999994,0,60901473.16,680254965.49,0.04167893433639331,0.4655437802658107
48113014314,2743,96475,12.4,17.2,29.6,0,104035159.07000001,746103464.27,0.07119818846028655,0.510608293723332
48113014318,2157,105755,0.5,39.8,40.3,0,104035159.07000001,754181716.8,0.07119818846028655,0.516136779969734
48113014155,5988,105653,9.1,2.9,12.0,0,60901473.16,671714206.6699998,0.04167893433639331,0.45969877016061084
48113014158,2948,63867,46.4,24.0,70.4,0,104035159.07000001,763163433.8299999,0.07119818846028655,0.5222835671474094
48113014409,3021,39464,24.0,61.6,85.6,0,104103392.38000001,630756086.6499999,0.07124488505889877,0.43166840067560946
48113014410,2841,51000,23.5,35.1,58.6,0,104090216.11,665898043.63,0.07123586765975169,0.45571838241535795
48113014316,4800,75924,0.0,54.7,54.7,0,103919722.24,764404002.0699999,0.07111918734901734,0.5231325706202635
48113015406,3395,70048,19.5,29.7,49.2,0,49149282.67999999,565913234.4699999,0.03363612765357535,0.38729211816608017
48113014140,2649,59688,36.3,13.1,49.4,0,104968173.34,752757041.4999999,0.0718367122672901,0.5151617797735418
48113014154,3673,92697,26.7,32.9,59.6,0,104056373.83999999,752757041.4999999,0.07121270714037609,0.5151617797735418
48113014147,2405,57075,59.5,20.0,79.5,0,104056373.83999999,715182027.9699999,0.07121270714037609,0.4894466953864771
48113014153,4581,66346,17.8,61.6,79.4,0,103919722.24,760835313.5500001,0.07111918734901734,0.52069027937878
48113015101,4193,64800,3.8,72.5,76.3,0,74417291.36,691192519.42,0.050928708931836444,0.47302907689979495
48113015208,3839,51525,1.7,79.6,81.3,0,40669677.61,691192519.42,0.027832969132556125,0.47302907689979495
48113015002,2536,83155,0.8,58.0,58.8,0,74417291.36,703916805.63,0.050928708931836444,0.4817371534356576
48113014144,5784,95542,15.7,16.0,31.7,0,160458141.79,776435999.28,0.10981219350532205,0.5313668676845361
48113014313,3125,129470,22.7,16.9,39.6,0,157129796.12999997,758348933.3000001,0.10753438489061891,0.518988683772007
48113014320,2779,96750,15.7,15.3,31.0,0,102911796.97000001,749824188.9200001,0.07042939695537688,0.5131546334147175
48113016634,4901,73287,14.8,80.4,95.2,1,505103.93,530008086.11,0.00034567626100301385,0.36271983373375893
48113007203,3347,43527,8.8,81.0,89.8,0,136292158.46,741193619.7899998,0.09327380157284282,0.507248160132701
48113019215,2699,121676,0.0,30.1,30.1,0,153133487.11,708265467.24,0.1047994444599511,0.48471323221158824
48113019214,5424,51026,10.7,61.2,71.9,0,154477375.45999998,708265467.24,0.10571915676556214,0.48471323221158824
48113013729,7018,76974,3.1,66.3,69.39999999999999,0,152554237.84,740287176.6099999,0.10440302560444481,0.5066278206923128
48113002001,2469,58884,26.2,42.3,68.5,1,288854630.99999994,855271724.67,0.19768246273095766,0.5853194053063985
48113010002,4960,-666666666,37.9,32.2,70.1,1,291392818.28000003,855404745.6300001,0.19941951333889063,0.5854104404089919
48113000705,2357,124250,3.0,9.8,12.8,0,263226780.87999997,826503565.35,0.18014361798859496,0.5656314378228025
48113016636,2543,76822,38.1,25.1,63.2,1,905867.61,520956141.3399999,0.0006199455395022097,0.3565249850361861
48113016528,4847,74523,63.1,28.8,91.9,1,3719561.5599999996,623261740.4699999,0.0025455437114324914,0.42653952043473586
48113016526,4806,51305,62.7,25.9,88.6,1,892411.9199999999,558477491.58,0.0006107369146387769,0.3822033440597395
48113016419,4963,88542,29.8,47.2,77.0,1,5531860.500000001,439812747.43999994,0.003785820581578653,0.30099315615406524
48113016204,5182,67212,3.0,82.1,85.1,1,5565702.770000001,474126684.66,0.0038089811009542488,0.324476468823008
48113016536,2647,56387,10.3,76.7,87.0,1,2231591.67,628897696.58,0.0015272268116604667,0.4303965805753725
48113000706,2249,130206,2.0,15.6,17.6,0,263226780.87999997,832422563.6499999,0.18014361798859496,0.5696822025856645
48113001901,3817,120022,2.8,13.5,16.3,0,291786445.94,854372634.03,0.1996888989636197,0.5847040976988374
48113001801,2568,83555,5.8,10.4,16.2,0,291786445.94,854379794.03,0.1996888989636197,0.5847089977637187
48113000703,3075,116250,8.9,8.3,17.200000000000003,0,289950131.22999996,827311755.7099999,0.1984321865025275,0.5661845363144801
48113001802,3078,112782,3.5,10.4,13.9,0,291786445.94,854379794.03,0.1996888989636197,0.5847089977637187
48113000610,2326,47210,4.1,71.9,76.0,0,285547661.01000005,804687554.7,0.19541928291093064,0.5507012887117196
48113000407,2235,58934,7.7,68.6,76.3,0,287383975.71999997,804837382.5699999,0.19667599537202277,0.5508038259022253
48113000408,2408,71723,14.1,26.6,40.7,0,287439856.0,804701010.39,0.19671423796945062,0.5507104973365831
48113016533,3287,97705,32.2,41.3,73.5,1,2209975.29,637807737.76,0.0015124332830992848,0.43649431519502846
48113016535,3132,70022,30.7,35.2,65.9,1,2209975.29,630434105.96,0.0015124332830992848,0.4314480478443925
48113003103,2460,76103,27.6,13.6,41.2,1,287248266.78999996,852750086.3799999,0.19658312071253017,0.5835936802745436
48113010809,5323,41053,24.2,64.8,89.0,1,31839685.589999996,692055501.35,0.021790017484644673,0.4736196729121356
48113006701,4622,54505,0.2,96.6,96.8,1,55637054.46,824899081.4900001,0.03807614199112222,0.5645333826531179
48113014149,3715,99763,9.0,7.1,16.1,0,118792313.44999999,734118896.5799999,0.08129749208107336,0.5024064558385689
48113007916,1366,96976,16.8,14.1,30.9,0,38135895.64,688625926.98,0.02609893337166539,0.4712725867489902
48113013631,1958,53887,27.1,56.7,83.80000000000001,0,151476544.63,739683464.53,0.10366548836267134,0.5062146603066142
48113013107,4435,50823,27.5,32.6,60.1,0,137193132.11999997,691577820.66,0.09389039785640567,0.47329276420074906
48113019049,4294,59451,13.3,48.7,62.0,0,19534538.150000002,559213632.1800001,0.013368785525214054,0.38270713410188095
48113980200,1400,6311,3.1,11.7,14.8,0,149898050.96999997,568061835.76,0.1025852200178858,0.38876254913325453
48113018150,3980,104500,19.6,28.4,48.0,0,5921998.3,122619621.95,0.004052817862672746,0.08391677419987426
48113016708,5558,117539,89.8,9.9,99.7,1,34564508.39,528895881.74,0.023654795209497783,0.36195867820663247
48113020800,7507,35577,50.6,40.1,90.7,1,190165301.52,778894270.3800001,0.13014278151022177,0.5330492263277955
48113000802,3228,79415,12.7,40.0,52.7,0,262161896.32999995,819040278.6599998,0.17941484656596143,0.5605238136596072
48113001602,2896,130070,26.9,16.1,43.0,0,291786445.94,853578621.3599999,0.1996888989636197,0.5841607019447108
48113020401,2675,70932,26.7,20.0,46.7,0,259352211.89,852750086.3799999,0.1774919923687717,0.5835936802745436
48113015207,3003,67738,11.3,51.2,62.5,0,40669677.61,691192519.42,0.027832969132556125,0.47302907689979495
48113015102,2841,54536,1.2,83.2,84.4,0,137478552.2,707718624.1399999,0.09408572982713412,0.4843389910565781
48113015001,5062,74273,7.4,78.5,85.9,0,70363736.38,704948342.12,0.04815459127795767,0.48244310255973466
48113014143,4205,122011,3.2,14.1,17.3,0,155560005.03,775683131.44,0.1064600722872626,0.5308516300779694
48113010906,3479,58680,52.3,46.4,98.7,1,508603.62,549913784.64,0.00034807133196171667,0.37634262902759796
48113002002,2915,46291,4.8,83.8,88.6,1,249893456.07999998,847823172.9699999,0.17101873578147622,0.5802218652782628
48113000607,1772,115972,2.3,14.8,17.1,0,285603541.29,804820575.66,0.19545752550835843,0.5507923238143129
48113016203,2314,46823,22.6,65.2,87.80000000000001,1,5565702.770000001,464550870.47,0.0038089811009542488,0.31792310138977736
48113016421,3931,60852,10.5,49.1,59.6,1,5157716.570000001,498328120.8599999,0.003529768970973736,0.3410391235157144
48113016414,1941,75884,31.1,11.5,42.6,1,2827149.64,428038339.9499999,0.0019348067967937148,0.292935144891573
48113000501,2036,83842,12.0,20.8,32.8,0,295486153.70000005,797358916.97,0.20222085539737908,0.5456858137999484
48113000503,2147,77750,14.3,12.7,27.0,0,296238153.70000005,797358916.97,0.20273549908323255,0.5456858137999484
48113000502,2233,119261,3.6,15.9,19.5,0,291786445.94,854381422.03,0.1996888989636197,0.5847101119125492
48113010905,3212,38353,93.2,1.2,94.4,1,508603.62,517466410.51,0.00034807133196171667,0.3541367298008303
48113000409,4139,69398,14.3,25.1,39.400000000000006,0,258868109.85,665274990.23,0.17716068909989566,0.4552919854761831
48113001902,5323,103958,10.7,13.2,23.9,0,291476837.59,854372634.03,0.1994770133487061,0.5847040976988374
48113000704,3332,134531,5.3,10.6,15.9,0,291786445.94,854379794.03,0.1996888989636197,0.5847089977637187
48113001705,2923,119342,7.8,13.9,21.7,0,291786445.94,854374984.03,0.1996888989636197,0.5847057059603556
48113000609,1628,91250,12.8,19.0,31.8,0,250150600.54999998,804687554.7,0.17119471686902626,0.5507012887117196
48113000611,2257,71020,9.9,28.8,38.7,0,285603541.29,804687554.7,0.19545752550835843,0.5507012887117196
48113003102,1723,104844,8.1,25.8,33.9,1,291484657.59000003,852168932.31,0.19948236509554573,0.583195957837531
48113010808,3267,47393,15.3,76.7,92.0,1,31839685.589999996,691800534.5,0.021790017484644673,0.4734451821149887
48113006702,2445,46667,0.5,86.8,87.3,1,90994485.6,831364923.01,0.062273587049898,0.568958388653114
48113010806,3684,119342,23.7,42.7,66.4,1,4340624.49,644378254.71,0.002970578439414071,0.44099095756352663
48113011004,2503,57949,63.7,32.3,96.0,1,4351524.489999999,622366810.73,0.002978038035392531,0.42592706040817546
48113011003,4022,59677,51.5,32.2,83.7,1,4070170.69,556773022.9,0.0027854888908966854,0.3810368626183871
48113013628,6562,81794,18.4,26.5,44.9,0,203195710.19,767137547.33,0.13906035803429842,0.5250033177054414
48113013629,3166,59201,15.0,54.5,69.5,0,203195710.19,739683464.53,0.13906035803429842,0.5062146603066142
48113014145,1230,57400,45.8,14.0,59.8,0,104831521.74000001,752757041.4999999,0.07174319247593137,0.5151617797735418
48113016711,2193,58648,60.8,33.1,93.9,1,174121265.04,541958296.87,0.11916277875751628,0.3708981588830303
48113011201,4319,62705,46.3,41.4,87.69999999999999,1,34897056.23,531164850.47,0.02388237984526933,0.363511484629895
48113016707,4777,57947,86.7,8.6,95.3,1,34564508.39,489359536.84999996,0.023654795209497783,0.33490132413833046
48113007829,2892,54302,66.6,20.0,86.6,0,156281309.2,690854200.63,0.10695370877219647,0.4727975428185728
48113019044,3680,65125,6.7,53.8,60.5,0,31312405.3,593267274.39,0.021429164463469836,0.4060123095589145
48113019046,3055,70580,5.4,61.8,67.2,0,27299462.529999997,591430959.68,0.01868284044981055,0.4047555970978223
48113012212,4748,71895,7.4,71.8,79.2,0,70255162.47000001,746499786.4,0.048080286919939166,0.5108795233533433
48113016706,2234,43917,57.8,27.6,85.4,1,174113445.04,482269406.24000007,0.11915742701067669,0.33004907553419116
48113019048,3596,95343,14.6,47.3,61.9,0,27299462.529999997,563450022.98,0.01868284044981055,0.3856063784848965
48113017816,5859,71806,4.8,82.8,87.6,0,20301121.520000003,649431719.3499999,0.01389340958246241,0.4444493799952549
48113007832,2360,47500,23.3,28.9,52.2,0,26439561.47,691585720.66,0.018094352882007766,0.47329817069691693
48113018152,5436,80912,13.5,39.5,53.0,0,5931139.3100000005,263400781.45,0.004059073664639267,0.1802626981676979
48113000901,2285,114699,2.1,12.4,14.5,0,258990390.07999995,826501937.35,0.17724437360557943,0.5656303236739719
48113000608,2572,119044,3.2,24.7,27.9,0,287721209.8,804820575.66,0.19690678711394646,0.5507923238143129
48113012213,2054,87417,1.1,29.0,30.1,0,70281752.64000002,711956633.6999999,0.04809848434426932,0.48723934326487683
48113010807,4975,53683,27.2,65.6,92.8,1,4054450.69,637911545.35,0.002774730647889217,0.43656535764281723
48113016415,4859,120962,25.7,38.5,64.2,1,2827149.64,288693036.79999995,0.0019348067967937148,0.19757187305715376
48113007701,2042,135069,2.1,1.2,3.3,0,128854315.46,693916287.5899999,0.08818359022135433,0.47489313287109697
48113013728,5031,73556,5.4,75.8,81.2,0,153380422.82,748911651.19,0.10496843901309369,0.5125301230678457
48113010003,3437,83995,25.8,19.1,44.900000000000006,0,248307404.91000003,724872159.5099999,0.1699332953292409,0.4960782977962516
48113016418,4973,83104,39.8,37.2,77.0,1,5531860.500000001,394151714.66999996,0.003785820581578653,0.2697442702436553
48113013201,2244,168837,11.1,5.3,16.4,0,144035281.01,697244970.79,0.0985729360530915,0.47717117248690344
48113013106,1543,65952,10.4,17.4,27.8,0,145966521.69999993,691577820.66,0.09989461268470286,0.47329276420074906
48113016417,5366,110307,17.8,48.8,66.6,1,2827149.64,224127812.84,0.0019348067967937148,0.1533855900295895
48113014146,2428,60327,12.0,27.2,39.2,0,104831521.74000001,754134558.24,0.07174319247593137,0.5161045062261994
48113013627,1653,72375,15.5,40.8,56.3,0,148794640.1,716353559.93,0.10183008246848745,0.49024845273486745
48113007205,4479,42985,4.8,93.3,98.1,0,116531785.94999999,696715791.28,0.07975046255371551,0.4768090197029879
48113007204,4879,53708,4.6,88.4,93.0,0,116531785.94999999,696715791.28,0.07975046255371551,0.4768090197029879
48113000410,4011,44936,0.3,85.4,85.7,0,205107121.73999995,696718791.28,0.14036846426471708,0.47681107280279844
48113014160,2857,79890,29.9,14.4,44.3,0,103708159.64,753967138.1500001,0.07097440097102169,0.5159899295078437
48113016637,2996,85224,56.5,39.8,96.3,1,905867.61,472753252.56999993,0.0006199455395022097,0.3235365377683976
48113014159,3071,228478,0.8,6.3,7.1,0,102465367.97,725084616.06,0.07012387585693024,0.4962236959637725
48113014150,1295,187143,0.0,0.2,0.2,0,118792313.44999999,705020292.37,0.08129749208107336,0.4824923429079502
48113014152,3672,84444,13.0,13.7,26.7,0,155560005.03,749770611.9,0.1064600722872626,0.5131179670915128
48113014317,2238,72196,19.3,40.9,60.2,0,104035159.07000001,754182584.64,0.07119818846028655,0.5161373738904471
48113014151,4560,128750,5.2,4.2,9.4,0,102465367.97,760537556.8000001,0.07012387585693024,0.5204865046031047
48113014319,2507,67481,32.8,17.0,49.8,0,102911796.97000001,749824188.9200001,0.07042939695537688,0.5131546334147175
48113014148,3651,47060,11.5,23.0,34.5,0,104056373.83999999,747534382.38,0.07121270714037609,0.5115875662902002
48113014315,3021,83491,6.8,62.8,69.6,0,103919722.24,745864649.3199999,0.07111918734901734,0.5104448567471287
48113014161,3758,54849,54.1,23.8,77.9,0,102933011.74,715014607.8799999,0.07044391563546641,0.4893321186681214
48113015405,2360,84143,25.0,38.6,63.6,0,49189353.48,572384816.73,0.03366355077087202,0.3917210529368119
48113014139,2709,59836,47.1,23.7,70.8,0,104056373.83999999,752757041.4999999,0.07121270714037609,0.5151617797735418
48113014903,4293,76582,0.5,84.9,85.4,0,135147985.26999998,715901937.66,0.0924907676529541,0.48993937753586975
48113014208,2026,73025,25.3,16.5,41.8,0,170354893.47,776924567.52,0.11658519983852896,0.5317012274715368
48113016633,6682,105739,81.8,10.1,91.9,1,738447.5199999999,445200026.87999994,0.0005053688211464684,0.3046800302866771
48113011603,3506,60404,10.0,77.9,87.9,1,169040372.92000002,546195749.1500001,0.11568558587445701,0.3737981297075082
48113014207,1863,93865,15.1,8.3,23.4,0,160458141.79,776611239.37,0.10981219350532205,0.5314867961497314
48113017005,4636,70232,17.1,55.3,72.4,1,22624352.36,338579528.03999996,0.01548335118164595,0.23171252162902847
48113017009,5442,48302,3.7,75.7,79.4,1,29090193.880000003,304908684.72,0.01990835718164212,0.20866932094817872
48113017007,5642,56422,7.7,77.0,84.7,1,22624352.36,287843047.1600001,0.01548335118164595,0.1969901685341926
48113017706,4943,93750,12.2,42.0,54.2,0,17873340.310000002,444342503.8399999,0.012231917201664319,0.30409317015634485
48113017817,2944,54647,29.9,18.8,48.7,0,13834412.16,559710396.13,0.009467809661753035,0.38304710275909787
48113018158,4005,90185,27.8,27.8,55.6,0,133020.96,409049985.87,9.103510259330484e-05,0.2799401495032463
48113017313,4199,120478,43.6,22.2,65.8,1,22479352.36,241497937.82,0.015384118024134311,0.16527312346501824
48113018154,5201,109131,7.9,16.5,24.4,0,0.0,210688026.43,0.0,0.1441878490520289
48113018157,4051,95938,38.8,15.0,53.8,0,5921998.3,218649042.62999997,0.004052817862672746,0.14963610266945848
48113018300,6950,77292,2.0,70.1,72.1,0,20943537.73,578337179.74,0.014333057782151782,0.3957946513929345
48113018401,4535,70819,8.7,63.3,72.0,0,22319009.229999997,605959570.46,0.015274384540857076,0.414698493111319
48113018402,4453,81250,5.8,56.1,61.9,0,20943537.73,543011731.12,0.014333057782151782,0.3716190941027434
48113018403,1544,48646,26.2,53.4,79.6,0,20943537.73,596114268.18,0.014333057782151782,0.4079606970292436
48113018600,4004,79196,9.4,53.8,63.2,0,28938008.03,593355926.39,0.019804206268372513,0.4060729800270505
48113018700,7231,57691,3.4,77.2,80.60000000000001,0,27561668.689999998,556431782.4200001,0.01886228558895401,0.3808033290301031
48113018143,6397,148958,18.2,14.0,32.2,0,5921998.3,128297923.72,0.004052817862672746,0.0878028142960192
48113019101,1238,78922,8.8,11.8,20.6,0,142985190.93999997,592466588.59,0.09785428947848654,0.405464346937475
48113016416,3021,74488,45.2,24.8,70.0,1,3235813.32,149618787.36,0.002214482571460786,0.10239410132962101
48113016525,2359,134779,49.9,21.2,71.1,1,408663.68,117586160.71000001,0.0002796757746670713,0.08047204142706293
48113017818,3252,63573,31.7,49.3,81.0,0,20300253.68,555258688.37,0.013892815661749202,0.38000050263948504
48113017705,3334,49394,39.4,33.5,72.9,0,20046154.67,523234062.66999996,0.013718918785315542,0.35808391831990344
48113016710,6322,61894,57.6,37.9,95.5,1,174121265.04,538007785.13,0.11916277875751628,0.3681945605813269
48113008401,5142,56420,2.9,87.2,90.1,0,56441629.519999996,687316076.13,0.03862676629221818,0.4703761685716467
48113018148,4572,64514,23.6,41.5,65.1,0,18978665.76,482868491.76,0.012988365025674466,0.3304590696567366
48113018156,5244,116685,28.4,18.1,46.5,0,7571166.970000001,228338451.08000004,0.0051814538240063145,0.1562672102205857
48113016629,2786,76111,43.1,43.8,86.9,1,592539.46,364174006.7,0.000405514217696831,0.2492285280586562
48113018153,6951,106488,11.4,15.3,26.700000000000003,0,5921998.3,224815952.00999993,0.004052817862672746,0.15385652949611733
48113011202,2569,63661,70.3,25.5,95.8,1,340447.84,548093142.25,0.00023299113193942544,0.3750966421789136
48113009001,5422,59757,24.9,70.9,95.8,0,27100029.24,610230705.53,0.01854635496650273,0.41762151531238645
48113016630,5799,114111,69.7,21.7,91.4,1,905867.61,418027344.25999993,0.0006199455395022097,0.28608395377326895
48113007834,2261,37500,74.4,20.8,95.2,0,75257971.41,587348327.22,0.05150404228230914,0.4019615797877168
48113007835,2712,54622,40.1,27.4,67.5,0,75257971.41,624116018.8,0.05150404228230914,0.427124159993906
48113017819,1702,41326,62.0,13.2,75.2,0,13844421.01,668163285.8,0.009474659384432762,0.45726863850541044
48113018159,5700,184129,3.1,10.0,13.1,0,13047526.45,411486473.37,0.008929291361035197,0.28160760017816105
48113009203,4318,59052,11.7,77.9,89.60000000000001,1,7750628.22,578198071.5,0.005304271110133799,0.39569945035920284
48113009002,4389,48538,16.5,77.4,93.9,0,19279205.060000002,604420348.51,0.013194044085642308,0.4136451010133209
48113019102,4511,91023,12.4,23.5,35.9,0,68866809.44000001,585876917.66,0.04713014447229952,0.40095459622474017
48113007833,2818,29559,14.3,74.5,88.8,0,26749540.760000005,691584092.66,0.018306492355869255,0.4732970565480864
48113017312,4554,98111,20.4,45.1,65.5,0,29078214.840000004,402373711.83,0.019900159126723785,0.27537113051426576
48113012102,3160,62237,23.2,67.8,91.0,0,19279205.060000002,610233055.53,0.013194044085642308,0.41762312357390474
48113016805,4142,95306,86.6,7.5,94.1,1,34556608.39,487248280.54,0.023649388713329906,0.33345645082827763
48113016529,3546,94469,38.8,43.5,82.3,1,3406233.4099999997,455454842.01,0.002331112389627113,0.31169808328700827
48113011604,3381,62392,16.7,79.7,96.4,1,168507586.21999997,540065950.2099999,0.1153209644501728,0.36960310002662744
48113018145,5305,133620,13.8,16.3,30.1,0,7571166.970000001,165463311.72,0.0051814538240063145,0.1132375646503993
48113018149,3847,140398,27.5,22.6,50.1,0,5921998.3,76443994.75,0.004052817862672746,0.052315717047210504
48113017010,5828,73907,17.7,65.4,83.10000000000001,1,29090193.880000003,435221631.59999996,0.01990835718164212,0.2978511498002384
48113017309,3142,76023,58.2,20.8,79.0,0,29078214.840000004,244036125.10000002,0.019900159126723785,0.16701017407295118
48113018801,4559,68631,7.6,63.6,71.2,0,18156716.649999995,559208822.1800001,0.01242585050499046,0.382703842298518
48113018802,1725,52959,23.2,38.3,61.5,0,27561668.689999998,563445212.98,0.01886228558895401,0.3856030866815335
48113018900,5918,69125,10.1,48.1,58.2,0,27299462.529999997,563731376.78,0.01868284044981055,0.3857989276293923
48113019013,4843,39131,14.9,78.5,93.4,0,27297980.369999997,593267274.39,0.018681826109005463,0.4060123095589145
48113019016,2419,66696,36.8,18.4,55.2,0,151026095.27999997,696188519.36,0.10335721587095019,0.4764481724099615
48113019020,7258,59519,13.0,34.0,47.0,0,27854605.630000003,563361370.98,0.019062761847629856,0.38554570801676047
48113019023,5242,106902,4.3,15.6,19.9,0,20080540.24,556895529.4599999,0.013742451121066831,0.38112070201676423
48113019024,3949,99083,13.9,22.9,36.8,0,27854605.630000003,591430959.68,0.019062761847629856,0.4047555970978223
48113019025,4710,104018,18.9,20.8,39.7,0,18159066.649999995,403542106.03000003,0.012427458766508751,0.27617074048450224
48113019026,5333,68242,6.8,20.7,27.5,0,18159066.649999995,559213632.1800001,0.012427458766508751,0.38270713410188095
48113019027,7280,68996,19.8,15.7,35.5,0,18149925.639999997,450175711.57000005,0.012421202964542234,0.30808522271820143
48113019028,3531,83229,26.5,33.5,60.0,0,38726693.69,556895529.4599999,0.02650325582651517,0.38112070201676423
48113021100,4704,26522,53.6,44.2,97.8,1,180631745.76999998,626884165.5600001,0.12361833434204435,0.4290185871901158
48113016632,3492,95651,58.4,31.9,90.3,1,425119.37,444758198.40999997,0.0002909374993410897,0.30437765763732105
48113016628,4889,75588,72.1,12.0,84.1,1,34556608.39,445534032.84999996,0.023649388713329906,0.3049086128179243
48113011901,3581,54906,19.9,69.7,89.6,0,6998628.22,552022486.84,0.004789627424280342,0.3777857543900651
48113011902,4432,64167,7.5,79.4,86.9,0,29477980.580000002,545847791.03,0.020173745448414656,0.3735599987907535
48113009204,2365,50773,27.9,58.3,86.19999999999999,0,7750628.22,595660414.62,0.005304271110133799,0.4076500948098871
48113011802,4068,44976,5.4,89.1,94.5,1,29477980.580000002,555431368.01,0.020173745448414656,0.3801186788182104
48113017307,4472,101417,49.5,21.5,71.0,0,6598862.4799999995,391199484.03,0.004516041102589472,0.26772386218772565
48113016627,2468,99107,64.9,29.1,94.0,1,34572568.39,445534032.84999996,0.023660311204322222,0.3049086128179243
48113011801,4873,56995,21.0,74.6,95.6,1,29477980.580000002,551583362.9499999,0.020173745448414656,0.3774852326649375
48113001601,2680,49750,37.8,23.6,61.4,0,291786445.94,853583431.3599999,0.1996888989636197,0.5841639937480738
48113007828,4733,60000,61.7,11.1,72.8,0,151026095.27999997,697320042.15,0.10335721587095019,0.47722254881856896
48113013013,4571,179330,2.2,3.7,5.9,0,15749657.04,649279196.13,0.010778539295204047,0.44434499819722434
48113002703,5226,29124,70.7,23.1,93.8,0,192722258.96999994,784816268.6800001,0.1318926777956452,0.5371020441904683
48113020900,2404,32447,58.1,26.2,84.3,1,222101982.18,843712361.54,0.15199917918148137,0.5774085632221674
48113018147,5137,114020,15.5,50.4,65.9,0,18845644.799999997,422870118.5799999,0.012897329923081157,0.2893981867863025
48113021000,5530,45344,42.5,53.3,95.8,1,249893456.07999998,825050220.33,0.17101873578147622,0.56463681702771
48113017308,4887,107826,37.4,29.2,66.6,0,29078214.840000004,391199484.03,0.019900159126723785,0.26772386218772565
48113017203,5606,71843,43.7,36.9,80.6,0,29477980.580000002,519229202.27,0.020173745448414656,0.35534312561034953
48113017311,3015,55368,27.5,37.5,65.0,0,17873340.310000002,440281659.97999996,0.012231917201664319,0.301314064236417
48113017314,8558,76667,26.7,53.2,79.9,1,28945193.880000003,450361874.1100001,0.01980912402413048,0.3082126261434055
48113017006,5883,59703,8.3,41.2,49.5,1,145000.0,241138633.29000002,9.923315751163728e-05,0.16502722744418974
48113012101,3236,46483,53.0,44.0,97.0,0,18527205.060000002,604662163.46,0.012679400399788852,0.4138105910893348
48113017820,4382,89766,21.2,53.2,74.4,0,13844421.01,649517132.3499999,0.009474659384432762,0.44450783379996206
48113016806,6177,70357,64.4,27.1,91.5,1,34556608.39,485096555.88,0.023649388713329906,0.3319838823309848
48113016631,5606,117302,84.5,8.5,93.0,1,905867.61,448199677.30999994,0.0006199455395022097,0.30673289086322914
48113020402,6338,93842,35.6,16.8,52.400000000000006,1,287156427.47999996,851372569.6400001,0.19652026895587507,0.5826509538218863
48113017204,5350,72437,39.1,45.4,84.5,1,28945193.880000003,483052297.82,0.01980912402413048,0.33058486038572676
48113017315,7095,93240,39.8,43.6,83.4,1,29090193.880000003,482742689.47,0.01990835718164212,0.33037297477081323
48113017310,3650,118372,35.2,34.1,69.30000000000001,0,29078214.840000004,254481233.0,0.019900159126723785,0.17415845708996322
48113017008,6756,87670,34.4,39.6,74.0,1,22624352.36,251606451.97999996,0.01548335118164595,0.17219105296741752
48113018155,6603,127176,15.1,22.9,38.0,0,5921998.3,135240251.4,0.004052817862672746,0.09255391151096293
48113017815,3481,67978,18.6,39.3,57.9,0,13835280.0,649517132.3499999,0.009468403582466242,0.44450783379996206
48113016709,3873,46259,38.0,51.4,89.4,1,174113445.04,535400584.28,0.11915742701067669,0.36641027939089565
48113019029,6130,75375,6.1,33.9,40.0,0,20089681.249999996,556895529.4599999,0.01374870692303335,0.38112070201676423
48113019031,5327,107870,11.0,23.8,34.8,0,37351222.19,456675102.5,0.025561929067809873,0.3125331888139697
48113019034,5066,40833,40.6,21.3,61.900000000000006,0,74938354.21,594179073.89,0.051285306944715836,0.4066363146858285
48113019035,6266,36697,39.1,38.0,77.1,0,74939222.05,594186893.89,0.05128590086542904,0.40664166643266814
48113019036,2612,148933,5.1,9.2,14.3,0,37351222.19,456675102.5,0.025561929067809873,0.3125331888139697
48113019037,2831,92138,3.4,20.2,23.6,0,38726693.69,563483572.39,0.02650325582651517,0.38562933858066856
48113019202,4645,95809,9.2,29.2,38.4,0,144331429.29,631518651.88,0.09877561004561591,0.4321902748520336
48113019203,3783,128705,1.3,19.8,21.1,0,142985190.93999997,592333567.63,0.09785428947848654,0.4053733118348817
48113017101,6381,50473,9.8,72.9,82.7,1,29090193.880000003,481396451.12,0.01990835718164212,0.32945165420368383
48113017201,6106,50350,18.4,70.2,88.6,1,29477980.580000002,547020676.17,0.020173745448414656,0.3743626822103444
48113019205,4727,174107,6.0,6.5,12.5,0,156166604.72,640364434.75,0.10687520885680937,0.4382440332303264
48113019208,5578,55142,21.7,60.2,81.9,0,154477375.45999998,702800786.41,0.10571915676556214,0.48097338715259363
48113017400,5528,74032,20.0,41.8,61.8,0,40352692.67,442126135.38,0.02761603522579863,0.30257636160120693
48113017704,6688,66287,21.4,50.8,72.19999999999999,0,18406127.01,479052097.4799999,0.012596538625948494,0.32784725686560723
48113017500,3439,107632,11.8,36.8,48.6,0,18406127.01,513595250.18000007,0.012596538625948494,0.3514874369540738
48113017805,5812,59888,35.0,51.0,86.0,0,18527205.060000002,573653586.63,0.012679400399788852,0.39258935668393413
48113017806,5115,61834,9.2,76.3,85.5,0,12062231.38,649431719.3499999,0.00825498832050589,0.4444493799952549
48113017602,3962,76137,14.3,56.7,71.0,0,18660226.02,594165785.8299999,0.012770435502382155,0.4066272207813388
48113019210,4753,213952,0.7,3.8,4.5,0,94254032.69,521046094.29,0.06450431222092262,0.35658654583105504
48113019211,5985,79474,12.8,28.0,40.8,0,70244326.17999999,564263978.9300001,0.048072870924957004,0.3861634227538198
48113019301,3373,250001,0.0,6.6,6.6,0,171383811.61999997,688859552.31,0.11728935705815331,0.47143247212258044
48113019400,4360,190159,0.0,12.7,12.7,0,219485181.02999997,689026972.4,0.15020832786634628,0.47154704884093623
48113019501,7425,250001,0.0,1.8,1.8,0,189944595.26999998,692066184.73,0.12999173752353174,0.4736269842606204
48113017811,5137,100750,18.1,25.0,43.1,0,13310766.469999999,544922291.22,0.00910944403943538,0.3729266176292175
48113017812,2060,78079,20.6,28.4,49.0,0,13844421.01,668163285.8,0.009474659384432762,0.45726863850541044
48113017808,4435,83180,13.2,32.4,45.6,0,13310766.469999999,617650188.15,0.00910944403943538,0.4226991614329748
48113017814,4821,88207,18.0,27.5,45.5,0,13301625.459999999,523225901.98,0.009103188237468859,0.3580783334162057
48113017900,5434,57865,10.7,73.5,84.2,0,13711400.05,674348471.7900001,0.009383624281839458,0.4615015732335791
48113019502,4040,250001,0.7,5.9,6.6000000000000005,0,232494961.40999997,683901336.77,0.15911178707765902,0.4680392349939083
48113019600,2254,250001,0.0,3.9,3.9,0,255474804.81,828589364.74,0.1748384244549346,0.5670588892669786
48113019700,1673,250001,0.0,9.6,9.6,0,259174512.56999996,804817575.66,0.17737038088869395,0.5507902707145023
48113019800,4847,243893,1.5,2.6,4.1,0,286962747.47,804820575.66,0.19638772082526004,0.5507923238143129
48113019900,3736,53788,4.1,83.2,87.3,1,31640291.15,750795713.0600001,0.0216535585889794,0.5138195120906552
48113013607,3436,144313,1.7,13.1,14.8,0,153957322.08999997,745605462.8299999,0.10536324960708167,0.5102674781692869
48113015900,3485,43644,12.3,66.3,78.6,1,5176917.080000001,530623617.75999993,0.0035429091587884515,0.36314108303843373
48113012604,6798,49922,44.6,40.6,85.2,0,20943537.73,674433884.7900001,0.014333057782151782,0.4615600270382863
48113013010,5189,40125,29.8,50.6,80.4,0,23665247.58,605891789.15,0.016195705107986434,0.41465210584641155
48113013622,3113,66371,16.1,31.3,47.400000000000006,0,150101073.13,739683464.53,0.10272416160396604,0.5062146603066142
48113013621,4518,70376,30.7,24.6,55.3,0,148802797.93,739150677.8299999,0.10183566541489672,0.5058500388823299
48113014135,4546,121157,12.5,9.8,22.3,0,13009014.93,505055052.44,0.008902935362896077,0.3456428108332879
48113014134,4088,161042,3.7,9.8,13.5,0,49225648.419999994,472943222.48,0.033688389815685095,0.32366654683047696
48113016626,4559,65106,61.2,25.4,86.6,1,425119.37,242338968.07999998,0.0002909374993410897,0.16584869648751915
48113016621,6787,79337,52.7,39.1,91.8,1,34572568.39,328606325.97,0.023660311204322222,0.2248871952020789
48113016623,9135,100607,55.2,29.1,84.30000000000001,1,422119.37,219551109.14999998,0.0002888843995305041,0.15025344686990771
48113018142,4263,102563,12.6,32.1,44.7,0,7695046.92,157436780.36999995,0.0052662331246330985,0.10774447465228448
48113018141,3331,47414,31.5,32.9,64.4,0,7695046.92,111117727.35000001,0.0052662331246330985,0.07604526165832909
48113018137,4386,72788,18.5,24.4,42.9,0,7704187.93,201061252.45999998,0.005272488926599619,0.1375996064472431
48113018138,4740,66426,44.1,16.8,60.900000000000006,0,18978665.76,349046058.71,0.012988365025674466,0.2388754656743836
48113018140,6087,96985,27.8,30.0,57.8,0,7562025.96,131151246.95999998,0.005175198022039794,0.08975553343054703
48113019042,8518,88390,33.7,11.8,45.5,0,36796079.09,355240284.29999995,0.025182007669990576,0.2431145868029014
48113019050,3057,175221,6.5,16.6,23.1,0,36796079.09,252216539.07999998,0.025182007669990576,0.1726085762039011
48113019052,1316,94792,32.1,16.6,48.7,0,38726693.69,480538844.85,0.02650325582651517,0.3288647371135192
48113019053,1397,82159,37.7,12.2,49.900000000000006,0,85401401.57,564395371.89,0.05844586712903722,0.3862533437075826
48113019039,5635,90339,12.9,29.2,42.1,0,73581498.03,585876917.66,0.05035671988933254,0.40095459622474017
48113019213,3334,28814,25.0,59.8,84.8,0,157349217.58999997,701810445.27,0.10768454960994038,0.48029563075027726
48113013726,2599,87898,5.6,33.1,38.7,0,202645377.08999997,747154820.8700001,0.13868372843984209,0.5113278070687715
48113016624,3914,104469,76.1,16.7,92.8,1,425119.37,251876345.15000004,0.0002909374993410897,0.172375758839486
48113016622,4081,66250,58.1,20.1,78.2,1,34572568.39,225019328.39000002,0.023660311204322222,0.1539957134985359
48113010903,4418,37090,54.9,40.4,95.3,1,2218135.98,627524850.58,0.0015180181867970339,0.4294570506211848
48113001703,3758,117740,2.0,11.9,13.9,0,291786445.94,854379794.03,0.1996888989636197,0.5847089977637187
48113019212,2793,40036,8.9,87.8,96.7,0,162242299.83999997,702933807.37,0.11103321169015863,0.481064422255187
48113020300,2288,47372,76.8,11.8,88.6,0,225191385.64,850605770.14,0.15411346373433085,0.5821261818524839
48113020500,6363,32907,42.5,40.4,82.9,0,245833448.82999998,876189615.23,0.1682402024094925,0.5996349110219273
48113020600,2023,250001,0.0,7.6,7.6,0,118352379.85000001,691327583.23,0.08099641621746329,0.4731215100607043
48113020700,5574,90999,5.7,33.7,39.400000000000006,0,155518859.11,738356523.17,0.10643191339374317,0.5053065459549895
48113012301,4783,60317,18.2,61.7,79.9,0,19892177.05,729166096.9,0.013613541644496734,0.4990169251436101
48113012302,8885,44176,35.5,50.6,86.1,0,12870111.66,657425306.39,0.00880787460378717,0.44991992400782943
48113013626,2833,73971,29.6,32.5,62.1,0,203195710.19,734111668.22,0.13906035803429842,0.5024015089903867
48113011002,3666,65789,64.7,20.6,85.30000000000001,1,2625536.44,594042209.61,0.0017968294558831958,0.4065426493433806
48113011101,4552,67964,71.6,24.1,95.7,1,524323.62,572393137.0,0.0003588295749691852,0.39172674705173227
48113011103,3317,39186,36.6,57.4,94.0,1,521323.62,572240117.6499999,0.0003567764751585996,0.39162202571889854
48113011104,5353,42344,52.0,46.4,98.4,1,524323.62,535217459.22,0.0003588295749691852,0.36628495471556255
48113010101,4370,45051,38.2,57.0,95.2,0,280365826.12999994,878398126.95,0.19187300817405928,0.6011463426865966
48113010102,3425,58953,3.9,94.5,98.4,0,288138930.71999997,835009250.3000001,0.19719266136118965,0.5714524445427177
48113010500,3147,56904,14.5,80.3,94.8,0,235722312.68,839737436.1299999,0.16132047850470244,0.5746882570200464
48113010601,5765,65769,5.4,95.9,100.0,0,91617153.02,694079527.14,0.06269971983725127,0.47500484856749203
48113010602,3015,36910,28.7,63.2,91.9,0,37155347.56,725567634.05,0.025427879012559367,0.496554257345032
48113020100,2416,68030,7.4,68.1,75.5,0,129277249.60000001,727315943.0799999,0.08847303222226241,0.49775074165781136
48113020200,4262,36587,62.6,36.0,98.6,1,139578112.34,551056120.5899999,0.09552259866904982,0.37712440560178795
48113014128,4057,124202,4.4,4.7,9.1,0,60901473.16,734118896.5799999,0.04167893433639331,0.5024064558385689
48113016522,4633,77762,30.7,25.9,56.6,1,3238813.32,148644322.49,0.0022165356712713713,0.10172721011628123
48113017606,4787,58487,13.9,66.4,80.30000000000001,0,18406127.01,545534462.8800001,0.012596538625948494,0.37334556746894826
48113000606,2828,136250,5.5,10.6,16.1,0,289950131.22999996,804820575.66,0.1984321865025275,0.5507923238143129
48113016803,6094,53025,50.6,30.3,80.9,1,174105545.04,471404786.79,0.11915202051450882,0.3226136928225646
48113007812,2782,200750,1.7,10.2,11.9,0,77258464.75,691577820.66,0.05287311311478639,0.47329276420074906
48113009803,2180,93100,4.7,66.0,70.7,0,110922380.42,735167374.43,0.07591157274333525,0.5031239990636484
48113013717,2834,65848,2.5,72.5,75.0,0,144608661.24,702829894.02,0.09896533833362701,0.48099330742878615
48113006100,4703,56962,32.6,57.4,90.0,1,4348524.489999999,630144702.9399999,0.0029759849355819458,0.4312499900825441
48113017604,3485,54097,7.4,65.8,73.2,0,29477980.580000002,493247461.22,0.020173745448414656,0.3375620897342032
48113007809,3024,92727,10.6,26.0,36.6,0,26649540.760000005,708693381.59,0.018238055695516404,0.48500608250189886
48113019033,4629,69527,10.2,61.6,71.8,0,31310923.139999993,593267274.39,0.021428150122664743,0.4060123095589145
48113013618,3080,71797,7.3,18.6,25.9,0,160043997.14,733618644.62,0.10952876673783203,0.5020641001037953
48113009900,6347,83482,16.0,41.2,57.2,0,108683673.28,766750470.1700001,0.07437947634163837,0.5247384150241488
48113009804,6705,42756,2.8,85.1,87.89999999999999,0,110922380.42,735342694.52,0.07591157274333525,0.503243982278172
48113016516,5496,42500,23.8,44.2,68.0,1,500442.93,563803839.3399999,0.0003424864282639674,0.38584851858546243
48113018132,6193,86607,12.7,35.6,48.3,0,18978665.76,345995822.91999996,0.012988365025674466,0.23678798616682012
48113009103,3895,50927,35.7,59.7,95.4,1,51800227.57999998,604604224.29,0.03545034581092963,0.41377093945635063
48113001504,2605,71302,17.6,29.7,47.3,0,257925505.52999997,859500619.6600001,0.17651560218294593,0.5882135198073837
48113014308,4428,59583,14.7,63.4,78.1,0,103123359.57,754185584.64,0.07057418333337254,0.5161394269902577
48113006800,5480,62134,9.5,78.3,87.8,1,189325651.67,854425891.69,0.12956815319422402,0.5847405454627236
48113006900,3567,56616,11.4,64.5,75.9,1,234891704.06999996,857476127.48,0.16075203771141516,0.586828024970287
48113009701,4959,78365,3.7,65.7,69.4,0,106376381.27000001,723579568.45,0.07280044274540616,0.49519369164276816
48113014603,1875,52697,3.4,85.0,88.4,0,107359750.36999999,716044191.31,0.07347342771638805,0.49003673118315977
48113016618,4996,69066,61.8,21.4,83.19999999999999,1,905867.61,463163895.12999994,0.0006199455395022097,0.31697390178716367
48113016619,3389,41875,49.4,31.2,80.6,1,35040356.63,498398114.78,0.023980449853301614,0.3410870250170125
48113018130,3764,40109,59.9,15.9,75.8,0,13311634.31,669532641.8499999,0.009110037960148587,0.4582057800543701
48113019032,4628,67525,2.2,56.5,58.7,0,31312405.3,593267274.39,0.021429164463469836,0.4060123095589145
48113000100,4450,178472,5.5,10.5,16.0,0,212981262.55,776472348.9,0.14575726326656224,0.531391744150515
48113000201,3088,195000,4.1,6.1,10.2,0,239497932.73,848736522.17,0.16390438677453517,0.5808469309681022
48113000202,3829,147708,4.9,9.0,13.9,0,259004206.23000002,851033246.8299999,0.17725382891722882,0.5824187326229067
48113000300,4133,100409,2.6,10.8,13.4,0,251239281.85,851067089.0999999,0.1719397739926323,0.5824418931422823
48113000401,4666,58232,22.8,40.0,62.8,0,287721209.8,797239072.28,0.19690678711394646,0.5456037960965022
48113000405,1897,45300,51.3,15.8,67.1,0,287721209.8,797225896.01,0.19690678711394646,0.5455947786973552
48113001001,1656,150688,3.1,8.3,11.4,0,258991257.92000002,832420935.6499999,0.17724496752629268,0.569681088436834
48113001002,2049,128000,0.4,25.7,26.1,0,258990390.07999995,832423935.6499999,0.17724437360557943,0.5696831415366445
48113001102,2677,163813,0.6,7.2,7.8,0,267010281.30999997,832387093.3799999,0.1827329193273228,0.5696579279174583
48113001204,1770,62782,1.4,88.5,89.9,0,223602217.77999994,858686522.1999999,0.1530258903235459,0.5876563786937422
48113001301,2696,93398,4.9,33.1,38.0,0,224976710.68,859453321.7,0.15396654736109303,0.5881811506631447
48113001302,2824,72031,37.6,18.7,56.3,0,257926373.36999997,859500619.6600001,0.17651619610365915,0.5882135198073837
48113001400,2891,67500,13.1,38.2,51.3,0,259245356.92999995,859487163.97,0.1774188644027263,0.5882043111825203
48113001101,3866,156724,2.0,13.4,15.4,0,258991257.92000002,832420935.6499999,0.17724496752629268,0.569681088436834
48113001502,2621,49663,15.8,47.1,62.900000000000006,0,257925505.52999997,859500619.6600001,0.17651560218294593,0.5882135198073837
48113001503,1855,50662,22.8,21.1,43.900000000000006,0,257925505.52999997,853578621.3599999,0.17651560218294593,0.5841607019447108
48113012209,2208,115300,14.1,24.8,38.9,0,34828792.38,738322380.73,0.02383566234610105,0.5052831800092905
48113016620,5563,92950,55.0,26.8,81.8,1,34872936.54,467840463.73,0.02386587313494587,0.32017438915611396
48113016409,4205,112133,23.8,31.8,55.6,1,5291294.390000001,498301530.68999994,0.003621185169953881,0.3410209260913843
48113009303,3536,57092,10.8,88.9,99.7,1,44518391.34,562904887.14,0.03046690027590986,0.38523330572161396
48113016902,6723,45250,36.0,45.3,81.3,1,139570292.34,531198082.2799999,0.09551724692221022,0.36353422737083374
48113011601,3841,48358,36.6,55.3,91.9,1,140103079.04000002,552035896.24,0.09588186834649441,0.37779493133559844
48113019302,5906,214821,4.2,14.0,18.2,0,222799265.48999998,828589364.74,0.1524763765920432,0.5670588892669786
48113014601,2074,64488,6.0,63.7,69.7,0,107359750.36999999,717413808.0500001,0.07347342771638805,0.4909740511396495
48113004600,1743,82727,7.5,33.7,41.2,1,243415975.76,847404972.4999999,0.1665857645754549,0.5799356628430148
48113007102,4486,71068,29.9,23.8,53.7,0,258105243.23999998,665258813.96,0.17663860866906464,0.45528091497722545
48113007301,1928,250001,0.7,6.6,7.3,0,194180986.07,686178585.56,0.13289098190654727,0.46959770801371004
48113007302,4220,242870,4.3,7.2,11.5,0,190723186.4,689534713.32,0.1305245792907073,0.47189452976982915
48113003700,3456,78490,63.4,13.2,76.6,1,225191385.64,778928112.6500001,0.15411346373433085,0.5330723868471711
48113007810,4520,76250,10.0,17.3,27.3,0,75248830.4,690025257.79,0.051497786480342624,0.4722302420226427
48113007903,2265,144088,4.5,8.2,12.7,0,132484769.92,848569102.0799999,0.09066815200940956,0.5807323542497466
48113007906,2280,147738,1.5,6.6,8.1,0,72837328.59,688625926.98,0.04984743517723001,0.4712725867489902
48113016802,5663,86023,56.9,24.5,81.4,1,34559112.7,327613922.01000005,0.02365110257945879,0.22420802707464543
48113016704,4043,69079,54.4,23.2,77.6,1,174113445.04,523772007.44000006,0.11915742701067669,0.35845206975503435
48113018105,6039,71157,7.1,80.0,87.1,0,7571166.970000001,479460404.01,0.0051814538240063145,0.3281266882187419
48113018001,6816,51121,13.8,61.3,75.1,0,20943537.73,674433884.7900001,0.014333057782151782,0.4615600270382863
48113018110,5293,92432,6.2,15.4,21.6,0,18845644.799999997,503757388.34999996,0.012897329923081157,0.34475473286749364
48113018203,6090,80714,23.7,51.7,75.4,0,7571166.970000001,465303642.14000005,0.0051814538240063145,0.3184382731808078
48113018204,4953,60396,6.6,91.7,98.3,0,7571166.970000001,489515722.40999997,0.0051814538240063145,0.33500821231954786
48113018206,4263,60859,9.0,79.2,88.2,0,26611437.02,516512819.37,0.018211978768390865,0.35348412387119355
48113017703,5835,48135,29.8,53.7,83.5,0,20300253.68,555258688.37,0.013892815661749202,0.38000050263948504
48113008705,1657,36786,42.2,56.3,98.5,1,305234.49,556149055.42,0.00020889229120106396,0.3806098401133872
48113010701,6615,48225,12.4,82.5,94.9,1,56479062.760000005,836685572.3399999,0.038652384351536055,0.5725996633636524
48113013901,3674,69079,0.7,69.7,70.4,0,157001135.6,746412171.9199998,0.10744633392069464,0.5108195629292457
48113004202,1968,120208,7.7,33.4,41.1,1,270352464.81,854298381.0999999,0.18502019809758694,0.5846532814733312
48113004300,5481,74557,22.7,41.4,64.1,1,289761918.77,831573507.12,0.19830338018053556,0.5691011366520248
48113004400,3715,124440,6.2,19.5,25.7,1,289746387.59999996,857348616.89,0.19829275116647382,0.5867407609808948
48113004500,4954,63500,6.1,74.4,80.5,1,189333471.67,847532483.09,0.12957350494106362,0.5800229268324071
48113018120,5405,102031,30.5,25.6,56.1,0,5931139.3100000005,243762772.42,0.004059073664639267,0.16682310062777414
48113013615,5335,60929,24.6,55.8,80.4,0,151786152.98000002,741406452.5799999,0.10387737397758492,0.5073938157863129
48113013617,2736,153484,6.8,7.4,14.2,0,141896421.5,728144703.3199999,0.09710917203480811,0.49831791748839965
48113013619,4996,153654,0.9,16.1,17.0,0,141909389.32999998,735909647.22,0.09711804678458033,0.5036319857718323
48113018121,5081,66165,15.4,50.8,66.2,0,7571166.970000001,398303171.60999995,0.0051814538240063145,0.2725853887293781
48113018126,6641,95820,17.5,38.6,56.1,0,20943537.73,514542311.24,0.014333057782151782,0.3521355739150401
48113018127,2978,76655,19.5,52.5,72.0,0,20943537.73,542338446.1399999,0.014333057782151782,0.3711583203477739
48113013715,2206,100984,0.0,72.3,72.3,0,155518859.11,747188663.1399999,0.10643191339374317,0.5113509675881469
48113013716,5317,94667,8.8,41.4,50.2,0,71880764.31,701560384.18,0.049192794529869695,0.4801244972914393
48113013718,4295,63694,9.7,72.8,82.5,0,153380422.82,738093283.15,0.10496843901309369,0.5051263932765893
48113013719,4491,60227,11.8,17.6,29.4,0,66625550.389999986,660533332.5399998,0.045596301628623416,0.4520469533077827
48113013720,5130,74508,6.4,53.0,59.4,0,143695233.73999998,700748147.42,0.09834021905788244,0.4795686295787371
48113018128,5649,71646,29.3,44.2,73.5,0,19232764.77,496101409.0999999,0.013162261902108126,0.33951523635148617
48113018129,4104,51855,16.6,46.7,63.3,0,13311634.31,497937723.80999994,0.009110037960148587,0.3407719488125784
48113013721,5206,117951,13.2,23.2,36.4,0,148122986.26999998,708107953.0699999,0.10137042501810341,0.4846054347740577
48113013722,4593,63993,30.3,36.1,66.4,0,191747458.36,707602701.99,0.13122555681306203,0.484259657808509
48113013725,4233,55723,14.2,39.4,53.6,0,200520847.94,753408901.34,0.13722977164135922,0.5156078908782195
48113013804,2674,92361,2.8,43.8,46.6,0,199726776.02,745164519.3100001,0.13668633533851146,0.5099657111501567
48113013902,3705,90795,0.3,55.0,55.3,0,157005945.6,744620332.92,0.10744962572405761,0.5095932881587458
48113014001,4620,95772,4.7,45.0,49.7,0,157001135.6,744644908.8799999,0.10744633392069464,0.5096101071250194
48113019040,7981,81826,50.6,11.7,62.3,0,150718836.92999998,624930608.95,0.10314693851755491,0.4276816382881294
48113018506,3130,40246,78.0,5.7,83.7,0,30755780.039999995,585980310.03,0.021048228724845446,0.40102535450982785
48113010904,4006,48216,77.8,20.2,98.0,1,2231591.67,633990692.1,0.0015272268116604667,0.43388205662118096
48113014132,2906,78536,29.7,8.3,38.0,0,60901473.16,680254965.49,0.04167893433639331,0.4655437802658107
48113018501,4917,84009,2.0,79.2,81.2,0,30538345.39,608459662.39,0.02089942371193553,0.41640947253396215
48113014119,4231,130114,5.9,20.3,26.200000000000003,0,13009014.93,537871080.7099999,0.008902935362896077,0.36810100464172407
48113014120,5377,154643,1.7,13.8,15.5,0,72997060.58999999,532008773.21999997,0.049956750423544825,0.3640890371759529
48113014123,6106,183333,2.1,9.4,11.5,0,19907233.53,531207119.35,0.01362384579657543,0.3635404120397356
48113014126,7080,140735,1.5,25.6,27.1,0,40463097.730000004,576792648.09,0.027691592761723196,0.3947376255135817
48113014203,2978,93271,0.5,42.4,42.9,0,107359750.36999999,754185584.64,0.07347342771638805,0.5161394269902577
48113014204,2959,79583,8.9,35.5,44.4,0,111811458.12999998,780393793.53,0.07652002783600086,0.5340754498928734
48113014306,6221,74318,4.1,79.5,83.6,0,103919722.24,761651013.83,0.07111918734901734,0.5212485174089009
48113012601,6339,54651,13.0,69.0,82.0,0,20943537.73,596122428.87,0.014333057782151782,0.4079662819329414
48113012701,5634,60776,6.5,64.2,70.7,0,22289776.08,742489577.81,0.015254378349281136,0.508135070521164
48113012702,3054,60855,10.2,65.8,76.0,0,22289776.08,742637816.81,0.015254378349281136,0.5082365203421045
48113012900,4507,144375,2.0,21.7,23.7,0,13681008.169999998,745792033.96,0.00936282509414901,0.5103951612198415
48113014310,4650,69806,38.8,27.0,65.8,0,104831521.74000001,761963202.42,0.07174319247593137,0.5214621688538994
48113014405,3346,49262,8.1,65.4,73.5,0,103953564.50999999,725437380.34,0.07114234786839294,0.49646511605592236
48113014406,5055,70270,0.5,82.9,83.4,0,103953564.50999999,724611195.36,0.07114234786839294,0.4958997026472735
48113014407,5330,45573,17.9,63.8,81.69999999999999,0,103953564.50999999,720808959.5699999,0.07114234786839294,0.4932975794538565
48113014408,4052,65357,17.7,49.1,66.8,0,103953564.50999999,719462721.22,0.07114234786839294,0.4923762588867272
48113014309,6480,50851,25.5,59.0,84.5,0,104831521.74000001,761955382.4200001,0.07174319247593137,0.5214568171070599
48113013620,6736,84672,33.3,15.2,48.5,0,148807607.93,739150677.8299999,0.1018389572182597,0.5058500388823299
48113006402,4830,52782,0.0,97.4,97.4,1,31961439.299999997,713516390.8900001,0.02187334165762437,0.4883067889953265
48113010804,5281,37841,25.6,72.6,98.2,1,32128859.39,705237816.15,0.021987918375980114,0.48264120891845547
48113010805,5241,52143,25.9,66.9,92.8,1,32128859.39,697472891.77,0.021987918375980114,0.477327153993859
48113006401,2854,69620,0.0,87.8,87.8,1,71555261.24,726166340.22,0.04897003109941568,0.4969639918531066
48113013104,1903,150208,12.6,8.6,21.2,0,64465235.19000001,691585720.66,0.04411785405264837,0.47329817069691693
48113019041,2540,98889,27.4,9.6,37.0,0,77990940.00000001,587714860.37,0.05337439471379762,0.4022124228346629
48113007823,3163,75386,35.4,26.3,61.7,0,64465235.19000001,691577820.66,0.04411785405264837,0.47329276420074906
48113007822,1933,83288,30.2,19.3,49.5,0,59210889.110000014,691585720.66,0.04052195507211531,0.47329817069691693
48113007821,3291,44592,30.5,41.8,72.3,0,59210889.110000014,691585720.66,0.04052195507211531,0.47329817069691693
48113013011,4681,51406,34.0,52.1,86.1,0,28898317.73,608294158.9,0.019777043552568485,0.41629620747263874
48113007827,2484,54681,40.4,31.2,71.6,0,77231874.58000001,626799843.7700001,0.05285491569045626,0.4289608801730901
48113013005,4690,134519,3.9,6.4,10.3,0,31436505.009999998,608302058.9,0.02151409416050141,0.4163016139688066
48113013007,3126,89537,14.9,29.1,44.0,0,10750742.090000002,605891789.15,0.007357448849544543,0.41465210584641155
48113013008,3095,127841,13.1,17.0,30.1,0,33870642.510000005,626962368.95,0.023179936573897848,0.4290721069785145
48113013009,4759,100345,31.3,6.9,38.2,0,31332455.229999997,586900270.22,0.021442885965964917,0.40165494454043965
48113013101,2889,233068,0.2,7.0,7.2,0,149545310.42,697207566.5699999,0.10234381616575552,0.4771455742879044
48113007826,1565,66676,17.8,24.7,42.5,0,15740516.030000001,691584092.66,0.01077228349323753,0.4732970565480864
48113007824,1939,202188,0.9,15.6,16.5,0,59110889.110000014,691584092.66,0.04045351841176246,0.4732970565480864
48113007825,5059,77539,17.1,26.8,43.900000000000006,0,77231874.58000001,626962368.95,0.05285491569045626,0.4290721069785145
48113013102,2019,163214,1.0,5.6,6.6,0,150418229.45999998,691585720.66,0.1029412128043157,0.47329817069691693
48113014501,4120,108229,2.2,67.1,69.3,0,103919722.24,726812851.84,0.07111918734901734,0.4974064428146277
48113014502,5081,73374,1.1,76.9,78.0,0,103123359.57,716043323.47,0.07057418333337254,0.4900361372624466
48113014602,4526,59849,2.9,83.8,86.7,0,135147985.26999998,717923293.65,0.0924907676529541,0.4913227260692681
48113014701,4863,52386,4.1,78.3,82.39999999999999,0,139599693.03,736702045.66,0.09553736777256693,0.5041742768008564
48113007910,3225,61704,8.4,26.7,35.1,0,72837328.59,686215657.23,0.04984743517723001,0.46962307862659514
48113007909,2166,72631,10.0,10.1,20.1,0,166932103.85999998,686528985.38,0.1142427569385405,0.46983750994840046
48113013806,4089,78200,21.3,19.5,40.8,0,207092274.85,762188449.51,0.14172703675609194,0.5216163204398374
48113013727,4133,89831,26.3,22.9,49.2,0,193859019.68,745643957.44,0.13267063886177263,0.5102938225947868
48113014205,1804,172350,3.0,7.9,10.9,0,112723257.63,779751717.16,0.07714403296291489,0.5336360342683305
48113016412,5154,131250,27.3,39.0,66.3,1,2994569.73,463943456.80999994,0.002049383515149456,0.3175074077663463
48113013300,1855,250001,3.7,8.8,12.5,0,148031845.67000002,697074545.6099999,0.10130805143523788,0.4770545391853111
48113013400,1788,250001,0.4,8.9,9.3,0,148031845.67000002,691982752.25,0.10130805143523788,0.4735698858576588
48113013500,2600,250001,0.0,3.1,3.1,0,199751011.23,757950193.2,0.13670292110686494,0.5187157993640794
48113013605,5060,178558,2.0,8.8,10.8,0,160056964.97,741831645.52,0.10953764148760428,0.5076848036345051
48113013606,5559,86871,2.3,24.2,26.5,0,134434274.95,745605462.8299999,0.09200232814535243,0.5102674781692869
48113013608,2563,144681,11.9,5.8,17.7,0,144583136.02999997,745605462.8299999,0.09894786973235495,0.5102674781692869
48113015202,3464,61948,3.8,87.0,90.8,0,103953564.50999999,725437380.34,0.07114234786839294,0.49646511605592236
48113015205,3522,51746,4.5,75.9,80.4,0,106250289.17,706076742.6099999,0.07271414952319737,0.48321534217049583
48113015206,4396,73231,4.7,67.7,72.4,0,106250289.17,703026506.82,0.07271414952319737,0.48112786266293245
48113015303,1804,60466,0.0,88.6,88.6,0,106263465.44000001,590739738.65,0.07272316692234446,0.40428254850923373
48113015305,4125,76289,4.6,56.1,60.7,0,106250289.17,721560959.5699999,0.07271414952319737,0.49381222313970996
48113009101,5503,61011,21.0,67.4,88.4,0,52054326.58999999,610411581.31,0.03562424268736329,0.4177453006556056
48113009401,3251,100806,6.1,47.9,54.0,0,121799967.69999999,719244822.05,0.08335583020473401,0.4922271359718426
48113009402,2420,210795,1.6,10.7,12.3,0,121826557.86999999,719231645.78,0.08337402762906417,0.4922181185726955
48113009500,2215,202857,3.0,12.0,15.0,0,225162887.79,758086844.8,0.1540939607575185,0.518809319155438
48113012603,1947,102155,3.1,70.7,73.8,0,20943537.73,728354706.83,0.014333057782151782,0.4984616368772675
48113014138,4190,110857,8.0,11.4,19.4,0,168783474.37,769052180.25,0.1155097730863421,0.5263136285339056
48113014130,4217,118869,9.7,16.6,26.3,0,125685722.05,760522968.82,0.08601511071138974,0.5204765210767798
48113007912,2314,80982,12.4,6.0,18.4,0,72061494.15,688625926.98,0.04931647999662675,0.4712725867489902
48113013805,3991,61829,27.2,30.6,57.8,0,205719568.11,748877808.9200001,0.14078760210679742,0.5125069625484702
48113016521,7597,55483,36.1,26.8,62.900000000000006,1,5037124.93,630570757.56,0.003447240079892999,0.4315415676357512
48113018505,3928,40038,59.9,28.2,88.1,0,74948363.06,594186893.89,0.05129215666739557,0.40664166643266814
48113980000,0,-666666666,,,0.0,0,130054474.36999999,737277220.8199999,0.08900493889828553,0.5045679074715396
48113007913,2806,76095,11.8,9.5,21.3,0,166932103.85999998,826091377.7199999,0.1142427569385405,0.5653493503744428
48113018133,3626,89961,21.5,23.9,45.4,0,7571166.970000001,139820432.16999996,0.0051814538240063145,0.0956884342680745
48113020000,5815,205764,3.1,12.5,15.6,0,13009014.93,474923549.21999997,0.008902935362896077,0.32502181631540744
48113018135,5281,97336,14.9,17.6,32.5,0,7562025.96,102095750.49,0.005175198022039794,0.06987092199753785
48113019018,4869,68903,34.4,16.6,51.0,0,74940704.21,594179073.89,0.05128691520623413,0.4066363146858285
48113015700,2509,65160,0.9,88.6,89.5,0,5624974.080000001,560968705.88,0.0038495444060656354,0.38390824792889217
48113016001,3525,49646,2.3,79.9,82.2,1,2738553.1300000004,573217757.27,0.0018741743041605333,0.39229108962511294
48113016002,3739,37500,1.0,68.4,69.4,1,2738553.1300000004,576065552.9,0.0018741743041605333,0.3942400258479594
48113016100,3711,31836,33.7,53.8,87.5,1,50056707.55,502782362.11999995,0.03425713892981457,0.3440874574781173
48113016201,4342,84779,12.7,69.1,81.8,1,5565702.770000001,501580767.46000004,0.0038089811009542488,0.34326512622183514
48113016301,6777,71719,6.9,73.6,80.5,1,6880704.620000001,511668985.8499999,0.004708924450672486,0.35016916597705344
48113016410,4980,94286,29.9,31.2,61.1,1,3235135.8400000003,264710378.02999997,0.0022140189267742276,0.18115894233114507
48113016302,1757,46503,7.5,76.9,84.4,1,5157716.570000001,474878684.66,0.003529768970973736,0.3249911125088615
48113016511,4797,74818,52.2,23.1,75.30000000000001,1,892411.9199999999,463762768.71,0.0006107369146387769,0.3173837508650513
48113016615,4475,73833,64.4,21.5,85.9,1,425119.37,251876345.15000004,0.0002909374993410897,0.172375758839486
48113016616,6261,89059,50.9,34.2,85.1,1,408663.68,84244364.11,0.0002796757746670713,0.05765402933238174
48113018111,7181,63202,28.6,44.5,73.1,0,19100611.65,508316785.73,0.013071820720228028,0.34787503216658117
