GEOID,total_applications,total_denials,denial_rate,black_applications,black_denials,black_denial_rate,white_applications,white_denials,white_denial_rate,disparity_ratio_bw
48113000100,142.0,6.0,0.04225352112676056,2.0,0.0,,109.0,6.0,0.05504587155963303,
48113000201,127.0,4.0,0.031496062992125984,7.0,1.0,,104.0,3.0,0.028846153846153848,
48113000202,185.0,10.0,0.05405405405405406,4.0,0.0,,126.0,6.0,0.047619047619047616,
48113000300,229.0,15.0,0.06550218340611354,2.0,0.0,,169.0,8.0,0.047337278106508875,
48113000401,67.0,10.0,0.14925373134328357,2.0,0.0,,45.0,6.0,0.13333333333333333,
48113000405,45.0,5.0,0.1111111111111111,8.0,2.0,,19.0,0.0,0.0,
48113000407,42.0,3.0,0.07142857142857142,4.0,0.0,,24.0,1.0,0.041666666666666664,
48113000408,109.0,7.0,0.06422018348623854,12.0,1.0,0.08333333333333333,62.0,5.0,0.08064516129032258,1.0333333333333332
48113000409,12.0,2.0,0.16666666666666666,5.0,2.0,,3.0,0.0,,
48113000410,102.0,16.0,0.1568627450980392,19.0,2.0,0.10526315789473684,40.0,5.0,0.125,0.8421052631578947
48113000501,39.0,4.0,0.10256410256410256,1.0,0.0,,32.0,3.0,0.09375,
48113000502,50.0,4.0,0.08,0.0,0.0,,37.0,2.0,0.05405405405405406,
48113000503,62.0,6.0,0.0967741935483871,4.0,1.0,,38.0,2.0,0.05263157894736842,
48113000605,145.0,8.0,0.05517241379310345,0.0,0.0,,92.0,5.0,0.05434782608695652,
48113000606,169.0,24.0,0.14201183431952663,6.0,1.0,,111.0,14.0,0.12612612612612611,
48113000607,93.0,6.0,0.06451612903225806,1.0,0.0,,63.0,4.0,0.06349206349206349,
48113000608,149.0,12.0,0.08053691275167785,5.0,1.0,,93.0,7.0,0.07526881720430108,
48113000609,90.0,9.0,0.1,4.0,2.0,,61.0,6.0,0.09836065573770492,
48113000610,4.0,0.0,0.0,0.0,0.0,,2.0,0.0,,
48113000611,65.0,9.0,0.13846153846153847,4.0,0.0,,33.0,3.0,0.09090909090909091,
48113000703,121.0,9.0,0.0743801652892562,3.0,0.0,,93.0,6.0,0.06451612903225806,
48113000704,13.0,2.0,0.15384615384615385,2.0,1.0,,6.0,1.0,,
48113000705,69.0,6.0,0.08695652173913043,3.0,1.0,,49.0,3.0,0.061224489795918366,
48113000706,15.0,0.0,0.0,0.0,0.0,,8.0,0.0,,
48113000801,193.0,26.0,0.13471502590673576,13.0,3.0,0.23076923076923078,103.0,13.0,0.1262135922330097,1.8284023668639053
48113000802,49.0,6.0,0.12244897959183673,0.0,0.0,,24.0,1.0,0.041666666666666664,
48113000901,32.0,3.0,0.09375,1.0,0.0,,21.0,2.0,0.09523809523809523,
48113000902,69.0,9.0,0.13043478260869565,3.0,1.0,,54.0,6.0,0.1111111111111111,
48113001001,84.0,5.0,0.05952380952380952,0.0,0.0,,65.0,4.0,0.06153846153846154,
48113001002,81.0,6.0,0.07407407407407407,1.0,0.0,,56.0,4.0,0.07142857142857142,
48113001101,176.0,7.0,0.03977272727272727,4.0,1.0,,130.0,3.0,0.023076923076923078,
48113001102,110.0,7.0,0.06363636363636363,0.0,0.0,,89.0,6.0,0.06741573033707865,
48113001202,52.0,1.0,0.019230769230769232,0.0,0.0,,40.0,1.0,0.025,
48113001203,50.0,6.0,0.12,2.0,0.0,,35.0,5.0,0.14285714285714285,
48113001204,45.0,10.0,0.2222222222222222,5.0,0.0,,26.0,6.0,0.23076923076923078,
48113001301,63.0,6.0,0.09523809523809523,0.0,0.0,,50.0,4.0,0.08,
48113001302,54.0,2.0,0.037037037037037035,2.0,0.0,,34.0,1.0,0.029411764705882353,
48113001400,62.0,4.0,0.06451612903225806,2.0,1.0,,43.0,1.0,0.023255813953488372,
48113001502,46.0,13.0,0.2826086956521739,4.0,0.0,,25.0,6.0,0.24,
48113001503,34.0,3.0,0.08823529411764706,1.0,0.0,,11.0,0.0,0.0,
48113001504,44.0,2.0,0.045454545454545456,3.0,0.0,,24.0,2.0,0.08333333333333333,
48113001601,35.0,6.0,0.17142857142857143,4.0,0.0,,22.0,5.0,0.22727272727272727,
48113001602,109.0,7.0,0.06422018348623854,8.0,1.0,,68.0,5.0,0.07352941176470588,
48113001703,84.0,5.0,0.05952380952380952,2.0,0.0,,57.0,2.0,0.03508771929824561,
48113001705,50.0,4.0,0.08,1.0,0.0,,36.0,3.0,0.08333333333333333,
48113001801,37.0,4.0,0.10810810810810811,0.0,0.0,,22.0,2.0,0.09090909090909091,
48113001901,57.0,9.0,0.15789473684210525,1.0,0.0,,33.0,6.0,0.18181818181818182,
48113001902,56.0,14.0,0.25,3.0,2.0,,24.0,3.0,0.125,
48113002001,39.0,4.0,0.10256410256410256,4.0,0.0,,18.0,2.0,0.1111111111111111,
48113002002,36.0,3.0,0.08333333333333333,4.0,1.0,,16.0,1.0,0.0625,
48113002100,12.0,4.0,0.3333333333333333,1.0,0.0,,7.0,3.0,,
48113002200,68.0,6.0,0.08823529411764706,7.0,2.0,,35.0,1.0,0.02857142857142857,
48113002400,35.0,6.0,0.17142857142857143,1.0,1.0,,11.0,1.0,0.09090909090909091,
48113002500,31.0,6.0,0.1935483870967742,3.0,0.0,,16.0,3.0,0.1875,
48113002703,96.0,7.0,0.07291666666666667,27.0,2.0,0.07407407407407407,32.0,0.0,0.0,
48113003102,104.0,9.0,0.08653846153846154,18.0,1.0,0.05555555555555555,54.0,4.0,0.07407407407407407,0.75
48113003103,17.0,3.0,0.17647058823529413,2.0,1.0,,5.0,2.0,,
48113003700,70.0,16.0,0.22857142857142856,25.0,5.0,0.2,20.0,5.0,0.25,0.8
48113004201,131.0,17.0,0.1297709923664122,11.0,2.0,0.18181818181818182,76.0,7.0,0.09210526315789473,1.9740259740259742
48113004202,117.0,13.0,0.1111111111111111,6.0,0.0,,76.0,4.0,0.05263157894736842,
48113004300,162.0,11.0,0.06790123456790123,37.0,4.0,0.10810810810810811,77.0,2.0,0.025974025974025976,4.162162162162162
48113004400,93.0,4.0,0.043010752688172046,1.0,0.0,,74.0,3.0,0.04054054054054054,
48113004500,88.0,4.0,0.045454545454545456,4.0,0.0,,63.0,4.0,0.06349206349206349,
48113004600,64.0,6.0,0.09375,3.0,0.0,,45.0,4.0,0.08888888888888889,
48113004700,44.0,5.0,0.11363636363636363,2.0,0.0,,25.0,4.0,0.16,
48113004800,14.0,2.0,0.14285714285714285,1.0,0.0,,5.0,1.0,,
48113005000,25.0,7.0,0.28,1.0,0.0,,10.0,2.0,0.2,
48113005100,23.0,2.0,0.08695652173913043,2.0,1.0,,11.0,0.0,0.0,
48113005200,61.0,5.0,0.08196721311475409,4.0,1.0,,42.0,3.0,0.07142857142857142,
48113005300,83.0,6.0,0.07228915662650602,7.0,1.0,,51.0,3.0,0.058823529411764705,
48113005400,60.0,7.0,0.11666666666666667,4.0,0.0,,29.0,3.0,0.10344827586206896,
48113005500,53.0,6.0,0.11320754716981132,9.0,2.0,,23.0,3.0,0.13043478260869565,
48113005600,43.0,9.0,0.20930232558139536,5.0,0.0,,26.0,6.0,0.23076923076923078,
48113005700,72.0,10.0,0.1388888888888889,7.0,1.0,,40.0,6.0,0.15,
48113005901,65.0,13.0,0.2,15.0,6.0,0.4,27.0,4.0,0.14814814814814814,2.7
48113005902,38.0,4.0,0.10526315789473684,5.0,2.0,,18.0,1.0,0.05555555555555555,
48113006001,28.0,12.0,0.42857142857142855,1.0,1.0,,12.0,2.0,0.16666666666666666,
48113006002,9.0,0.0,0.0,2.0,0.0,,1.0,0.0,,
48113006100,42.0,7.0,0.16666666666666666,6.0,1.0,,22.0,2.0,0.09090909090909091,
48113006200,52.0,4.0,0.07692307692307693,2.0,0.0,,37.0,2.0,0.05405405405405406,
48113006301,44.0,5.0,0.11363636363636363,0.0,0.0,,30.0,3.0,0.1,
48113006302,81.0,3.0,0.037037037037037035,7.0,0.0,,52.0,2.0,0.038461538461538464,
48113006401,26.0,5.0,0.19230769230769232,0.0,0.0,,21.0,4.0,0.19047619047619047,
48113006402,18.0,4.0,0.2222222222222222,1.0,0.0,,12.0,2.0,0.16666666666666666,
48113006501,35.0,4.0,0.11428571428571428,1.0,0.0,,23.0,3.0,0.13043478260869565,
48113006502,20.0,4.0,0.2,0.0,0.0,,14.0,3.0,0.21428571428571427,
48113006701,11.0,2.0,0.18181818181818182,1.0,0.0,,6.0,2.0,,
48113006702,32.0,6.0,0.1875,4.0,1.0,,17.0,2.0,0.11764705882352941,
48113006800,47.0,7.0,0.14893617021276595,4.0,3.0,,31.0,1.0,0.03225806451612903,
48113006900,29.0,1.0,0.034482758620689655,3.0,0.0,,15.0,0.0,0.0,
48113007101,40.0,5.0,0.125,0.0,0.0,,29.0,5.0,0.1724137931034483,
48113007102,197.0,22.0,0.1116751269035533,11.0,2.0,0.18181818181818182,122.0,12.0,0.09836065573770492,1.8484848484848486
48113007203,2.0,0.0,0.0,0.0,0.0,,0.0,0.0,,
48113007204,5.0,0.0,0.0,0.0,0.0,,2.0,0.0,,
48113007205,1.0,0.0,0.0,0.0,0.0,,1.0,0.0,,
48113007206,1.0,0.0,0.0,0.0,0.0,,0.0,0.0,,
48113007301,70.0,1.0,0.014285714285714285,0.0,0.0,,46.0,1.0,0.021739130434782608,
48113007302,152.0,18.0,0.11842105263157894,2.0,0.0,,102.0,10.0,0.09803921568627451,
48113007601,63.0,6.0,0.09523809523809523,2.0,1.0,,35.0,3.0,0.08571428571428572,
48113007604,104.0,8.0,0.07692307692307693,5.0,1.0,,67.0,4.0,0.05970149253731343,
48113007605,75.0,8.0,0.10666666666666667,3.0,0.0,,48.0,4.0,0.08333333333333333,
48113007701,47.0,2.0,0.0425531914893617,0.0,0.0,,31.0,1.0,0.03225806451612903,
48113007702,126.0,12.0,0.09523809523809523,0.0,0.0,,90.0,6.0,0.06666666666666667,
48113007801,46.0,3.0,0.06521739130434782,0.0,0.0,,30.0,2.0,0.06666666666666667,
48113007805,101.0,13.0,0.12871287128712872,5.0,0.0,,63.0,9.0,0.14285714285714285,
48113007809,86.0,6.0,0.06976744186046512,5.0,0.0,,52.0,3.0,0.057692307692307696,
48113007810,98.0,8.0,0.08163265306122448,11.0,1.0,0.09090909090909091,67.0,6.0,0.08955223880597014,1.0151515151515151
48113007812,103.0,7.0,0.06796116504854369,2.0,0.0,,84.0,5.0,0.05952380952380952,
48113007815,92.0,16.0,0.17391304347826086,15.0,8.0,0.5333333333333333,49.0,1.0,0.02040816326530612,26.133333333333336
48113007819,14.0,8.0,0.5714285714285714,0.0,0.0,,9.0,6.0,,
48113007821,44.0,6.0,0.13636363636363635,1.0,0.0,,21.0,1.0,0.047619047619047616,
48113007822,3.0,1.0,0.3333333333333333,1.0,0.0,,2.0,1.0,,
48113007823,101.0,7.0,0.06930693069306931,6.0,1.0,,47.0,2.0,0.0425531914893617,
48113007824,73.0,4.0,0.0547945205479452,0.0,0.0,,57.0,3.0,0.05263157894736842,
48113007825,129.0,15.0,0.11627906976744186,11.0,6.0,0.5454545454545454,90.0,5.0,0.05555555555555555,9.818181818181818
48113007826,34.0,1.0,0.029411764705882353,4.0,0.0,,19.0,0.0,0.0,
48113007827,70.0,23.0,0.32857142857142857,7.0,4.0,,38.0,11.0,0.2894736842105263,
48113007829,39.0,3.0,0.07692307692307693,1.0,0.0,,23.0,1.0,0.043478260869565216,
48113007830,3.0,0.0,0.0,1.0,0.0,,2.0,0.0,,
48113007832,17.0,4.0,0.23529411764705882,5.0,1.0,,2.0,1.0,,
48113007833,37.0,11.0,0.2972972972972973,9.0,5.0,,18.0,4.0,0.2222222222222222,
48113007834,16.0,5.0,0.3125,1.0,1.0,,3.0,2.0,,
48113007835,61.0,4.0,0.06557377049180328,8.0,0.0,,38.0,3.0,0.07894736842105263,
48113007902,218.0,10.0,0.045871559633027525,1.0,0.0,,169.0,7.0,0.04142011834319527,
48113007903,77.0,4.0,0.05194805194805195,0.0,0.0,,62.0,4.0,0.06451612903225806,
48113007906,73.0,6.0,0.0821917808219178,1.0,1.0,,50.0,2.0,0.04,
48113007913,94.0,3.0,0.031914893617021274,5.0,1.0,,66.0,1.0,0.015151515151515152,
48113007914,74.0,5.0,0.06756756756756757,3.0,0.0,,48.0,1.0,0.020833333333333332,
48113008000,319.0,26.0,0.08150470219435736,2.0,0.0,,235.0,19.0,0.08085106382978724,
48113008101,10.0,1.0,0.1,0.0,0.0,,5.0,0.0,,
48113008102,159.0,12.0,0.07547169811320754,1.0,1.0,,120.0,9.0,0.075,
48113008200,116.0,11.0,0.09482758620689655,2.0,1.0,,83.0,7.0,0.08433734939759036,
48113008401,33.0,4.0,0.12121212121212122,0.0,0.0,,28.0,4.0,0.14285714285714285,
48113008402,17.0,2.0,0.11764705882352941,1.0,0.0,,13.0,1.0,0.07692307692307693,
48113008500,31.0,11.0,0.3548387096774194,9.0,4.0,,17.0,6.0,0.35294117647058826,
48113008604,12.0,1.0,0.08333333333333333,3.0,1.0,,6.0,0.0,,
48113008701,22.0,2.0,0.09090909090909091,1.0,0.0,,14.0,2.0,0.14285714285714285,
48113008703,46.0,4.0,0.08695652173913043,11.0,2.0,0.18181818181818182,19.0,0.0,0.0,
48113008704,46.0,11.0,0.2391304347826087,4.0,2.0,,25.0,6.0,0.24,
48113008705,14.0,2.0,0.14285714285714285,4.0,0.0,,4.0,0.0,,
48113008801,35.0,7.0,0.2,12.0,3.0,0.25,14.0,2.0,0.14285714285714285,1.75
48113008802,64.0,12.0,0.1875,11.0,5.0,0.45454545454545453,31.0,3.0,0.0967741935483871,4.696969696969697
48113009001,22.0,4.0,0.18181818181818182,1.0,1.0,,14.0,2.0,0.14285714285714285,
48113009002,40.0,3.0,0.075,4.0,1.0,,26.0,1.0,0.038461538461538464,
48113009101,37.0,4.0,0.10810810810810811,2.0,0.0,,23.0,1.0,0.043478260869565216,
48113009103,20.0,3.0,0.15,2.0,0.0,,15.0,3.0,0.2,
48113009104,21.0,1.0,0.047619047619047616,2.0,0.0,,16.0,1.0,0.0625,
48113009105,29.0,5.0,0.1724137931034483,0.0,0.0,,18.0,3.0,0.16666666666666666,
48113009202,56.0,19.0,0.3392857142857143,0.0,0.0,,41.0,16.0,0.3902439024390244,
48113009203,23.0,5.0,0.21739130434782608,0.0,0.0,,17.0,2.0,0.11764705882352941,
48113009204,20.0,4.0,0.2,1.0,0.0,,12.0,4.0,0.3333333333333333,
48113009301,19.0,4.0,0.21052631578947367,0.0,0.0,,15.0,2.0,0.13333333333333333,
48113009303,45.0,2.0,0.044444444444444446,1.0,0.0,,26.0,2.0,0.07692307692307693,
48113009304,17.0,2.0,0.11764705882352941,6.0,0.0,,7.0,2.0,,
48113009401,175.0,18.0,0.10285714285714286,4.0,0.0,,80.0,4.0,0.05,
48113009402,126.0,7.0,0.05555555555555555,2.0,0.0,,94.0,6.0,0.06382978723404255,
48113009500,82.0,8.0,0.0975609756097561,3.0,0.0,,47.0,2.0,0.0425531914893617,
48113009603,122.0,6.0,0.04918032786885246,2.0,1.0,,76.0,3.0,0.039473684210526314,
48113009604,86.0,4.0,0.046511627906976744,3.0,1.0,,58.0,3.0,0.05172413793103448,
48113009605,29.0,3.0,0.10344827586206896,0.0,0.0,,19.0,1.0,0.05263157894736842,
48113009607,121.0,8.0,0.06611570247933884,0.0,0.0,,85.0,2.0,0.023529411764705882,
48113009608,98.0,7.0,0.07142857142857142,1.0,1.0,,67.0,5.0,0.07462686567164178,
48113009609,121.0,7.0,0.05785123966942149,0.0,0.0,,93.0,4.0,0.043010752688172046,
48113009610,5.0,2.0,0.4,0.0,0.0,,1.0,1.0,,
48113009611,78.0,15.0,0.19230769230769232,5.0,4.0,,46.0,8.0,0.17391304347826086,
48113009701,82.0,2.0,0.024390243902439025,6.0,0.0,,59.0,0.0,0.0,
48113009702,148.0,15.0,0.10135135135135136,1.0,0.0,,111.0,9.0,0.08108108108108109,
48113009802,34.0,8.0,0.23529411764705882,0.0,0.0,,12.0,1.0,0.08333333333333333,
48113009803,50.0,7.0,0.14,4.0,1.0,,30.0,2.0,0.06666666666666667,
48113009804,25.0,5.0,0.2,4.0,1.0,,14.0,3.0,0.21428571428571427,
48113009900,2.0,0.0,0.0,0.0,0.0,,0.0,0.0,,
48113010001,14.0,3.0,0.21428571428571427,2.0,1.0,,4.0,0.0,,
48113010003,4.0,2.0,0.5,1.0,0.0,,1.0,1.0,,
48113010101,107.0,13.0,0.12149532710280374,18.0,0.0,0.0,42.0,6.0,0.14285714285714285,0.0
48113010102,64.0,9.0,0.140625,8.0,3.0,,35.0,4.0,0.11428571428571428,
48113010500,56.0,7.0,0.125,13.0,5.0,0.38461538461538464,30.0,2.0,0.06666666666666667,5.76923076923077
48113010601,45.0,7.0,0.15555555555555556,4.0,1.0,,24.0,2.0,0.08333333333333333,
48113010602,16.0,3.0,0.1875,0.0,0.0,,10.0,2.0,0.2,
48113010701,12.0,3.0,0.25,0.0,0.0,,9.0,1.0,,
48113010704,25.0,2.0,0.08,1.0,0.0,,18.0,2.0,0.1111111111111111,
48113010804,9.0,0.0,0.0,0.0,0.0,,7.0,0.0,,
48113010805,25.0,2.0,0.08,1.0,0.0,,16.0,1.0,0.0625,
48113010806,66.0,6.0,0.09090909090909091,3.0,0.0,,43.0,4.0,0.09302325581395349,
48113010807,32.0,3.0,0.09375,6.0,1.0,,20.0,2.0,0.1,
48113010808,10.0,0.0,0.0,2.0,0.0,,4.0,0.0,,
48113010809,19.0,2.0,0.10526315789473684,0.0,0.0,,16.0,1.0,0.0625,
48113010903,2.0,0.0,0.0,0.0,0.0,,2.0,0.0,,
48113010904,16.0,8.0,0.5,8.0,6.0,,3.0,0.0,,
48113010906,26.0,3.0,0.11538461538461539,9.0,1.0,,11.0,1.0,0.09090909090909091,
48113011002,63.0,8.0,0.12698412698412698,9.0,1.0,,32.0,3.0,0.09375,
48113011003,49.0,5.0,0.10204081632653061,12.0,3.0,0.25,20.0,1.0,0.05,5.0
48113011004,17.0,2.0,0.11764705882352941,1.0,1.0,,12.0,1.0,0.08333333333333333,
48113011101,55.0,8.0,0.14545454545454545,16.0,3.0,0.1875,23.0,2.0,0.08695652173913043,2.15625
48113011103,36.0,14.0,0.3888888888888889,6.0,2.0,,18.0,4.0,0.2222222222222222,
48113011104,29.0,4.0,0.13793103448275862,5.0,2.0,,14.0,0.0,0.0,
48113011105,17.0,0.0,0.0,0.0,0.0,,10.0,0.0,0.0,
48113011201,49.0,9.0,0.1836734693877551,10.0,1.0,0.1,21.0,4.0,0.19047619047619047,0.525
48113011202,36.0,8.0,0.2222222222222222,12.0,4.0,0.3333333333333333,12.0,2.0,0.16666666666666666,2.0
48113011300,68.0,11.0,0.16176470588235295,8.0,3.0,,37.0,4.0,0.10810810810810811,
48113011401,80.0,8.0,0.1,17.0,1.0,0.058823529411764705,24.0,0.0,0.0,
48113011500,35.0,6.0,0.17142857142857143,5.0,1.0,,18.0,3.0,0.16666666666666666,
48113011601,23.0,6.0,0.2608695652173913,6.0,2.0,,11.0,2.0,0.18181818181818182,
48113011603,28.0,7.0,0.25,0.0,0.0,,19.0,5.0,0.2631578947368421,
48113011604,29.0,4.0,0.13793103448275862,0.0,0.0,,20.0,3.0,0.15,
48113011701,38.0,3.0,0.07894736842105263,2.0,0.0,,28.0,2.0,0.07142857142857142,
48113011702,47.0,4.0,0.0851063829787234,3.0,0.0,,36.0,2.0,0.05555555555555555,
48113011801,55.0,9.0,0.16363636363636364,6.0,1.0,,34.0,7.0,0.20588235294117646,
48113011802,21.0,0.0,0.0,1.0,0.0,,17.0,0.0,0.0,
48113011901,42.0,4.0,0.09523809523809523,3.0,1.0,,27.0,0.0,0.0,
48113011902,33.0,6.0,0.18181818181818182,5.0,2.0,,20.0,2.0,0.1,
48113012000,49.0,12.0,0.24489795918367346,8.0,2.0,,15.0,4.0,0.26666666666666666,
48113012101,11.0,1.0,0.09090909090909091,2.0,0.0,,3.0,0.0,,
48113012102,44.0,1.0,0.022727272727272728,5.0,0.0,,21.0,1.0,0.047619047619047616,
48113012206,143.0,8.0,0.055944055944055944,27.0,4.0,0.14814814814814814,73.0,3.0,0.0410958904109589,3.6049382716049383
48113012207,74.0,12.0,0.16216216216216217,14.0,3.0,0.21428571428571427,38.0,3.0,0.07894736842105263,2.7142857142857144
48113012208,5.0,0.0,0.0,1.0,0.0,,1.0,0.0,,
48113012209,91.0,4.0,0.04395604395604396,1.0,0.0,,63.0,2.0,0.031746031746031744,
48113012210,27.0,3.0,0.1111111111111111,1.0,1.0,,21.0,1.0,0.047619047619047616,
48113012211,21.0,5.0,0.23809523809523808,1.0,0.0,,13.0,1.0,0.07692307692307693,
48113012212,59.0,4.0,0.06779661016949153,2.0,0.0,,42.0,3.0,0.07142857142857142,
48113012213,93.0,1.0,0.010752688172043012,4.0,0.0,,65.0,0.0,0.0,
48113012301,63.0,5.0,0.07936507936507936,2.0,0.0,,38.0,2.0,0.05263157894736842,
48113012302,39.0,2.0,0.05128205128205128,4.0,0.0,,24.0,0.0,0.0,
48113012400,173.0,16.0,0.09248554913294797,5.0,1.0,,122.0,10.0,0.08196721311475409,
48113012501,56.0,1.0,0.017857142857142856,1.0,0.0,,37.0,1.0,0.02702702702702703,
48113012502,66.0,5.0,0.07575757575757576,1.0,0.0,,42.0,3.0,0.07142857142857142,
48113012601,53.0,8.0,0.1509433962264151,3.0,0.0,,24.0,4.0,0.16666666666666666,
48113012603,39.0,4.0,0.10256410256410256,0.0,0.0,,29.0,1.0,0.034482758620689655,
48113012604,25.0,1.0,0.04,0.0,0.0,,18.0,0.0,0.0,
48113012701,76.0,5.0,0.06578947368421052,0.0,0.0,,44.0,2.0,0.045454545454545456,
48113012702,40.0,3.0,0.075,4.0,1.0,,26.0,2.0,0.07692307692307693,
48113012801,91.0,2.0,0.02197802197802198,1.0,0.0,,70.0,2.0,0.02857142857142857,
48113012802,139.0,8.0,0.05755395683453238,0.0,0.0,,109.0,7.0,0.06422018348623854,
48113012900,170.0,5.0,0.029411764705882353,2.0,0.0,,130.0,5.0,0.038461538461538464,
48113013005,149.0,5.0,0.03355704697986577,0.0,0.0,,119.0,4.0,0.03361344537815126,
48113013007,92.0,8.0,0.08695652173913043,2.0,0.0,,65.0,3.0,0.046153846153846156,
48113013008,87.0,3.0,0.034482758620689655,0.0,0.0,,61.0,1.0,0.01639344262295082,
48113013009,70.0,5.0,0.07142857142857142,6.0,1.0,,52.0,2.0,0.038461538461538464,
48113013010,19.0,0.0,0.0,0.0,0.0,,15.0,0.0,0.0,
48113013011,8.0,1.0,0.125,0.0,0.0,,4.0,0.0,,
48113013012,72.0,4.0,0.05555555555555555,0.0,0.0,,54.0,3.0,0.05555555555555555,
48113013013,124.0,3.0,0.024193548387096774,1.0,0.0,,96.0,3.0,0.03125,
48113013101,118.0,13.0,0.11016949152542373,3.0,2.0,,76.0,6.0,0.07894736842105263,
48113013102,66.0,1.0,0.015151515151515152,2.0,0.0,,47.0,1.0,0.02127659574468085,
48113013104,91.0,8.0,0.08791208791208792,7.0,0.0,,52.0,2.0,0.038461538461538464,
48113013106,44.0,4.0,0.09090909090909091,1.0,0.0,,29.0,2.0,0.06896551724137931,
48113013107,38.0,2.0,0.05263157894736842,4.0,0.0,,24.0,2.0,0.08333333333333333,
48113013201,64.0,5.0,0.078125,0.0,0.0,,41.0,4.0,0.0975609756097561,
48113013202,47.0,5.0,0.10638297872340426,1.0,1.0,,32.0,3.0,0.09375,
48113013300,61.0,3.0,0.04918032786885246,2.0,0.0,,32.0,3.0,0.09375,
48113013400,62.0,6.0,0.0967741935483871,0.0,0.0,,39.0,6.0,0.15384615384615385,
48113013500,72.0,7.0,0.09722222222222222,4.0,0.0,,46.0,4.0,0.08695652173913043,
48113013605,171.0,9.0,0.05263157894736842,3.0,0.0,,133.0,7.0,0.05263157894736842,
48113013606,125.0,10.0,0.08,1.0,0.0,,86.0,5.0,0.05813953488372093,
48113013607,80.0,6.0,0.075,0.0,0.0,,65.0,5.0,0.07692307692307693,
48113013608,92.0,14.0,0.15217391304347827,5.0,1.0,,56.0,6.0,0.10714285714285714,
48113013609,50.0,8.0,0.16,2.0,1.0,,31.0,3.0,0.0967741935483871,
48113013610,102.0,9.0,0.08823529411764706,3.0,1.0,,67.0,5.0,0.07462686567164178,
48113013611,61.0,6.0,0.09836065573770492,3.0,0.0,,45.0,2.0,0.044444444444444446,
48113013615,53.0,9.0,0.16981132075471697,2.0,0.0,,30.0,3.0,0.1,
48113013617,72.0,11.0,0.1527777777777778,2.0,0.0,,55.0,10.0,0.18181818181818182,
48113013618,58.0,2.0,0.034482758620689655,2.0,0.0,,41.0,0.0,0.0,
48113013619,149.0,7.0,0.04697986577181208,2.0,0.0,,109.0,6.0,0.05504587155963303,
48113013620,83.0,12.0,0.14457831325301204,5.0,0.0,,49.0,4.0,0.08163265306122448,
48113013621,58.0,2.0,0.034482758620689655,2.0,0.0,,39.0,2.0,0.05128205128205128,
48113013622,49.0,5.0,0.10204081632653061,4.0,0.0,,29.0,3.0,0.10344827586206896,
48113013624,49.0,12.0,0.24489795918367346,2.0,0.0,,25.0,5.0,0.2,
48113013626,19.0,3.0,0.15789473684210525,3.0,0.0,,11.0,3.0,0.2727272727272727,
48113013627,7.0,1.0,0.14285714285714285,1.0,0.0,,5.0,1.0,,
48113013628,43.0,6.0,0.13953488372093023,1.0,0.0,,30.0,5.0,0.16666666666666666,
48113013629,48.0,6.0,0.125,6.0,2.0,,35.0,2.0,0.05714285714285714,
48113013630,27.0,6.0,0.2222222222222222,3.0,0.0,,14.0,5.0,0.35714285714285715,
48113013715,19.0,1.0,0.05263157894736842,0.0,0.0,,15.0,1.0,0.06666666666666667,
48113013716,76.0,10.0,0.13157894736842105,1.0,1.0,,34.0,1.0,0.029411764705882353,
48113013717,29.0,2.0,0.06896551724137931,1.0,0.0,,17.0,0.0,0.0,
48113013718,20.0,3.0,0.15,0.0,0.0,,15.0,2.0,0.13333333333333333,
48113013719,141.0,35.0,0.24822695035460993,2.0,0.0,,31.0,5.0,0.16129032258064516,
48113013720,80.0,5.0,0.0625,5.0,1.0,,47.0,3.0,0.06382978723404255,
48113013721,183.0,14.0,0.07650273224043716,11.0,2.0,0.18181818181818182,99.0,6.0,0.06060606060606061,3.0
48113013722,45.0,4.0,0.08888888888888889,1.0,1.0,,31.0,2.0,0.06451612903225806,
48113013725,19.0,0.0,0.0,0.0,0.0,,15.0,0.0,0.0,
48113013726,59.0,5.0,0.0847457627118644,2.0,0.0,,39.0,4.0,0.10256410256410256,
48113013727,98.0,7.0,0.07142857142857142,5.0,1.0,,54.0,4.0,0.07407407407407407,
48113013728,38.0,3.0,0.07894736842105263,0.0,0.0,,31.0,3.0,0.0967741935483871,
48113013729,44.0,4.0,0.09090909090909091,0.0,0.0,,33.0,3.0,0.09090909090909091,
48113013804,79.0,4.0,0.05063291139240506,3.0,0.0,,61.0,2.0,0.03278688524590164,
48113013805,4.0,0.0,0.0,0.0,0.0,,2.0,0.0,,
48113013806,23.0,1.0,0.043478260869565216,2.0,1.0,,16.0,0.0,0.0,
48113013807,58.0,3.0,0.05172413793103448,0.0,0.0,,41.0,3.0,0.07317073170731707,
48113013808,101.0,5.0,0.04950495049504951,5.0,0.0,,69.0,2.0,0.028985507246376812,
48113013901,56.0,13.0,0.23214285714285715,7.0,3.0,,23.0,0.0,0.0,
48113013902,103.0,11.0,0.10679611650485436,0.0,0.0,,61.0,8.0,0.13114754098360656,
48113014001,94.0,13.0,0.13829787234042554,4.0,1.0,,64.0,6.0,0.09375,
48113014002,366.0,32.0,0.08743169398907104,32.0,4.0,0.125,71.0,1.0,0.014084507042253521,8.875
48113014119,101.0,18.0,0.1782178217821782,2.0,1.0,,52.0,7.0,0.1346153846153846,
48113014120,128.0,12.0,0.09375,4.0,0.0,,52.0,3.0,0.057692307692307696,
48113014121,38.0,2.0,0.05263157894736842,0.0,0.0,,25.0,2.0,0.08,
48113014123,129.0,20.0,0.15503875968992248,3.0,0.0,,33.0,4.0,0.12121212121212122,
48113014124,132.0,18.0,0.13636363636363635,5.0,1.0,,45.0,3.0,0.06666666666666667,
48113014126,180.0,30.0,0.16666666666666666,2.0,1.0,,84.0,9.0,0.10714285714285714,
48113014128,92.0,11.0,0.11956521739130435,1.0,1.0,,24.0,1.0,0.041666666666666664,
48113014130,119.0,8.0,0.06722689075630252,5.0,1.0,,28.0,1.0,0.03571428571428571,
48113014132,121.0,15.0,0.12396694214876033,8.0,1.0,,16.0,1.0,0.0625,
48113014134,63.0,4.0,0.06349206349206349,0.0,0.0,,23.0,1.0,0.043478260869565216,
48113014135,65.0,3.0,0.046153846153846156,0.0,0.0,,30.0,2.0,0.06666666666666667,
48113014138,67.0,23.0,0.34328358208955223,0.0,0.0,,17.0,4.0,0.23529411764705882,
48113014139,15.0,5.0,0.3333333333333333,0.0,0.0,,3.0,1.0,,
48113014140,13.0,1.0,0.07692307692307693,0.0,0.0,,3.0,0.0,,
48113014141,28.0,2.0,0.07142857142857142,1.0,1.0,,6.0,0.0,,
48113014142,25.0,2.0,0.08,0.0,0.0,,11.0,0.0,0.0,
48113014143,100.0,6.0,0.06,6.0,0.0,,25.0,0.0,0.0,
48113014144,35.0,3.0,0.08571428571428572,1.0,0.0,,16.0,2.0,0.125,
48113014145,8.0,3.0,0.375,2.0,1.0,,4.0,1.0,,
48113014146,8.0,1.0,0.125,1.0,0.0,,0.0,0.0,,
48113014147,1.0,1.0,1.0,0.0,0.0,,1.0,1.0,,
48113014148,13.0,3.0,0.23076923076923078,0.0,0.0,,0.0,0.0,,
48113014149,21.0,4.0,0.19047619047619047,1.0,1.0,,3.0,0.0,,
48113014150,43.0,5.0,0.11627906976744186,3.0,0.0,,9.0,0.0,,
48113014151,18.0,1.0,0.05555555555555555,0.0,0.0,,2.0,0.0,,
48113014153,47.0,4.0,0.0851063829787234,3.0,0.0,,23.0,2.0,0.08695652173913043,
48113014154,28.0,3.0,0.10714285714285714,1.0,0.0,,11.0,1.0,0.09090909090909091,
48113014155,37.0,7.0,0.1891891891891892,0.0,0.0,,4.0,0.0,,
48113014156,119.0,18.0,0.15126050420168066,3.0,0.0,,5.0,2.0,,
48113014158,10.0,4.0,0.4,2.0,2.0,,2.0,1.0,,
48113014159,49.0,8.0,0.16326530612244897,0.0,0.0,,0.0,0.0,,
48113014160,47.0,4.0,0.0851063829787234,3.0,0.0,,13.0,2.0,0.15384615384615385,
48113014161,12.0,4.0,0.3333333333333333,0.0,0.0,,6.0,2.0,,
48113014203,57.0,6.0,0.10526315789473684,1.0,0.0,,32.0,3.0,0.09375,
48113014204,30.0,4.0,0.13333333333333333,2.0,1.0,,11.0,2.0,0.18181818181818182,
48113014205,68.0,5.0,0.07352941176470588,4.0,0.0,,33.0,3.0,0.09090909090909091,
48113014207,6.0,0.0,0.0,0.0,0.0,,1.0,0.0,,
48113014208,40.0,12.0,0.3,9.0,4.0,,21.0,6.0,0.2857142857142857,
48113014209,42.0,4.0,0.09523809523809523,4.0,1.0,,16.0,1.0,0.0625,
48113014306,56.0,6.0,0.10714285714285714,3.0,0.0,,30.0,3.0,0.1,
48113014308,19.0,5.0,0.2631578947368421,0.0,0.0,,10.0,3.0,0.3,
48113014309,8.0,1.0,0.125,0.0,0.0,,1.0,0.0,,
48113014310,106.0,13.0,0.12264150943396226,8.0,0.0,,46.0,3.0,0.06521739130434782,
48113014313,54.0,3.0,0.05555555555555555,2.0,0.0,,39.0,2.0,0.05128205128205128,
48113014314,57.0,6.0,0.10526315789473684,5.0,1.0,,23.0,2.0,0.08695652173913043,
48113014315,23.0,1.0,0.043478260869565216,0.0,0.0,,14.0,1.0,0.07142857142857142,
48113014316,66.0,19.0,0.2878787878787879,3.0,2.0,,37.0,9.0,0.24324324324324326,
48113014317,61.0,21.0,0.3442622950819672,8.0,5.0,,34.0,7.0,0.20588235294117646,
48113014318,53.0,4.0,0.07547169811320754,3.0,0.0,,31.0,3.0,0.0967741935483871,
48113014320,11.0,3.0,0.2727272727272727,0.0,0.0,,2.0,0.0,,
48113014405,22.0,2.0,0.09090909090909091,0.0,0.0,,14.0,2.0,0.14285714285714285,
48113014406,33.0,2.0,0.06060606060606061,1.0,0.0,,18.0,2.0,0.1111111111111111,
48113014407,17.0,2.0,0.11764705882352941,0.0,0.0,,7.0,0.0,,
48113014408,45.0,14.0,0.3111111111111111,1.0,0.0,,16.0,7.0,0.4375,
48113014409,17.0,12.0,0.7058823529411765,0.0,0.0,,8.0,5.0,,
48113014410,65.0,11.0,0.16923076923076924,9.0,2.0,,6.0,0.0,,
48113014501,91.0,21.0,0.23076923076923078,8.0,3.0,,53.0,13.0,0.24528301886792453,
48113014502,36.0,3.0,0.08333333333333333,4.0,1.0,,19.0,1.0,0.05263157894736842,
48113014601,25.0,2.0,0.08,0.0,0.0,,20.0,1.0,0.05,
48113014602,17.0,2.0,0.11764705882352941,1.0,0.0,,10.0,2.0,0.2,
48113014603,13.0,0.0,0.0,1.0,0.0,,7.0,0.0,,
48113014701,46.0,9.0,0.1956521739130435,4.0,1.0,,19.0,1.0,0.05263157894736842,
48113014704,46.0,7.0,0.15217391304347827,3.0,1.0,,31.0,4.0,0.12903225806451613,
48113014903,45.0,5.0,0.1111111111111111,5.0,0.0,,16.0,2.0,0.125,
48113015001,33.0,2.0,0.06060606060606061,1.0,0.0,,18.0,1.0,0.05555555555555555,
48113015002,19.0,5.0,0.2631578947368421,0.0,0.0,,14.0,2.0,0.14285714285714285,
48113015101,46.0,9.0,0.1956521739130435,1.0,1.0,,26.0,5.0,0.19230769230769232,
48113015102,21.0,4.0,0.19047619047619047,2.0,0.0,,10.0,4.0,0.4,
48113015202,24.0,1.0,0.041666666666666664,0.0,0.0,,17.0,0.0,0.0,
48113015205,28.0,4.0,0.14285714285714285,0.0,0.0,,22.0,4.0,0.18181818181818182,
48113015206,33.0,4.0,0.12121212121212122,1.0,0.0,,18.0,2.0,0.1111111111111111,
48113015207,39.0,2.0,0.05128205128205128,3.0,0.0,,21.0,2.0,0.09523809523809523,
48113015208,95.0,41.0,0.43157894736842106,2.0,1.0,,76.0,34.0,0.4473684210526316,
48113015303,52.0,34.0,0.6538461538461539,3.0,0.0,,21.0,12.0,0.5714285714285714,
48113015304,33.0,17.0,0.5151515151515151,0.0,0.0,,20.0,11.0,0.55,
48113015305,46.0,12.0,0.2608695652173913,2.0,0.0,,29.0,5.0,0.1724137931034483,
48113015306,59.0,8.0,0.13559322033898305,0.0,0.0,,34.0,3.0,0.08823529411764706,
48113015403,22.0,0.0,0.0,0.0,0.0,,15.0,0.0,0.0,
48113015404,48.0,4.0,0.08333333333333333,1.0,0.0,,19.0,2.0,0.10526315789473684,
48113015405,61.0,16.0,0.26229508196721313,5.0,2.0,,31.0,6.0,0.1935483870967742,
48113015406,53.0,5.0,0.09433962264150944,1.0,1.0,,36.0,3.0,0.08333333333333333,
48113015500,36.0,6.0,0.16666666666666666,2.0,0.0,,25.0,3.0,0.12,
48113015600,41.0,3.0,0.07317073170731707,2.0,0.0,,26.0,2.0,0.07692307692307693,
48113015700,16.0,1.0,0.0625,0.0,0.0,,10.0,0.0,0.0,
48113015900,31.0,1.0,0.03225806451612903,7.0,0.0,,12.0,1.0,0.08333333333333333,
48113016001,42.0,4.0,0.09523809523809523,2.0,1.0,,29.0,3.0,0.10344827586206896,
48113016002,12.0,0.0,0.0,0.0,0.0,,9.0,0.0,,
48113016100,51.0,5.0,0.09803921568627451,5.0,0.0,,31.0,2.0,0.06451612903225806,
48113016201,59.0,13.0,0.22033898305084745,1.0,1.0,,38.0,8.0,0.21052631578947367,
48113016203,44.0,7.0,0.1590909090909091,2.0,0.0,,24.0,4.0,0.16666666666666666,
48113016204,49.0,3.0,0.061224489795918366,3.0,1.0,,34.0,0.0,0.0,
48113016301,76.0,17.0,0.2236842105263158,2.0,1.0,,49.0,7.0,0.14285714285714285,
48113016302,13.0,3.0,0.23076923076923078,0.0,0.0,,12.0,2.0,0.16666666666666666,
48113016406,47.0,5.0,0.10638297872340426,4.0,0.0,,31.0,4.0,0.12903225806451613,
48113016407,52.0,5.0,0.09615384615384616,2.0,0.0,,32.0,5.0,0.15625,
48113016409,46.0,7.0,0.15217391304347827,6.0,1.0,,21.0,3.0,0.14285714285714285,
48113016410,76.0,17.0,0.2236842105263158,7.0,2.0,,46.0,9.0,0.1956521739130435,
48113016412,83.0,7.0,0.08433734939759036,13.0,0.0,0.0,41.0,4.0,0.0975609756097561,0.0
48113016414,9.0,2.0,0.2222222222222222,0.0,0.0,,2.0,0.0,,
48113016415,62.0,7.0,0.11290322580645161,7.0,1.0,,28.0,5.0,0.17857142857142858,
48113016416,137.0,11.0,0.08029197080291971,45.0,5.0,0.1111111111111111,57.0,3.0,0.05263157894736842,2.111111111111111
48113016417,76.0,7.0,0.09210526315789473,0.0,0.0,,51.0,5.0,0.09803921568627451,
48113016418,48.0,8.0,0.16666666666666666,4.0,2.0,,21.0,4.0,0.19047619047619047,
48113016419,53.0,4.0,0.07547169811320754,3.0,0.0,,25.0,1.0,0.04,
48113016420,31.0,8.0,0.25806451612903225,4.0,2.0,,19.0,4.0,0.21052631578947367,
48113016421,62.0,10.0,0.16129032258064516,7.0,2.0,,42.0,3.0,0.07142857142857142,
48113016511,59.0,4.0,0.06779661016949153,10.0,2.0,0.2,30.0,1.0,0.03333333333333333,6.0
48113016513,62.0,5.0,0.08064516129032258,16.0,1.0,0.0625,30.0,4.0,0.13333333333333333,0.46875
48113016516,58.0,11.0,0.1896551724137931,15.0,6.0,0.4,27.0,2.0,0.07407407407407407,5.4
48113016517,52.0,8.0,0.15384615384615385,6.0,0.0,,23.0,6.0,0.2608695652173913,
48113016518,52.0,5.0,0.09615384615384616,8.0,2.0,,31.0,2.0,0.06451612903225806,
48113016519,25.0,3.0,0.12,3.0,0.0,,12.0,2.0,0.16666666666666666,
48113016521,80.0,12.0,0.15,12.0,1.0,0.08333333333333333,39.0,3.0,0.07692307692307693,1.0833333333333333
48113016522,56.0,12.0,0.21428571428571427,14.0,3.0,0.21428571428571427,27.0,4.0,0.14814814814814814,1.4464285714285714
48113016524,75.0,13.0,0.17333333333333334,18.0,4.0,0.2222222222222222,37.0,9.0,0.24324324324324326,0.9135802469135802
48113016525,124.0,29.0,0.23387096774193547,41.0,12.0,0.2926829268292683,48.0,8.0,0.16666666666666666,1.7560975609756098
48113016526,51.0,14.0,0.27450980392156865,11.0,4.0,0.36363636363636365,27.0,5.0,0.18518518518518517,1.9636363636363638
48113016527,70.0,11.0,0.15714285714285714,8.0,3.0,,37.0,3.0,0.08108108108108109,
48113016528,70.0,10.0,0.14285714285714285,15.0,4.0,0.26666666666666666,37.0,3.0,0.08108108108108109,3.2888888888888888
48113016529,36.0,12.0,0.3333333333333333,4.0,2.0,,15.0,4.0,0.26666666666666666,
48113016530,59.0,7.0,0.11864406779661017,14.0,3.0,0.21428571428571427,29.0,1.0,0.034482758620689655,6.214285714285714
48113016531,38.0,5.0,0.13157894736842105,3.0,1.0,,22.0,3.0,0.13636363636363635,
48113016532,30.0,3.0,0.1,8.0,2.0,,16.0,0.0,0.0,
48113016533,28.0,8.0,0.2857142857142857,3.0,3.0,,16.0,3.0,0.1875,
48113016534,50.0,8.0,0.16,10.0,3.0,0.3,27.0,3.0,0.1111111111111111,2.7
48113016535,38.0,8.0,0.21052631578947367,4.0,2.0,,21.0,4.0,0.19047619047619047,
48113016536,26.0,2.0,0.07692307692307693,1.0,0.0,,22.0,1.0,0.045454545454545456,
48113016610,37.0,6.0,0.16216216216216217,15.0,5.0,0.3333333333333333,12.0,0.0,0.0,
48113016615,66.0,4.0,0.06060606060606061,17.0,0.0,0.0,33.0,4.0,0.12121212121212122,0.0
48113016616,62.0,6.0,0.0967741935483871,12.0,3.0,0.25,29.0,1.0,0.034482758620689655,7.25
48113016617,81.0,14.0,0.1728395061728395,35.0,8.0,0.22857142857142856,25.0,3.0,0.12,1.9047619047619049
48113016618,137.0,70.0,0.5109489051094891,53.0,29.0,0.5471698113207547,40.0,18.0,0.45,1.2159329140461215
48113016619,28.0,2.0,0.07142857142857142,10.0,2.0,0.2,13.0,0.0,0.0,
48113016620,77.0,12.0,0.15584415584415584,25.0,3.0,0.12,26.0,5.0,0.19230769230769232,0.6239999999999999
48113016621,279.0,168.0,0.6021505376344086,90.0,59.0,0.6555555555555556,92.0,49.0,0.532608695652174,1.2308390022675737
48113016622,38.0,9.0,0.23684210526315788,6.0,0.0,,12.0,3.0,0.25,
48113016623,323.0,60.0,0.18575851393188855,156.0,31.0,0.1987179487179487,79.0,12.0,0.1518987341772152,1.3082264957264955
48113016624,24.0,0.0,0.0,7.0,0.0,,8.0,0.0,,
48113016626,32.0,5.0,0.15625,7.0,3.0,,16.0,2.0,0.125,
48113016627,29.0,4.0,0.13793103448275862,6.0,0.0,,10.0,0.0,0.0,
48113016628,47.0,8.0,0.1702127659574468,16.0,2.0,0.125,16.0,6.0,0.375,0.3333333333333333
48113016629,25.0,5.0,0.2,5.0,2.0,,13.0,0.0,0.0,
48113016630,54.0,8.0,0.14814814814814814,19.0,5.0,0.2631578947368421,19.0,2.0,0.10526315789473684,2.5
48113016631,60.0,10.0,0.16666666666666666,31.0,7.0,0.22580645161290322,12.0,0.0,0.0,
48113016632,51.0,7.0,0.13725490196078433,12.0,1.0,0.08333333333333333,24.0,3.0,0.125,0.6666666666666666
48113016633,56.0,8.0,0.14285714285714285,18.0,2.0,0.1111111111111111,21.0,3.0,0.14285714285714285,0.7777777777777778
48113016634,16.0,3.0,0.1875,0.0,0.0,,13.0,2.0,0.15384615384615385,
48113016635,3.0,2.0,0.6666666666666666,2.0,2.0,,0.0,0.0,,
48113016636,30.0,1.0,0.03333333333333333,3.0,0.0,,15.0,0.0,0.0,
48113016637,38.0,9.0,0.23684210526315788,13.0,5.0,0.38461538461538464,10.0,3.0,0.3,1.2820512820512822
48113016638,42.0,1.0,0.023809523809523808,21.0,0.0,0.0,12.0,0.0,0.0,
48113016704,48.0,12.0,0.25,14.0,3.0,0.21428571428571427,21.0,5.0,0.23809523809523808,0.9
48113016706,21.0,4.0,0.19047619047619047,7.0,3.0,,8.0,1.0,,
48113016707,53.0,6.0,0.11320754716981132,18.0,5.0,0.2777777777777778,16.0,0.0,0.0,
48113016708,51.0,6.0,0.11764705882352941,15.0,3.0,0.2,19.0,1.0,0.05263157894736842,3.8000000000000003
48113016709,35.0,6.0,0.17142857142857143,1.0,0.0,,28.0,5.0,0.17857142857142858,
48113016710,68.0,6.0,0.08823529411764706,10.0,1.0,0.1,33.0,1.0,0.030303030303030304,3.3000000000000003
48113016711,34.0,4.0,0.11764705882352941,8.0,2.0,,16.0,0.0,0.0,
48113016802,141.0,21.0,0.14893617021276595,53.0,7.0,0.1320754716981132,48.0,9.0,0.1875,0.7044025157232704
48113016803,84.0,13.0,0.15476190476190477,16.0,1.0,0.0625,46.0,9.0,0.1956521739130435,0.3194444444444444
48113016805,22.0,4.0,0.18181818181818182,8.0,3.0,,8.0,0.0,,
48113016806,47.0,6.0,0.1276595744680851,17.0,5.0,0.29411764705882354,12.0,0.0,0.0,
48113016902,175.0,64.0,0.3657142857142857,19.0,5.0,0.2631578947368421,82.0,24.0,0.2926829268292683,0.8991228070175439
48113016903,273.0,156.0,0.5714285714285714,63.0,37.0,0.5873015873015873,101.0,53.0,0.5247524752475248,1.1191973644803834
48113017005,74.0,39.0,0.527027027027027,6.0,3.0,,45.0,21.0,0.4666666666666667,
48113017006,61.0,25.0,0.4098360655737705,5.0,3.0,,35.0,11.0,0.3142857142857143,
48113017007,229.0,48.0,0.2096069868995633,19.0,8.0,0.42105263157894735,83.0,20.0,0.24096385542168675,1.7473684210526315
48113017008,158.0,23.0,0.14556962025316456,34.0,7.0,0.20588235294117646,73.0,7.0,0.0958904109589041,2.1470588235294117
48113017009,361.0,178.0,0.4930747922437673,26.0,10.0,0.38461538461538464,221.0,110.0,0.497737556561086,0.7727272727272727
48113017010,237.0,102.0,0.43037974683544306,23.0,11.0,0.4782608695652174,80.0,34.0,0.425,1.1253196930946292
48113017101,121.0,55.0,0.45454545454545453,13.0,6.0,0.46153846153846156,52.0,20.0,0.38461538461538464,1.2
48113017102,65.0,10.0,0.15384615384615385,4.0,1.0,,34.0,5.0,0.14705882352941177,
48113017201,63.0,23.0,0.36507936507936506,2.0,2.0,,34.0,12.0,0.35294117647058826,
48113017203,20.0,5.0,0.25,2.0,0.0,,11.0,3.0,0.2727272727272727,
48113017204,33.0,1.0,0.030303030303030304,2.0,0.0,,22.0,1.0,0.045454545454545456,
48113017307,63.0,5.0,0.07936507936507936,11.0,1.0,0.09090909090909091,27.0,1.0,0.037037037037037035,2.4545454545454546
48113017308,58.0,5.0,0.08620689655172414,12.0,2.0,0.16666666666666666,26.0,1.0,0.038461538461538464,4.333333333333333
48113017309,53.0,7.0,0.1320754716981132,8.0,1.0,,20.0,3.0,0.15,
48113017310,37.0,4.0,0.10810810810810811,3.0,0.0,,13.0,0.0,0.0,
48113017311,65.0,5.0,0.07692307692307693,7.0,2.0,,36.0,0.0,0.0,
48113017312,61.0,5.0,0.08196721311475409,7.0,1.0,,33.0,2.0,0.06060606060606061,
48113017313,59.0,4.0,0.06779661016949153,17.0,1.0,0.058823529411764705,19.0,2.0,0.10526315789473684,0.5588235294117647
48113017314,194.0,27.0,0.13917525773195877,46.0,10.0,0.21739130434782608,72.0,6.0,0.08333333333333333,2.608695652173913
48113017315,85.0,14.0,0.16470588235294117,12.0,6.0,0.5,49.0,6.0,0.12244897959183673,4.083333333333333
48113017400,101.0,10.0,0.09900990099009901,13.0,1.0,0.07692307692307693,62.0,4.0,0.06451612903225806,1.1923076923076925
48113017500,76.0,13.0,0.17105263157894737,10.0,2.0,0.2,50.0,7.0,0.14,1.4285714285714286
48113017602,53.0,8.0,0.1509433962264151,4.0,0.0,,36.0,6.0,0.16666666666666666,
48113017604,29.0,4.0,0.13793103448275862,1.0,0.0,,23.0,4.0,0.17391304347826086,
48113017605,40.0,7.0,0.175,12.0,4.0,0.3333333333333333,14.0,2.0,0.14285714285714285,2.3333333333333335
48113017606,275.0,23.0,0.08363636363636363,91.0,7.0,0.07692307692307693,80.0,4.0,0.05,1.5384615384615385
48113017703,70.0,10.0,0.14285714285714285,3.0,1.0,,54.0,6.0,0.1111111111111111,
48113017704,80.0,12.0,0.15,8.0,1.0,,54.0,7.0,0.12962962962962962,
48113017705,20.0,2.0,0.1,2.0,0.0,,13.0,1.0,0.07692307692307693,
48113017706,86.0,8.0,0.09302325581395349,9.0,3.0,,41.0,1.0,0.024390243902439025,
48113017805,63.0,4.0,0.06349206349206349,5.0,0.0,,40.0,2.0,0.05,
48113017806,47.0,4.0,0.0851063829787234,6.0,1.0,,27.0,2.0,0.07407407407407407,
48113017808,84.0,5.0,0.05952380952380952,5.0,1.0,,48.0,1.0,0.020833333333333332,
48113017811,59.0,8.0,0.13559322033898305,1.0,0.0,,40.0,4.0,0.1,
48113017812,17.0,3.0,0.17647058823529413,0.0,0.0,,14.0,2.0,0.14285714285714285,
48113017814,59.0,5.0,0.0847457627118644,4.0,1.0,,32.0,3.0,0.09375,
48113017815,103.0,12.0,0.11650485436893204,28.0,6.0,0.21428571428571427,36.0,4.0,0.1111111111111111,1.9285714285714286
48113017816,37.0,8.0,0.21621621621621623,2.0,1.0,,24.0,4.0,0.16666666666666666,
48113017817,1.0,1.0,1.0,0.0,0.0,,0.0,0.0,,
48113017818,29.0,3.0,0.10344827586206896,3.0,0.0,,16.0,2.0,0.125,
48113017819,9.0,7.0,0.7777777777777778,2.0,2.0,,1.0,1.0,,
48113017820,46.0,7.0,0.15217391304347827,1.0,0.0,,29.0,3.0,0.10344827586206896,
48113017900,91.0,12.0,0.13186813186813187,2.0,0.0,,65.0,10.0,0.15384615384615385,
48113018001,83.0,11.0,0.13253012048192772,7.0,2.0,,53.0,5.0,0.09433962264150944,
48113018002,36.0,2.0,0.05555555555555555,1.0,1.0,,29.0,0.0,0.0,
48113018105,73.0,12.0,0.1643835616438356,3.0,0.0,,42.0,4.0,0.09523809523809523,
48113018110,131.0,8.0,0.061068702290076333,12.0,1.0,0.08333333333333333,70.0,7.0,0.1,0.8333333333333333
48113018111,80.0,3.0,0.0375,3.0,0.0,,50.0,2.0,0.04,
48113018120,77.0,7.0,0.09090909090909091,10.0,0.0,0.0,25.0,4.0,0.16,0.0
48113018121,110.0,18.0,0.16363636363636364,12.0,9.0,0.75,42.0,4.0,0.09523809523809523,7.875
48113018126,126.0,8.0,0.06349206349206349,10.0,2.0,0.2,76.0,6.0,0.07894736842105263,2.5333333333333337
48113018127,25.0,2.0,0.08,0.0,0.0,,18.0,0.0,0.0,
48113018128,55.0,6.0,0.10909090909090909,4.0,0.0,,38.0,1.0,0.02631578947368421,
48113018129,60.0,4.0,0.06666666666666667,4.0,1.0,,36.0,1.0,0.027777777777777776,
48113018130,22.0,3.0,0.13636363636363635,3.0,2.0,,7.0,0.0,,
48113018132,72.0,7.0,0.09722222222222222,4.0,1.0,,39.0,1.0,0.02564102564102564,
48113018133,99.0,14.0,0.1414141414141414,6.0,1.0,,56.0,4.0,0.07142857142857142,
48113018134,144.0,15.0,0.10416666666666667,25.0,6.0,0.24,66.0,3.0,0.045454545454545456,5.279999999999999
48113018135,143.0,19.0,0.13286713286713286,25.0,3.0,0.12,62.0,6.0,0.0967741935483871,1.24
48113018137,94.0,16.0,0.1702127659574468,15.0,4.0,0.26666666666666666,35.0,6.0,0.17142857142857143,1.5555555555555556
48113018138,57.0,4.0,0.07017543859649122,7.0,0.0,,15.0,1.0,0.06666666666666667,
48113018140,143.0,15.0,0.1048951048951049,16.0,1.0,0.0625,61.0,5.0,0.08196721311475409,0.7625000000000001
48113018141,79.0,14.0,0.17721518987341772,10.0,0.0,0.0,30.0,3.0,0.1,0.0
48113018142,172.0,29.0,0.1686046511627907,21.0,5.0,0.23809523809523808,44.0,6.0,0.13636363636363635,1.746031746031746
48113018143,189.0,19.0,0.10052910052910052,17.0,4.0,0.23529411764705882,105.0,8.0,0.0761904761904762,3.0882352941176467
48113018144,90.0,12.0,0.13333333333333333,13.0,6.0,0.46153846153846156,38.0,3.0,0.07894736842105263,5.846153846153847
48113018145,104.0,7.0,0.0673076923076923,4.0,1.0,,68.0,5.0,0.07352941176470588,
48113018146,81.0,5.0,0.06172839506172839,6.0,1.0,,51.0,3.0,0.058823529411764705,
48113018147,97.0,17.0,0.17525773195876287,9.0,1.0,,34.0,4.0,0.11764705882352941,
48113018148,57.0,6.0,0.10526315789473684,7.0,2.0,,28.0,1.0,0.03571428571428571,
48113018149,88.0,4.0,0.045454545454545456,9.0,0.0,,43.0,3.0,0.06976744186046512,
48113018150,79.0,12.0,0.1518987341772152,6.0,3.0,,48.0,4.0,0.08333333333333333,
48113018151,138.0,11.0,0.07971014492753623,8.0,1.0,,43.0,1.0,0.023255813953488372,
48113018152,167.0,18.0,0.10778443113772455,13.0,4.0,0.3076923076923077,63.0,6.0,0.09523809523809523,3.2307692307692313
48113018153,131.0,16.0,0.12213740458015267,7.0,3.0,,56.0,7.0,0.125,
48113018154,184.0,21.0,0.11413043478260869,18.0,3.0,0.16666666666666666,74.0,6.0,0.08108108108108109,2.0555555555555554
48113018155,497.0,110.0,0.22132796780684105,55.0,10.0,0.18181818181818182,178.0,45.0,0.25280898876404495,0.7191919191919192
48113018156,71.0,6.0,0.08450704225352113,8.0,1.0,,33.0,1.0,0.030303030303030304,
48113018157,253.0,19.0,0.07509881422924901,28.0,3.0,0.10714285714285714,69.0,3.0,0.043478260869565216,2.4642857142857144
48113018158,63.0,6.0,0.09523809523809523,5.0,0.0,,34.0,3.0,0.08823529411764706,
48113018159,313.0,42.0,0.134185303514377,25.0,6.0,0.24,116.0,8.0,0.06896551724137931,3.48
48113018203,84.0,5.0,0.05952380952380952,8.0,1.0,,42.0,2.0,0.047619047619047616,
48113018204,35.0,2.0,0.05714285714285714,0.0,0.0,,25.0,1.0,0.04,
48113018205,45.0,3.0,0.06666666666666667,5.0,0.0,,16.0,0.0,0.0,
48113018206,41.0,6.0,0.14634146341463414,1.0,0.0,,26.0,3.0,0.11538461538461539,
48113018300,86.0,10.0,0.11627906976744186,4.0,0.0,,60.0,6.0,0.1,
48113018401,64.0,7.0,0.109375,7.0,3.0,,31.0,2.0,0.06451612903225806,
48113018402,101.0,8.0,0.07920792079207921,11.0,0.0,0.0,69.0,7.0,0.10144927536231885,0.0
48113018501,60.0,5.0,0.08333333333333333,0.0,0.0,,44.0,5.0,0.11363636363636363,
48113018505,34.0,10.0,0.29411764705882354,11.0,6.0,0.5454545454545454,10.0,3.0,0.3,1.8181818181818181
48113018506,1.0,0.0,0.0,0.0,0.0,,0.0,0.0,,
48113018508,25.0,3.0,0.12,4.0,2.0,,14.0,1.0,0.07142857142857142,
48113018600,68.0,8.0,0.11764705882352941,5.0,1.0,,46.0,4.0,0.08695652173913043,
48113018700,65.0,8.0,0.12307692307692308,3.0,1.0,,41.0,3.0,0.07317073170731707,
48113018801,60.0,10.0,0.16666666666666666,1.0,0.0,,33.0,5.0,0.15151515151515152,
48113018802,21.0,5.0,0.23809523809523808,3.0,1.0,,13.0,3.0,0.23076923076923078,
48113018900,58.0,6.0,0.10344827586206896,4.0,0.0,,28.0,4.0,0.14285714285714285,
48113019013,3.0,2.0,0.6666666666666666,0.0,0.0,,1.0,1.0,,
48113019016,63.0,5.0,0.07936507936507936,10.0,1.0,0.1,31.0,1.0,0.03225806451612903,3.1
48113019018,101.0,32.0,0.31683168316831684,11.0,7.0,0.6363636363636364,55.0,17.0,0.3090909090909091,2.058823529411765
48113019019,47.0,9.0,0.19148936170212766,11.0,2.0,0.18181818181818182,16.0,1.0,0.0625,2.909090909090909
48113019020,70.0,9.0,0.12857142857142856,2.0,0.0,,25.0,1.0,0.04,
48113019023,91.0,6.0,0.06593406593406594,3.0,0.0,,54.0,3.0,0.05555555555555555,
48113019024,95.0,8.0,0.08421052631578947,8.0,0.0,,46.0,1.0,0.021739130434782608,
48113019025,87.0,9.0,0.10344827586206896,7.0,1.0,,30.0,0.0,0.0,
48113019026,99.0,12.0,0.12121212121212122,6.0,2.0,,53.0,6.0,0.11320754716981132,
48113019027,63.0,10.0,0.15873015873015872,6.0,0.0,,12.0,0.0,0.0,
48113019028,42.0,3.0,0.07142857142857142,1.0,0.0,,19.0,2.0,0.10526315789473684,
48113019029,98.0,11.0,0.11224489795918367,6.0,1.0,,31.0,1.0,0.03225806451612903,
48113019031,129.0,8.0,0.06201550387596899,6.0,0.0,,79.0,3.0,0.0379746835443038,
48113019032,68.0,8.0,0.11764705882352941,5.0,0.0,,34.0,4.0,0.11764705882352941,
48113019033,38.0,3.0,0.07894736842105263,2.0,1.0,,22.0,0.0,0.0,
48113019034,110.0,28.0,0.2545454545454545,26.0,5.0,0.19230769230769232,41.0,14.0,0.34146341463414637,0.5631868131868132
48113019035,40.0,10.0,0.25,3.0,0.0,,18.0,4.0,0.2222222222222222,
48113019036,91.0,3.0,0.03296703296703297,3.0,0.0,,68.0,1.0,0.014705882352941176,
48113019037,74.0,4.0,0.05405405405405406,2.0,0.0,,44.0,0.0,0.0,
48113019039,84.0,5.0,0.05952380952380952,10.0,2.0,0.2,41.0,1.0,0.024390243902439025,8.2
48113019040,51.0,14.0,0.27450980392156865,4.0,1.0,,16.0,2.0,0.125,
48113019041,80.0,6.0,0.075,1.0,0.0,,47.0,5.0,0.10638297872340426,
48113019042,92.0,10.0,0.10869565217391304,6.0,2.0,,39.0,5.0,0.1282051282051282,
48113019044,46.0,6.0,0.13043478260869565,0.0,0.0,,18.0,3.0,0.16666666666666666,
48113019045,36.0,6.0,0.16666666666666666,7.0,0.0,,15.0,3.0,0.2,
48113019046,25.0,2.0,0.08,0.0,0.0,,9.0,1.0,,
48113019047,201.0,11.0,0.05472636815920398,23.0,1.0,0.043478260869565216,58.0,4.0,0.06896551724137931,0.6304347826086957
48113019048,26.0,2.0,0.07692307692307693,0.0,0.0,,13.0,1.0,0.07692307692307693,
48113019049,40.0,5.0,0.125,2.0,0.0,,27.0,2.0,0.07407407407407407,
48113019050,54.0,5.0,0.09259259259259259,0.0,0.0,,28.0,0.0,0.0,
48113019051,123.0,10.0,0.08130081300813008,8.0,3.0,,56.0,4.0,0.07142857142857142,
48113019101,13.0,2.0,0.15384615384615385,3.0,0.0,,2.0,1.0,,
48113019102,77.0,6.0,0.07792207792207792,3.0,1.0,,40.0,3.0,0.075,
48113019202,106.0,7.0,0.0660377358490566,1.0,0.0,,79.0,6.0,0.0759493670886076,
48113019203,116.0,6.0,0.05172413793103448,1.0,1.0,,91.0,4.0,0.04395604395604396,
48113019205,251.0,28.0,0.11155378486055777,1.0,0.0,,142.0,17.0,0.11971830985915492,
48113019208,70.0,8.0,0.11428571428571428,6.0,0.0,,39.0,4.0,0.10256410256410256,
48113019210,129.0,12.0,0.09302325581395349,0.0,0.0,,102.0,12.0,0.11764705882352941,
48113019211,123.0,10.0,0.08130081300813008,3.0,1.0,,80.0,4.0,0.05,
48113019213,5.0,1.0,0.2,0.0,0.0,,2.0,0.0,,
48113019214,64.0,9.0,0.140625,3.0,1.0,,40.0,4.0,0.1,
48113019215,76.0,4.0,0.05263157894736842,2.0,0.0,,59.0,4.0,0.06779661016949153,
48113019216,123.0,7.0,0.056910569105691054,4.0,1.0,,82.0,3.0,0.036585365853658534,
48113019301,55.0,3.0,0.05454545454545454,0.0,0.0,,38.0,2.0,0.05263157894736842,
48113019302,52.0,1.0,0.019230769230769232,1.0,0.0,,28.0,0.0,0.0,
48113019400,91.0,10.0,0.10989010989010989,1.0,1.0,,57.0,9.0,0.15789473684210525,
48113019501,132.0,9.0,0.06818181818181818,0.0,0.0,,88.0,6.0,0.06818181818181818,
48113019502,76.0,5.0,0.06578947368421052,1.0,0.0,,44.0,3.0,0.06818181818181818,
48113019600,59.0,10.0,0.1694915254237288,0.0,0.0,,42.0,6.0,0.14285714285714285,
48113019700,40.0,3.0,0.075,0.0,0.0,,20.0,1.0,0.05,
48113019800,128.0,9.0,0.0703125,3.0,0.0,,86.0,6.0,0.06976744186046512,
48113019900,39.0,17.0,0.4358974358974359,1.0,1.0,,23.0,6.0,0.2608695652173913,
48113020000,92.0,7.0,0.07608695652173914,1.0,0.0,,33.0,3.0,0.09090909090909091,
48113020100,18.0,3.0,0.16666666666666666,0.0,0.0,,9.0,2.0,,
48113020200,89.0,13.0,0.14606741573033707,18.0,5.0,0.2777777777777778,43.0,4.0,0.09302325581395349,2.986111111111111
48113020300,47.0,10.0,0.2127659574468085,18.0,5.0,0.2777777777777778,12.0,2.0,0.16666666666666666,1.6666666666666667
48113020401,11.0,3.0,0.2727272727272727,1.0,0.0,,4.0,1.0,,
48113020402,108.0,14.0,0.12962962962962962,20.0,5.0,0.25,51.0,6.0,0.11764705882352941,2.125
48113020500,58.0,16.0,0.27586206896551724,8.0,2.0,,22.0,2.0,0.09090909090909091,
48113020600,69.0,10.0,0.14492753623188406,2.0,0.0,,38.0,7.0,0.18421052631578946,
48113020700,159.0,19.0,0.11949685534591195,5.0,2.0,,91.0,11.0,0.12087912087912088,
48113020800,157.0,23.0,0.1464968152866242,34.0,8.0,0.23529411764705882,61.0,4.0,0.06557377049180328,3.5882352941176467
48113020900,28.0,2.0,0.07142857142857142,7.0,1.0,,10.0,0.0,0.0,
48113021000,122.0,15.0,0.12295081967213115,22.0,4.0,0.18181818181818182,52.0,3.0,0.057692307692307696,3.1515151515151514
48113021100,66.0,9.0,0.13636363636363635,17.0,1.0,0.058823529411764705,26.0,4.0,0.15384615384615385,0.38235294117647056
48113021200,37.0,6.0,0.16216216216216217,2.0,0.0,,22.0,5.0,0.22727272727272727,
48113980000,2.0,0.0,0.0,0.0,0.0,,2.0,0.0,,
