GEOID,income_2013,home_val_2013,total_units_2013,owner_occ_2013,renter_occ_2013,pop_2013,white_2013,black_2013,hispanic_2013
48113000100,95250.0,475000.0,1854.0,1212.0,642.0,3981.0,3295.0,160.0,384.0
48113000201,88750.0,306600.0,1382.0,1063.0,319.0,2825.0,2484.0,8.0,311.0
48113000202,91776.0,324400.0,1853.0,1054.0,799.0,3582.0,2856.0,125.0,382.0
48113000300,86689.0,333300.0,2138.0,1052.0,1086.0,4210.0,3437.0,32.0,641.0
48113000401,45371.0,107000.0,1551.0,193.0,1358.0,5361.0,1006.0,778.0,2732.0
48113000404,43675.0,109700.0,1759.0,841.0,918.0,3647.0,1197.0,66.0,1824.0
48113000405,25117.0,180300.0,1127.0,116.0,1011.0,2716.0,418.0,589.0,1096.0
48113000406,38328.0,89800.0,2303.0,1046.0,1257.0,7705.0,763.0,90.0,6330.0
48113000500,53950.0,217800.0,2676.0,677.0,1999.0,4182.0,1973.0,272.0,1598.0
48113000601,46331.0,351800.0,2621.0,581.0,2040.0,6129.0,1877.0,168.0,3606.0
48113000603,92945.0,295400.0,2513.0,1049.0,1464.0,4144.0,2932.0,162.0,597.0
48113000605,71875.0,257000.0,1515.0,729.0,786.0,2174.0,1368.0,136.0,332.0
48113000606,88534.0,255600.0,2058.0,1371.0,687.0,2950.0,2464.0,74.0,160.0
48113000701,100593.0,249700.0,2832.0,760.0,2072.0,4264.0,3302.0,154.0,488.0
48113000702,55968.0,215300.0,1921.0,393.0,1528.0,2799.0,2051.0,0.0,415.0
48113000800,41533.0,121400.0,2699.0,429.0,2270.0,6373.0,1502.0,948.0,3541.0
48113000900,38750.0,310200.0,2262.0,329.0,1933.0,4387.0,1545.0,79.0,2628.0
48113001001,66935.0,294800.0,878.0,359.0,519.0,1751.0,1333.0,0.0,355.0
48113001002,59795.0,247500.0,988.0,378.0,610.0,2196.0,1117.0,25.0,975.0
48113001101,58321.0,258000.0,1748.0,838.0,910.0,3538.0,2516.0,20.0,939.0
48113001102,90926.0,300800.0,1290.0,700.0,590.0,2430.0,2019.0,30.0,256.0
48113001202,41641.0,291700.0,1654.0,404.0,1250.0,3263.0,1347.0,588.0,1217.0
48113001203,74076.0,258500.0,547.0,458.0,89.0,1666.0,564.0,19.0,1046.0
48113001204,27609.0,95100.0,662.0,410.0,252.0,3010.0,175.0,0.0,2793.0
48113001301,43875.0,302200.0,1342.0,348.0,994.0,2501.0,1644.0,120.0,594.0
48113001302,40000.0,353800.0,1190.0,250.0,940.0,2367.0,797.0,246.0,1187.0
48113001400,35909.0,300900.0,1646.0,409.0,1237.0,3929.0,1286.0,306.0,2082.0
48113001502,34315.0,120700.0,1273.0,278.0,995.0,3002.0,483.0,653.0,1765.0
48113001503,21579.0,,1318.0,0.0,1318.0,3545.0,609.0,386.0,2420.0
48113001504,28980.0,260000.0,1243.0,172.0,1071.0,2370.0,773.0,525.0,812.0
48113001600,49592.0,217900.0,2109.0,584.0,1525.0,4345.0,1598.0,1634.0,754.0
48113001701,98571.0,809200.0,192.0,75.0,117.0,294.0,206.0,12.0,27.0
48113001703,107000.0,440500.0,2106.0,518.0,1588.0,2989.0,2542.0,118.0,210.0
48113001704,97083.0,409000.0,925.0,220.0,705.0,1374.0,1005.0,28.0,214.0
48113001800,70023.0,249100.0,2464.0,199.0,2265.0,3562.0,2586.0,238.0,429.0
48113001900,82273.0,601100.0,2766.0,295.0,2471.0,4731.0,3048.0,312.0,505.0
48113002000,33095.0,75800.0,2232.0,246.0,1986.0,5453.0,541.0,1005.0,3773.0
48113002100,72212.0,,1037.0,0.0,1037.0,1625.0,784.0,371.0,184.0
48113002200,52054.0,246600.0,1145.0,188.0,957.0,2164.0,1186.0,470.0,207.0
48113002400,31184.0,87700.0,884.0,424.0,460.0,3126.0,145.0,157.0,2709.0
48113002500,27394.0,77100.0,1614.0,853.0,761.0,4458.0,197.0,1317.0,2858.0
48113002701,11143.0,74300.0,1058.0,359.0,699.0,2744.0,0.0,2184.0,557.0
48113002702,18893.0,53300.0,577.0,241.0,336.0,1487.0,26.0,1327.0,134.0
48113003101,68462.0,215900.0,1948.0,229.0,1719.0,2752.0,1745.0,260.0,307.0
48113003400,22891.0,65000.0,650.0,123.0,527.0,1312.0,172.0,958.0,179.0
48113003700,24528.0,45300.0,1179.0,453.0,726.0,3227.0,64.0,3142.0,0.0
48113003800,17563.0,53000.0,793.0,311.0,482.0,1976.0,64.0,1870.0,33.0
48113003901,22175.0,40000.0,585.0,148.0,437.0,1600.0,11.0,1589.0,0.0
48113003902,30189.0,45500.0,684.0,267.0,417.0,1912.0,156.0,1446.0,286.0
48113004000,23750.0,43900.0,412.0,195.0,217.0,890.0,73.0,746.0,71.0
48113004100,13558.0,37700.0,374.0,138.0,236.0,1128.0,16.0,625.0,461.0
48113004201,54417.0,198200.0,1542.0,1009.0,533.0,4337.0,1768.0,122.0,2307.0
48113004202,43026.0,194900.0,982.0,396.0,586.0,2382.0,838.0,6.0,1496.0
48113004300,27933.0,64300.0,601.0,417.0,184.0,2056.0,147.0,182.0,1718.0
48113004400,97941.0,307100.0,1502.0,1030.0,472.0,3429.0,2127.0,81.0,1131.0
48113004500,49406.0,110000.0,1876.0,1110.0,766.0,5763.0,1301.0,321.0,4049.0
48113004600,56384.0,195900.0,711.0,369.0,342.0,1506.0,674.0,155.0,669.0
48113004700,26707.0,74000.0,1006.0,257.0,749.0,3622.0,385.0,182.0,3051.0
48113004800,27426.0,81800.0,773.0,219.0,554.0,2723.0,93.0,11.0,2591.0
48113004900,26198.0,46800.0,1268.0,797.0,471.0,4192.0,106.0,2356.0,1684.0
48113005000,30455.0,62800.0,1244.0,575.0,669.0,4544.0,256.0,371.0,3876.0
48113005100,35938.0,79300.0,757.0,508.0,249.0,3110.0,454.0,49.0,2575.0
48113005200,53235.0,101400.0,1262.0,812.0,450.0,4910.0,631.0,11.0,4218.0
48113005300,40744.0,88700.0,1906.0,1328.0,578.0,7352.0,716.0,35.0,6580.0
48113005400,28900.0,65000.0,1558.0,992.0,566.0,5407.0,210.0,2406.0,2759.0
48113005500,26293.0,72500.0,1185.0,853.0,332.0,3606.0,86.0,1766.0,1751.0
48113005600,34069.0,65100.0,1843.0,1035.0,808.0,8460.0,147.0,1655.0,6375.0
48113005700,27057.0,51200.0,1441.0,959.0,482.0,4738.0,125.0,2442.0,2124.0
48113005901,29423.0,65800.0,1786.0,1242.0,544.0,4533.0,22.0,3580.0,908.0
48113005902,26377.0,66800.0,1448.0,763.0,685.0,3779.0,231.0,2633.0,904.0
48113006001,28040.0,73700.0,1129.0,550.0,579.0,3762.0,71.0,988.0,2674.0
48113006002,20357.0,97600.0,1762.0,179.0,1583.0,4935.0,994.0,2839.0,822.0
48113006100,32917.0,119800.0,1524.0,765.0,759.0,4517.0,404.0,1727.0,2368.0
48113006200,39157.0,95700.0,1788.0,1055.0,733.0,5735.0,801.0,1404.0,3439.0
48113006301,42485.0,81900.0,1601.0,1150.0,451.0,6183.0,401.0,693.0,4876.0
48113006302,44106.0,95900.0,1260.0,1017.0,243.0,4147.0,670.0,116.0,3308.0
48113006401,49079.0,84200.0,652.0,558.0,94.0,2451.0,192.0,12.0,2231.0
48113006402,37471.0,83500.0,1439.0,789.0,650.0,5925.0,252.0,126.0,5541.0
48113006501,36733.0,88900.0,1526.0,1155.0,371.0,5934.0,261.0,122.0,5544.0
48113006502,41214.0,80400.0,944.0,747.0,197.0,3914.0,352.0,39.0,3523.0
48113006700,36533.0,75600.0,1937.0,1167.0,770.0,7491.0,937.0,44.0,6501.0
48113006800,26402.0,81500.0,1786.0,556.0,1230.0,5359.0,580.0,515.0,4170.0
48113006900,25765.0,149200.0,1238.0,327.0,911.0,3252.0,487.0,294.0,2460.0
48113007101,113958.0,597900.0,1002.0,510.0,492.0,2052.0,1664.0,0.0,163.0
48113007102,51162.0,125000.0,2590.0,1248.0,1342.0,6855.0,1519.0,2320.0,2690.0
48113007201,31527.0,86500.0,2408.0,188.0,2220.0,8931.0,1002.0,350.0,7562.0
48113007202,25549.0,73800.0,2663.0,174.0,2489.0,8171.0,1071.0,170.0,6746.0
48113007301,183125.0,679300.0,835.0,702.0,133.0,2015.0,1903.0,2.0,60.0
48113007302,104875.0,557200.0,1875.0,1257.0,618.0,4915.0,2881.0,103.0,1729.0
48113007601,135000.0,800500.0,692.0,559.0,133.0,1934.0,1678.0,18.0,182.0
48113007604,202188.0,962200.0,1220.0,1175.0,45.0,3359.0,2906.0,190.0,12.0
48113007605,113090.0,474100.0,821.0,747.0,74.0,1882.0,1686.0,36.0,72.0
48113007700,100625.0,421500.0,2573.0,1693.0,880.0,4796.0,4298.0,2.0,199.0
48113007801,115625.0,573200.0,1189.0,836.0,353.0,2214.0,2039.0,7.0,99.0
48113007804,34781.0,96800.0,2385.0,617.0,1768.0,5208.0,841.0,2963.0,1161.0
48113007805,51641.0,145900.0,1389.0,705.0,684.0,3138.0,1588.0,1054.0,373.0
48113007809,56266.0,244700.0,1143.0,529.0,614.0,2022.0,1266.0,262.0,383.0
48113007810,66250.0,295300.0,1711.0,1021.0,690.0,3887.0,2180.0,931.0,577.0
48113007811,35722.0,101400.0,2375.0,492.0,1883.0,4923.0,983.0,3059.0,764.0
48113007812,140250.0,355900.0,1157.0,1154.0,3.0,3067.0,2738.0,53.0,135.0
48113007815,22830.0,41800.0,1501.0,227.0,1274.0,4691.0,658.0,782.0,2361.0
48113007818,27313.0,,2141.0,0.0,2141.0,5181.0,686.0,1143.0,2944.0
48113007819,26569.0,142300.0,975.0,36.0,939.0,1952.0,601.0,387.0,852.0
48113007820,27838.0,76500.0,1944.0,184.0,1760.0,5726.0,902.0,1606.0,2817.0
48113007821,28895.0,34200.0,1235.0,72.0,1163.0,3307.0,401.0,532.0,1967.0
48113007822,43319.0,,663.0,0.0,663.0,1097.0,812.0,115.0,146.0
48113007823,38958.0,,229.0,9.0,220.0,990.0,382.0,200.0,408.0
48113007824,147763.0,295800.0,624.0,611.0,13.0,1635.0,1394.0,126.0,68.0
48113007825,52617.0,369000.0,2141.0,939.0,1202.0,5386.0,2034.0,1772.0,1442.0
48113007826,35250.0,64300.0,175.0,81.0,94.0,260.0,111.0,136.0,0.0
48113007827,42982.0,78700.0,1126.0,274.0,852.0,2375.0,623.0,1322.0,269.0
48113007902,62939.0,240800.0,2601.0,1609.0,992.0,5018.0,3984.0,358.0,562.0
48113007903,81440.0,327800.0,949.0,647.0,302.0,1912.0,1696.0,53.0,124.0
48113007906,117708.0,715600.0,1093.0,576.0,517.0,2343.0,2089.0,19.0,123.0
48113007909,43962.0,,1489.0,0.0,1489.0,2146.0,1156.0,316.0,378.0
48113007910,50654.0,,2079.0,0.0,2079.0,3047.0,1734.0,151.0,467.0
48113007911,45705.0,,1981.0,0.0,1981.0,2917.0,2252.0,188.0,410.0
48113007912,57692.0,,1074.0,0.0,1074.0,1779.0,1387.0,58.0,237.0
48113007913,63136.0,107100.0,1108.0,469.0,639.0,2249.0,1221.0,376.0,564.0
48113007914,50250.0,108000.0,1567.0,233.0,1334.0,2645.0,1652.0,280.0,272.0
48113008000,142672.0,436800.0,2548.0,2355.0,193.0,6186.0,5644.0,0.0,228.0
48113008100,71228.0,325100.0,2930.0,1556.0,1374.0,6727.0,5368.0,230.0,1083.0
48113008200,51300.0,232900.0,1786.0,1006.0,780.0,4070.0,2418.0,544.0,889.0
48113008400,35455.0,73400.0,2568.0,1669.0,899.0,8685.0,971.0,411.0,7186.0
48113008500,36045.0,79600.0,1289.0,812.0,477.0,5384.0,661.0,452.0,4257.0
48113008603,22760.0,86800.0,371.0,209.0,162.0,1251.0,3.0,747.0,501.0
48113008604,14375.0,70200.0,1222.0,163.0,1059.0,2975.0,72.0,2293.0,597.0
48113008701,16550.0,56500.0,1586.0,486.0,1100.0,3838.0,28.0,3524.0,224.0
48113008703,21994.0,43400.0,944.0,579.0,365.0,2754.0,103.0,1484.0,1127.0
48113008704,22934.0,64100.0,1256.0,452.0,804.0,3402.0,140.0,2971.0,291.0
48113008705,26750.0,56400.0,476.0,340.0,136.0,1249.0,18.0,814.0,417.0
48113008801,27472.0,68700.0,969.0,658.0,311.0,2401.0,34.0,1917.0,445.0
48113008802,19742.0,48900.0,2005.0,1088.0,917.0,6202.0,53.0,3886.0,2210.0
48113008900,20451.0,60900.0,1031.0,409.0,622.0,3028.0,120.0,2079.0,829.0
48113009000,29358.0,84400.0,2506.0,1138.0,1368.0,8481.0,633.0,2699.0,5048.0
48113009101,39054.0,79300.0,1527.0,1101.0,426.0,5687.0,492.0,1105.0,3986.0
48113009103,35302.0,78000.0,925.0,602.0,323.0,3533.0,200.0,989.0,2344.0
48113009104,36125.0,70400.0,953.0,740.0,213.0,3611.0,209.0,633.0,2769.0
48113009105,30905.0,68700.0,1060.0,771.0,289.0,4330.0,432.0,377.0,3434.0
48113009201,45404.0,80300.0,1745.0,1244.0,501.0,6674.0,687.0,1133.0,4800.0
48113009202,36708.0,66200.0,1529.0,992.0,537.0,5976.0,516.0,644.0,4777.0
48113009301,41222.0,69900.0,1267.0,842.0,425.0,5627.0,390.0,359.0,4786.0
48113009303,34722.0,64900.0,1144.0,857.0,287.0,3979.0,103.0,427.0,3449.0
48113009304,17830.0,67000.0,1898.0,500.0,1398.0,5866.0,92.0,4026.0,1620.0
48113009401,48750.0,156200.0,1402.0,930.0,472.0,3401.0,1192.0,223.0,1946.0
48113009402,103148.0,293300.0,1214.0,1021.0,193.0,2426.0,1957.0,21.0,403.0
48113009500,123348.0,369100.0,919.0,799.0,120.0,2228.0,1711.0,72.0,360.0
48113009603,105875.0,358100.0,1836.0,1447.0,389.0,4492.0,3351.0,245.0,530.0
48113009604,54758.0,342100.0,1838.0,781.0,1057.0,4390.0,2637.0,353.0,1192.0
48113009605,40150.0,121900.0,1259.0,485.0,774.0,3568.0,905.0,217.0,2331.0
48113009607,70694.0,184200.0,1445.0,1077.0,368.0,4100.0,2113.0,215.0,1600.0
48113009608,64200.0,252900.0,1684.0,1071.0,613.0,4436.0,2150.0,367.0,1844.0
48113009609,125000.0,377300.0,1136.0,1057.0,79.0,2971.0,2594.0,59.0,310.0
48113009610,30313.0,,1383.0,0.0,1383.0,5555.0,786.0,242.0,4474.0
48113009611,49746.0,131600.0,1201.0,913.0,288.0,3534.0,1086.0,105.0,2263.0
48113009701,50296.0,153400.0,1520.0,946.0,574.0,5271.0,1603.0,342.0,3147.0
48113009702,106023.0,236300.0,1160.0,977.0,183.0,2768.0,2469.0,0.0,259.0
48113009802,30703.0,104600.0,1780.0,956.0,824.0,5955.0,619.0,106.0,5204.0
48113009803,42425.0,133900.0,715.0,395.0,320.0,2204.0,584.0,242.0,1299.0
48113009804,27237.0,56700.0,2032.0,111.0,1921.0,8044.0,1222.0,266.0,6556.0
48113009900,42431.0,12000.0,1203.0,30.0,1173.0,2703.0,729.0,394.0,1063.0
48113010000,32473.0,99400.0,1593.0,171.0,1422.0,12243.0,3500.0,5519.0,2225.0
48113010101,25470.0,81900.0,1326.0,760.0,566.0,4371.0,262.0,1892.0,1977.0
48113010102,38516.0,74800.0,846.0,434.0,412.0,3387.0,283.0,125.0,2948.0
48113010500,36625.0,62400.0,774.0,639.0,135.0,3252.0,368.0,1069.0,1799.0
48113010601,41035.0,64100.0,1519.0,1046.0,473.0,6204.0,253.0,107.0,5802.0
48113010602,23555.0,77800.0,719.0,328.0,391.0,2653.0,343.0,317.0,1816.0
48113010701,37917.0,66800.0,1430.0,546.0,884.0,4746.0,406.0,275.0,3992.0
48113010703,34662.0,83400.0,790.0,398.0,392.0,3016.0,346.0,220.0,2401.0
48113010704,32173.0,101700.0,1484.0,547.0,937.0,4788.0,452.0,993.0,3313.0
48113010801,36060.0,97700.0,2772.0,1301.0,1471.0,9941.0,469.0,1401.0,7966.0
48113010803,56944.0,122000.0,2278.0,1718.0,560.0,6261.0,1280.0,2749.0,2140.0
48113010804,21130.0,91500.0,1449.0,440.0,1009.0,4338.0,245.0,1260.0,2797.0
48113010805,37218.0,104700.0,1610.0,827.0,783.0,6339.0,365.0,1585.0,4361.0
48113010902,31581.0,103800.0,2453.0,769.0,1684.0,5821.0,215.0,4998.0,562.0
48113010903,34041.0,101000.0,1188.0,353.0,835.0,3134.0,182.0,1613.0,1324.0
48113010904,28796.0,,1593.0,56.0,1537.0,3273.0,53.0,2617.0,526.0
48113011001,37734.0,100800.0,2644.0,1651.0,993.0,6670.0,228.0,5731.0,495.0
48113011002,48107.0,107400.0,1037.0,909.0,128.0,2914.0,110.0,2296.0,442.0
48113011101,53638.0,107200.0,1587.0,1266.0,321.0,3887.0,111.0,3635.0,141.0
48113011103,38906.0,80500.0,1186.0,824.0,362.0,3443.0,222.0,1714.0,1482.0
48113011104,30439.0,67200.0,1142.0,774.0,368.0,3438.0,68.0,2723.0,636.0
48113011105,29968.0,75400.0,1281.0,418.0,863.0,3799.0,54.0,2715.0,1030.0
48113011200,40774.0,91100.0,2207.0,1635.0,572.0,6303.0,151.0,4868.0,1252.0
48113011300,36715.0,82800.0,1836.0,1282.0,554.0,4936.0,97.0,4645.0,145.0
48113011401,22399.0,58600.0,1605.0,573.0,1032.0,5299.0,116.0,4725.0,443.0
48113011500,15659.0,70700.0,693.0,247.0,446.0,2050.0,38.0,810.0,1202.0
48113011601,29727.0,59200.0,1347.0,704.0,643.0,4551.0,237.0,2268.0,2046.0
48113011602,36736.0,74000.0,1725.0,1128.0,597.0,6695.0,884.0,898.0,4913.0
48113011701,33829.0,83500.0,1789.0,1128.0,661.0,7433.0,543.0,1905.0,4963.0
48113011702,34094.0,75000.0,1298.0,982.0,316.0,4891.0,855.0,296.0,3691.0
48113011800,27917.0,76900.0,2465.0,1229.0,1236.0,9637.0,776.0,3365.0,5462.0
48113011900,40793.0,71700.0,2492.0,1772.0,720.0,9353.0,342.0,3180.0,5814.0
48113012000,32845.0,73800.0,2343.0,914.0,1429.0,7539.0,406.0,3541.0,3573.0
48113012100,35216.0,83600.0,1813.0,916.0,897.0,5919.0,349.0,2703.0,2726.0
48113012204,43291.0,143200.0,2365.0,1542.0,823.0,6260.0,2553.0,1701.0,1797.0
48113012206,61272.0,137700.0,1725.0,1383.0,342.0,4718.0,1019.0,2444.0,1129.0
48113012207,38981.0,136000.0,2480.0,965.0,1515.0,7466.0,483.0,3358.0,3439.0
48113012208,22442.0,,1001.0,0.0,1001.0,2889.0,253.0,946.0,1668.0
48113012209,52578.0,197900.0,1181.0,592.0,589.0,3236.0,1436.0,296.0,1463.0
48113012210,25820.0,158500.0,1699.0,308.0,1391.0,3891.0,745.0,1739.0,1361.0
48113012211,28677.0,108000.0,1661.0,273.0,1388.0,4313.0,477.0,1824.0,1863.0
48113012301,37926.0,84300.0,1420.0,871.0,549.0,4999.0,1075.0,436.0,3386.0
48113012302,18701.0,98700.0,2217.0,544.0,1673.0,7361.0,603.0,3085.0,3127.0
48113012400,66023.0,136500.0,2069.0,1688.0,381.0,5024.0,2532.0,349.0,1897.0
48113012500,44948.0,88100.0,2375.0,1747.0,628.0,7661.0,2208.0,439.0,4436.0
48113012601,45572.0,114700.0,1682.0,864.0,818.0,6289.0,498.0,885.0,3601.0
48113012603,34441.0,97300.0,682.0,518.0,164.0,2133.0,762.0,93.0,1200.0
48113012604,31195.0,133000.0,2416.0,313.0,2103.0,6374.0,1381.0,1897.0,2648.0
48113012701,40082.0,83100.0,1980.0,1162.0,818.0,6898.0,1533.0,421.0,4660.0
48113012702,41632.0,79400.0,1050.0,574.0,476.0,3247.0,902.0,145.0,2200.0
48113012800,58088.0,178200.0,3144.0,2279.0,865.0,7756.0,4169.0,345.0,3038.0
48113012900,76581.0,226500.0,2135.0,1537.0,598.0,4190.0,3309.0,220.0,623.0
48113013004,95313.0,285200.0,2502.0,2030.0,472.0,6203.0,5270.0,349.0,388.0
48113013005,81302.0,210700.0,1501.0,1268.0,233.0,3454.0,3050.0,9.0,279.0
48113013007,65110.0,161000.0,1159.0,773.0,386.0,3271.0,1475.0,452.0,736.0
48113013008,72213.0,328800.0,1341.0,900.0,441.0,3568.0,2326.0,307.0,454.0
48113013009,55972.0,258000.0,1654.0,918.0,736.0,4447.0,1980.0,1482.0,854.0
48113013010,27113.0,143600.0,1858.0,198.0,1660.0,5034.0,772.0,938.0,3063.0
48113013011,27978.0,158000.0,1877.0,63.0,1814.0,4617.0,322.0,1012.0,3259.0
48113013101,79620.0,445500.0,1133.0,926.0,207.0,2632.0,2320.0,9.0,130.0
48113013102,82981.0,347700.0,777.0,633.0,144.0,1624.0,1435.0,22.0,146.0
48113013104,61146.0,121500.0,539.0,381.0,158.0,1081.0,855.0,0.0,128.0
48113013105,30875.0,113500.0,3296.0,574.0,2722.0,6279.0,1986.0,1594.0,2454.0
48113013200,71371.0,587600.0,3424.0,1300.0,2124.0,6637.0,5168.0,225.0,659.0
48113013300,215221.0,674900.0,811.0,739.0,72.0,2299.0,1880.0,68.0,222.0
48113013400,143264.0,578700.0,795.0,743.0,52.0,2081.0,1877.0,13.0,85.0
48113013500,173500.0,642000.0,854.0,844.0,10.0,2404.0,2252.0,6.0,108.0
48113013605,110718.0,238900.0,2064.0,1902.0,162.0,5229.0,4545.0,85.0,379.0
48113013606,60066.0,243400.0,2556.0,1232.0,1324.0,6026.0,3000.0,1010.0,1844.0
48113013607,83519.0,281000.0,1262.0,946.0,316.0,3610.0,2759.0,140.0,655.0
48113013608,117446.0,449000.0,1001.0,940.0,61.0,2456.0,2243.0,47.0,124.0
48113013609,75121.0,413800.0,1279.0,584.0,695.0,3845.0,2266.0,408.0,1033.0
48113013610,75871.0,199100.0,1555.0,1067.0,488.0,4219.0,2078.0,367.0,1488.0
48113013611,100104.0,515300.0,1303.0,697.0,606.0,2383.0,2028.0,64.0,173.0
48113013615,30272.0,168900.0,2180.0,246.0,1934.0,4980.0,886.0,1144.0,2744.0
48113013616,58063.0,259000.0,3473.0,220.0,3253.0,5564.0,2927.0,747.0,1407.0
48113013617,79276.0,239700.0,1270.0,859.0,411.0,2906.0,2108.0,60.0,392.0
48113013618,99803.0,308200.0,965.0,665.0,300.0,2424.0,1940.0,32.0,213.0
48113013619,121581.0,299300.0,2047.0,1754.0,293.0,4855.0,3824.0,156.0,396.0
48113013620,55286.0,113500.0,2622.0,505.0,2117.0,4280.0,2614.0,862.0,509.0
48113013621,44162.0,116800.0,2009.0,404.0,1605.0,3892.0,1661.0,1176.0,914.0
48113013622,49841.0,404800.0,1633.0,321.0,1312.0,3239.0,1553.0,443.0,820.0
48113013623,40425.0,103300.0,3294.0,626.0,2668.0,6164.0,1856.0,1622.0,2294.0
48113013624,50882.0,110600.0,2096.0,179.0,1917.0,3406.0,1183.0,734.0,808.0
48113013625,31957.0,,1240.0,0.0,1240.0,3041.0,406.0,723.0,1765.0
48113013626,48601.0,,1484.0,0.0,1484.0,3315.0,962.0,313.0,1728.0
48113013711,36439.0,112500.0,810.0,145.0,665.0,3064.0,616.0,246.0,2033.0
48113013712,63281.0,121400.0,669.0,584.0,85.0,2391.0,944.0,35.0,1397.0
48113013713,30140.0,110000.0,518.0,36.0,482.0,2111.0,223.0,27.0,1772.0
48113013714,47904.0,110700.0,1631.0,1077.0,554.0,6340.0,1310.0,37.0,4965.0
48113013715,56250.0,115700.0,661.0,598.0,63.0,2387.0,641.0,27.0,1611.0
48113013716,56883.0,140300.0,1605.0,1250.0,355.0,4727.0,2118.0,220.0,1841.0
48113013717,51689.0,131200.0,760.0,286.0,474.0,2629.0,580.0,28.0,1844.0
48113013718,36996.0,113700.0,1391.0,432.0,959.0,4749.0,502.0,508.0,3449.0
48113013719,56888.0,180400.0,1340.0,555.0,785.0,3761.0,1453.0,182.0,845.0
48113013720,56989.0,126400.0,1949.0,1255.0,694.0,5733.0,1834.0,371.0,3043.0
48113013721,97500.0,188900.0,2420.0,2213.0,207.0,6009.0,3673.0,309.0,1027.0
48113013722,54230.0,141300.0,1875.0,427.0,1448.0,3530.0,1793.0,612.0,657.0
48113013725,44206.0,170300.0,1804.0,306.0,1498.0,4277.0,1364.0,754.0,1849.0
48113013726,69479.0,275700.0,1488.0,682.0,806.0,3478.0,1690.0,296.0,1313.0
48113013727,62028.0,226600.0,1786.0,564.0,1222.0,3070.0,1735.0,665.0,506.0
48113013803,66534.0,191700.0,2299.0,1888.0,411.0,5625.0,3685.0,157.0,1487.0
48113013804,58958.0,172000.0,1197.0,941.0,256.0,3009.0,1882.0,36.0,949.0
48113013805,31223.0,,1449.0,21.0,1428.0,2956.0,846.0,372.0,1453.0
48113013806,70133.0,296900.0,1721.0,71.0,1650.0,2996.0,1639.0,287.0,436.0
48113013901,48712.0,99700.0,930.0,644.0,286.0,3225.0,793.0,57.0,2261.0
48113013902,49811.0,126800.0,1395.0,1090.0,305.0,4061.0,2226.0,0.0,1747.0
48113014001,66494.0,157500.0,1396.0,1174.0,222.0,4223.0,2417.0,158.0,1402.0
48113014002,56034.0,39000.0,90.0,57.0,33.0,129.0,114.0,0.0,15.0
48113014103,27773.0,,1238.0,6.0,1232.0,3283.0,552.0,1112.0,1191.0
48113014113,57616.0,160700.0,2049.0,428.0,1621.0,4625.0,1115.0,1508.0,1370.0
48113014114,34161.0,,1511.0,49.0,1462.0,3006.0,486.0,762.0,1216.0
48113014115,60150.0,120200.0,2211.0,1515.0,696.0,7624.0,2335.0,809.0,3729.0
48113014116,37180.0,237900.0,1989.0,77.0,1912.0,3899.0,921.0,1399.0,765.0
48113014119,106525.0,211600.0,1447.0,1387.0,60.0,4076.0,3146.0,32.0,293.0
48113014120,112159.0,244800.0,1713.0,1575.0,138.0,4974.0,3728.0,101.0,437.0
48113014121,72773.0,289100.0,2631.0,569.0,2062.0,5456.0,2904.0,799.0,571.0
48113014123,134875.0,315000.0,1945.0,1865.0,80.0,6059.0,3674.0,155.0,701.0
48113014124,154821.0,373300.0,1441.0,1248.0,193.0,4138.0,2008.0,229.0,617.0
48113014126,112813.0,269900.0,1895.0,1670.0,225.0,5956.0,3881.0,110.0,772.0
48113014127,69212.0,344500.0,3375.0,1370.0,2005.0,8062.0,1997.0,1145.0,393.0
48113014128,70529.0,215200.0,1551.0,858.0,693.0,3396.0,1490.0,440.0,355.0
48113014129,90250.0,316500.0,1882.0,531.0,1351.0,5317.0,1587.0,401.0,180.0
48113014130,84097.0,238200.0,1845.0,1045.0,800.0,4126.0,1222.0,291.0,646.0
48113014131,50970.0,154800.0,2075.0,357.0,1718.0,4343.0,1613.0,1584.0,283.0
48113014132,72121.0,235000.0,1030.0,376.0,654.0,2313.0,825.0,483.0,158.0
48113014133,43721.0,163000.0,2035.0,216.0,1819.0,4184.0,1239.0,1550.0,699.0
48113014134,131964.0,244700.0,1304.0,1032.0,272.0,4005.0,2335.0,104.0,386.0
48113014135,86875.0,354000.0,1652.0,841.0,811.0,4497.0,2937.0,127.0,661.0
48113014136,60292.0,,2851.0,37.0,2814.0,5659.0,1630.0,1706.0,595.0
48113014137,80025.0,456800.0,1817.0,411.0,1406.0,3634.0,1367.0,331.0,468.0
48113014138,82500.0,384400.0,1908.0,567.0,1341.0,3774.0,1864.0,191.0,316.0
48113014203,50677.0,120600.0,1167.0,737.0,430.0,3460.0,1565.0,522.0,1258.0
48113014204,35179.0,137300.0,557.0,160.0,397.0,2092.0,1061.0,282.0,357.0
48113014205,134417.0,343100.0,621.0,592.0,29.0,1492.0,954.0,52.0,129.0
48113014206,70250.0,152500.0,2620.0,90.0,2530.0,3862.0,1677.0,566.0,732.0
48113014302,46875.0,112000.0,2259.0,1425.0,834.0,7039.0,3093.0,278.0,3461.0
48113014306,46250.0,104600.0,1610.0,1055.0,555.0,5444.0,1455.0,407.0,3437.0
48113014307,56954.0,135900.0,1863.0,1033.0,830.0,4143.0,2490.0,513.0,684.0
48113014308,35541.0,163900.0,1377.0,255.0,1122.0,4232.0,694.0,543.0,2599.0
48113014309,27035.0,96300.0,1727.0,123.0,1604.0,5189.0,646.0,1360.0,2472.0
48113014310,51595.0,118000.0,1807.0,931.0,876.0,4447.0,1303.0,1205.0,1434.0
48113014311,72890.0,168800.0,1855.0,57.0,1798.0,4775.0,476.0,355.0,485.0
48113014312,66272.0,546500.0,2573.0,573.0,2000.0,5383.0,1996.0,822.0,867.0
48113014403,42115.0,32500.0,1691.0,45.0,1646.0,3899.0,838.0,1202.0,1481.0
48113014405,40688.0,107500.0,1176.0,603.0,573.0,3541.0,843.0,98.0,2475.0
48113014406,45098.0,115800.0,1482.0,805.0,677.0,4700.0,1421.0,162.0,2977.0
48113014407,36913.0,114800.0,1882.0,348.0,1534.0,4724.0,931.0,990.0,2522.0
48113014408,44737.0,160800.0,1669.0,808.0,861.0,4250.0,964.0,1122.0,1800.0
48113014501,71029.0,118700.0,1050.0,826.0,224.0,3530.0,1337.0,169.0,1960.0
48113014502,41523.0,149100.0,1365.0,596.0,769.0,4543.0,1594.0,83.0,2711.0
48113014601,43693.0,154200.0,667.0,370.0,297.0,2217.0,974.0,28.0,1203.0
48113014602,33712.0,107800.0,1402.0,450.0,952.0,4863.0,749.0,243.0,3547.0
48113014603,28750.0,112900.0,437.0,179.0,258.0,1650.0,349.0,74.0,1148.0
48113014701,30346.0,80600.0,1437.0,574.0,863.0,4386.0,556.0,279.0,3315.0
48113014702,29605.0,124700.0,1174.0,432.0,742.0,4195.0,867.0,49.0,3215.0
48113014703,35430.0,145800.0,602.0,236.0,366.0,1661.0,372.0,42.0,1186.0
48113014901,41250.0,98100.0,384.0,130.0,254.0,1634.0,260.0,23.0,1325.0
48113014902,26993.0,101600.0,786.0,317.0,469.0,2289.0,544.0,159.0,1554.0
48113015000,36326.0,107200.0,2470.0,1442.0,1028.0,8104.0,1889.0,357.0,5617.0
48113015100,43275.0,109900.0,2105.0,1489.0,616.0,6868.0,2165.0,393.0,3864.0
48113015202,39917.0,105000.0,1075.0,392.0,683.0,4110.0,545.0,99.0,3397.0
48113015204,54693.0,113200.0,2277.0,1709.0,568.0,7591.0,3335.0,0.0,3818.0
48113015205,36974.0,92100.0,1158.0,561.0,597.0,3538.0,729.0,59.0,2727.0
48113015206,57045.0,108900.0,1254.0,968.0,286.0,3721.0,1554.0,265.0,1886.0
48113015303,30714.0,31000.0,602.0,436.0,166.0,2188.0,511.0,81.0,1473.0
48113015304,37448.0,45300.0,1099.0,987.0,112.0,3446.0,1164.0,9.0,1953.0
48113015305,47546.0,109800.0,1364.0,911.0,453.0,4445.0,1437.0,472.0,2241.0
48113015306,62955.0,144200.0,1768.0,1221.0,547.0,5167.0,2119.0,516.0,1238.0
48113015401,61593.0,153400.0,2617.0,1381.0,1236.0,6371.0,3516.0,1071.0,1445.0
48113015403,33958.0,113100.0,1203.0,436.0,767.0,3169.0,905.0,341.0,1912.0
48113015404,35719.0,63500.0,1361.0,449.0,912.0,4313.0,751.0,593.0,2938.0
48113015500,36275.0,106500.0,1263.0,510.0,753.0,3920.0,938.0,182.0,2710.0
48113015600,37375.0,65000.0,1495.0,946.0,549.0,5311.0,675.0,132.0,4488.0
48113015700,44188.0,70300.0,635.0,405.0,230.0,2444.0,524.0,110.0,1785.0
48113015800,35848.0,68100.0,643.0,468.0,175.0,2348.0,355.0,0.0,1979.0
48113015900,38929.0,88800.0,1290.0,429.0,861.0,4056.0,846.0,790.0,2384.0
48113016001,42799.0,70900.0,1293.0,755.0,538.0,4718.0,1396.0,140.0,3134.0
48113016002,29226.0,86600.0,771.0,355.0,416.0,2854.0,349.0,135.0,2363.0
48113016100,30534.0,108700.0,1548.0,584.0,964.0,3840.0,965.0,1740.0,1102.0
48113016201,42774.0,94500.0,1205.0,771.0,434.0,4789.0,1163.0,707.0,2855.0
48113016202,36425.0,104600.0,2367.0,1119.0,1248.0,7529.0,2762.0,483.0,4178.0
48113016301,56113.0,114400.0,1759.0,1466.0,293.0,6617.0,908.0,873.0,4339.0
48113016302,40179.0,90400.0,549.0,345.0,204.0,1991.0,512.0,74.0,1220.0
48113016401,77276.0,120200.0,2625.0,2442.0,183.0,9774.0,2660.0,2112.0,4337.0
48113016406,46528.0,92400.0,1501.0,850.0,651.0,4711.0,1098.0,804.0,2562.0
48113016407,37259.0,91900.0,2224.0,998.0,1226.0,7379.0,1389.0,853.0,4882.0
48113016408,49318.0,99700.0,2422.0,1785.0,637.0,6534.0,1692.0,1102.0,3302.0
48113016409,92548.0,158500.0,1173.0,1143.0,30.0,3249.0,1325.0,687.0,874.0
48113016410,87518.0,147200.0,1521.0,1418.0,103.0,5310.0,2023.0,1069.0,1558.0
48113016411,71600.0,120500.0,2854.0,2358.0,496.0,8936.0,2988.0,2027.0,3250.0
48113016412,99182.0,185000.0,1358.0,1314.0,44.0,4069.0,1418.0,995.0,906.0
48113016413,75572.0,172500.0,2233.0,1691.0,542.0,6897.0,2208.0,1697.0,2213.0
48113016502,52200.0,95900.0,2264.0,1448.0,816.0,6928.0,2146.0,1106.0,3572.0
48113016509,59236.0,127200.0,1960.0,1471.0,489.0,5721.0,2098.0,2174.0,1272.0
48113016510,61039.0,126800.0,3855.0,3029.0,826.0,12433.0,1755.0,5318.0,4816.0
48113016511,43662.0,96800.0,1378.0,980.0,398.0,3513.0,752.0,1616.0,1057.0
48113016513,84550.0,166300.0,1865.0,1719.0,146.0,5186.0,2087.0,1805.0,861.0
48113016514,82785.0,130300.0,2487.0,1923.0,564.0,7369.0,1755.0,4020.0,1313.0
48113016516,47163.0,90500.0,1725.0,1047.0,678.0,5553.0,1167.0,1085.0,3097.0
48113016517,42296.0,95900.0,1607.0,841.0,766.0,4386.0,1309.0,1421.0,1624.0
48113016518,60815.0,101500.0,1710.0,1111.0,599.0,5328.0,1695.0,1310.0,2215.0
48113016519,70238.0,142200.0,766.0,715.0,51.0,2250.0,1077.0,376.0,773.0
48113016520,43859.0,94700.0,2046.0,1040.0,1006.0,6795.0,840.0,2204.0,3325.0
48113016521,43180.0,111800.0,1523.0,640.0,883.0,5263.0,1787.0,2389.0,929.0
48113016522,54368.0,119800.0,1183.0,844.0,339.0,3383.0,1804.0,629.0,870.0
48113016523,111413.0,273300.0,1528.0,1360.0,168.0,4236.0,2100.0,1242.0,575.0
48113016605,25195.0,69200.0,2706.0,416.0,2290.0,7182.0,1030.0,4336.0,1757.0
48113016606,56700.0,110200.0,2710.0,1554.0,1156.0,6962.0,1436.0,3515.0,1928.0
48113016607,27144.0,,1631.0,0.0,1631.0,3128.0,196.0,2482.0,282.0
48113016610,36725.0,118500.0,1932.0,1059.0,873.0,4385.0,576.0,3469.0,275.0
48113016611,63886.0,120000.0,2189.0,1388.0,801.0,6120.0,1132.0,4291.0,629.0
48113016612,84421.0,163000.0,4260.0,3864.0,396.0,13098.0,1509.0,9886.0,1522.0
48113016615,56906.0,110700.0,1255.0,914.0,341.0,4066.0,872.0,2615.0,513.0
48113016616,66875.0,127100.0,1763.0,1460.0,303.0,5580.0,1499.0,2779.0,1090.0
48113016617,92283.0,191200.0,1692.0,1519.0,173.0,5227.0,1138.0,3287.0,513.0
48113016618,48636.0,127300.0,1664.0,995.0,669.0,4352.0,1151.0,2563.0,438.0
48113016619,42434.0,113900.0,1509.0,609.0,900.0,3867.0,632.0,2436.0,577.0
48113016620,67042.0,129300.0,1969.0,1518.0,451.0,5113.0,1406.0,3223.0,396.0
48113016621,46637.0,104100.0,1760.0,1103.0,657.0,5351.0,707.0,3379.0,1107.0
48113016622,52430.0,121000.0,1190.0,766.0,424.0,3945.0,584.0,2896.0,407.0
48113016623,70791.0,154200.0,1831.0,1356.0,475.0,5671.0,965.0,3199.0,1314.0
48113016624,71065.0,121400.0,1171.0,929.0,242.0,3358.0,591.0,1982.0,686.0
48113016625,64540.0,148000.0,3194.0,2014.0,1180.0,8999.0,1106.0,6421.0,958.0
48113016626,46293.0,95300.0,1666.0,883.0,783.0,5015.0,1007.0,2262.0,1207.0
48113016701,29614.0,75600.0,2079.0,1620.0,459.0,6045.0,48.0,5873.0,111.0
48113016703,47934.0,110400.0,3055.0,1908.0,1147.0,10532.0,1361.0,6094.0,2905.0
48113016704,47310.0,79200.0,1385.0,901.0,484.0,3890.0,421.0,2670.0,740.0
48113016705,47436.0,107200.0,2410.0,1451.0,959.0,6578.0,654.0,4586.0,1182.0
48113016802,67331.0,144200.0,1181.0,980.0,201.0,3066.0,754.0,1604.0,679.0
48113016803,53329.0,89700.0,2229.0,1539.0,690.0,6612.0,1397.0,3473.0,1677.0
48113016804,59467.0,105400.0,2707.0,1796.0,911.0,8019.0,380.0,6387.0,975.0
48113016902,34786.0,68600.0,1382.0,1100.0,282.0,6447.0,1578.0,2530.0,2247.0
48113016903,41129.0,61000.0,1542.0,1060.0,482.0,4767.0,1344.0,1070.0,2309.0
48113017001,46892.0,79300.0,2340.0,1694.0,646.0,9176.0,4224.0,1998.0,2656.0
48113017003,34048.0,81200.0,3234.0,2252.0,982.0,9508.0,4164.0,1199.0,3972.0
48113017004,34427.0,33900.0,2375.0,1527.0,848.0,8411.0,2250.0,597.0,5556.0
48113017101,35295.0,79800.0,1455.0,1069.0,386.0,4673.0,1532.0,741.0,2372.0
48113017102,38523.0,77300.0,1483.0,1140.0,343.0,4897.0,992.0,1113.0,2756.0
48113017201,31352.0,72700.0,1767.0,709.0,1058.0,5706.0,1130.0,1245.0,3192.0
48113017202,35926.0,91000.0,2971.0,1213.0,1758.0,9261.0,2028.0,2687.0,4368.0
48113017301,51182.0,84300.0,1673.0,1250.0,423.0,5704.0,2020.0,1160.0,2464.0
48113017303,62500.0,108100.0,2478.0,2184.0,294.0,7825.0,3078.0,2220.0,2343.0
48113017304,94757.0,153700.0,2769.0,2465.0,304.0,9868.0,3294.0,2726.0,3050.0
48113017305,72213.0,142100.0,3013.0,2613.0,400.0,9913.0,3257.0,3900.0,2087.0
48113017306,60679.0,128500.0,2272.0,1921.0,351.0,7296.0,1972.0,2709.0,2318.0
48113017400,49529.0,98600.0,1797.0,1187.0,610.0,5689.0,2800.0,1003.0,1862.0
48113017500,62719.0,124500.0,1448.0,1148.0,300.0,4074.0,2261.0,899.0,825.0
48113017602,53661.0,79600.0,1299.0,1042.0,257.0,4431.0,1199.0,996.0,2222.0
48113017604,40365.0,74300.0,972.0,499.0,473.0,3619.0,976.0,588.0,1996.0
48113017605,38245.0,73100.0,1107.0,807.0,300.0,4156.0,134.0,1452.0,2557.0
48113017606,40945.0,99100.0,1330.0,855.0,475.0,4430.0,1175.0,962.0,2145.0
48113017702,53814.0,122000.0,2770.0,1800.0,970.0,8432.0,3426.0,2436.0,2085.0
48113017703,32639.0,65500.0,1483.0,597.0,886.0,4513.0,1099.0,849.0,2532.0
48113017704,40867.0,68800.0,1832.0,873.0,959.0,5614.0,2229.0,1139.0,2083.0
48113017804,38177.0,95300.0,2453.0,1064.0,1389.0,6523.0,2687.0,1317.0,2432.0
48113017805,42058.0,105500.0,2300.0,1208.0,1092.0,6519.0,1895.0,2147.0,2233.0
48113017806,38422.0,85100.0,1563.0,855.0,708.0,4571.0,1797.0,647.0,1997.0
48113017807,38638.0,103100.0,2150.0,660.0,1490.0,5728.0,2497.0,523.0,2613.0
48113017808,62990.0,145400.0,1702.0,1159.0,543.0,4299.0,2633.0,589.0,723.0
48113017811,57179.0,112300.0,1594.0,1141.0,453.0,4338.0,2294.0,364.0,1341.0
48113017812,64213.0,117000.0,757.0,494.0,263.0,2227.0,1431.0,259.0,338.0
48113017813,44882.0,112300.0,2459.0,650.0,1809.0,5768.0,1901.0,1376.0,1731.0
48113017814,64844.0,142900.0,2005.0,1125.0,880.0,5570.0,2748.0,911.0,1069.0
48113017900,47578.0,81200.0,1452.0,973.0,479.0,5402.0,1825.0,431.0,3026.0
48113018001,47256.0,98100.0,2017.0,1263.0,754.0,5477.0,2410.0,820.0,2072.0
48113018002,39635.0,90600.0,1205.0,731.0,474.0,3641.0,1590.0,275.0,1710.0
48113018104,69543.0,257100.0,2401.0,1994.0,407.0,7345.0,4326.0,756.0,1037.0
48113018105,38341.0,82500.0,1629.0,1022.0,607.0,6398.0,1007.0,888.0,3935.0
48113018110,80117.0,166300.0,1959.0,1473.0,486.0,4522.0,3196.0,363.0,439.0
48113018111,55512.0,104000.0,2082.0,1197.0,885.0,6884.0,2158.0,1416.0,2600.0
48113018118,65019.0,192700.0,2459.0,1268.0,1191.0,7485.0,2420.0,2373.0,1145.0
48113018120,66400.0,126100.0,1406.0,1180.0,226.0,4706.0,1181.0,593.0,1576.0
48113018121,59592.0,107700.0,1582.0,1129.0,453.0,5598.0,1327.0,1028.0,2391.0
48113018122,81570.0,172300.0,4404.0,3573.0,831.0,13029.0,7697.0,1103.0,2647.0
48113018123,68516.0,124100.0,2449.0,1945.0,504.0,7371.0,2945.0,894.0,1693.0
48113018124,85371.0,172700.0,5167.0,4788.0,379.0,16746.0,9457.0,2982.0,2820.0
48113018126,55884.0,112800.0,2003.0,1610.0,393.0,6070.0,2526.0,1184.0,1958.0
48113018127,48480.0,96600.0,982.0,613.0,369.0,3517.0,1078.0,686.0,1668.0
48113018128,48967.0,96200.0,1971.0,991.0,980.0,5838.0,1159.0,1620.0,2520.0
48113018129,53680.0,130200.0,1801.0,917.0,884.0,4406.0,2375.0,996.0,849.0
48113018130,36631.0,114100.0,1755.0,382.0,1373.0,3865.0,1458.0,1376.0,793.0
48113018132,62480.0,111100.0,1785.0,1282.0,503.0,5856.0,2586.0,1504.0,1177.0
48113018133,63424.0,122500.0,1289.0,1143.0,146.0,3751.0,2373.0,139.0,1080.0
48113018134,87839.0,149400.0,1829.0,1490.0,339.0,5539.0,3442.0,984.0,882.0
48113018135,67949.0,126800.0,1272.0,760.0,512.0,4220.0,1839.0,1349.0,874.0
48113018136,96895.0,201200.0,2866.0,2753.0,113.0,8182.0,5299.0,722.0,1101.0
48113018137,68750.0,150100.0,1340.0,831.0,509.0,3882.0,1305.0,1024.0,913.0
48113018138,46949.0,155700.0,1814.0,387.0,1427.0,4596.0,1334.0,1525.0,943.0
48113018139,75911.0,142200.0,2277.0,1900.0,377.0,6492.0,3453.0,882.0,1650.0
48113018140,85540.0,157100.0,1771.0,1313.0,458.0,5303.0,2975.0,741.0,1117.0
48113018141,32986.0,90100.0,1657.0,135.0,1522.0,3234.0,1507.0,792.0,830.0
48113018142,61480.0,117500.0,1055.0,854.0,201.0,3088.0,1469.0,411.0,925.0
48113018203,51414.0,108300.0,1785.0,1469.0,316.0,6488.0,774.0,1471.0,3433.0
48113018204,36480.0,69100.0,1090.0,687.0,403.0,4738.0,134.0,661.0,3755.0
48113018205,44011.0,102800.0,1379.0,678.0,701.0,4563.0,975.0,252.0,2930.0
48113018206,39412.0,77100.0,1242.0,712.0,530.0,4817.0,1076.0,137.0,3398.0
48113018300,39976.0,86100.0,2210.0,1492.0,718.0,7100.0,1999.0,448.0,4269.0
48113018401,37254.0,106300.0,1545.0,833.0,712.0,4802.0,1455.0,220.0,2741.0
48113018402,54462.0,129000.0,1311.0,1046.0,265.0,3724.0,1997.0,170.0,1454.0
48113018403,29000.0,,414.0,0.0,414.0,811.0,184.0,208.0,371.0
48113018501,38919.0,91100.0,1122.0,846.0,276.0,3789.0,1098.0,317.0,1898.0
48113018503,27333.0,75600.0,2204.0,115.0,2089.0,5173.0,428.0,3226.0,1233.0
48113018505,27069.0,42500.0,1421.0,132.0,1289.0,3455.0,483.0,1171.0,1555.0
48113018506,26397.0,,1320.0,16.0,1304.0,3048.0,160.0,1701.0,1165.0
48113018600,48968.0,93500.0,1292.0,972.0,320.0,3501.0,1597.0,125.0,1470.0
48113018700,38984.0,76400.0,1878.0,1020.0,858.0,6762.0,1491.0,74.0,4954.0
48113018801,43849.0,93000.0,1369.0,1007.0,362.0,4409.0,1151.0,288.0,2187.0
48113018802,50000.0,77500.0,374.0,128.0,246.0,960.0,277.0,166.0,430.0
48113018900,45000.0,103300.0,1922.0,1108.0,814.0,6555.0,1554.0,624.0,3188.0
48113019004,52528.0,107500.0,2273.0,1450.0,823.0,6704.0,2182.0,1007.0,2449.0
48113019013,25379.0,,1664.0,0.0,1664.0,6025.0,287.0,613.0,4712.0
48113019014,37884.0,100200.0,2069.0,1291.0,778.0,8254.0,924.0,552.0,4794.0
48113019016,29769.0,117700.0,1253.0,444.0,809.0,3233.0,934.0,985.0,759.0
48113019018,48108.0,154700.0,1742.0,776.0,966.0,4653.0,1776.0,1074.0,963.0
48113019019,32488.0,152800.0,2393.0,614.0,1779.0,7029.0,849.0,2799.0,2077.0
48113019020,66897.0,170300.0,2074.0,1391.0,683.0,5065.0,2181.0,323.0,679.0
48113019021,48545.0,112900.0,2350.0,1553.0,797.0,7305.0,2907.0,413.0,2599.0
48113019023,70116.0,166700.0,2033.0,1394.0,639.0,4810.0,3514.0,251.0,354.0
48113019024,75363.0,145600.0,1333.0,1012.0,321.0,4294.0,1879.0,473.0,866.0
48113019025,85391.0,136500.0,1688.0,1471.0,217.0,5029.0,2508.0,417.0,846.0
48113019026,58650.0,136100.0,2018.0,1672.0,346.0,5553.0,2662.0,496.0,1322.0
48113019027,49973.0,119600.0,1832.0,828.0,1004.0,4775.0,1658.0,777.0,696.0
48113019028,53250.0,114100.0,1237.0,925.0,312.0,3813.0,1413.0,438.0,1215.0
48113019029,53800.0,106400.0,2235.0,1664.0,571.0,6147.0,2135.0,1076.0,1487.0
48113019031,81525.0,168600.0,2260.0,1880.0,380.0,6208.0,3537.0,684.0,1053.0
48113019032,43830.0,99200.0,1099.0,833.0,266.0,4364.0,556.0,252.0,2739.0
48113019033,30047.0,89900.0,1137.0,580.0,557.0,4490.0,763.0,325.0,2782.0
48113019034,34858.0,128000.0,1756.0,607.0,1149.0,4174.0,1002.0,1877.0,568.0
48113019035,34573.0,195000.0,1897.0,330.0,1567.0,4615.0,906.0,1397.0,2009.0
48113019036,104904.0,187600.0,1011.0,976.0,35.0,2666.0,2159.0,23.0,176.0
48113019037,83199.0,154500.0,1175.0,1018.0,157.0,3788.0,2373.0,342.0,571.0
48113019038,64356.0,,564.0,0.0,564.0,849.0,545.0,86.0,29.0
48113019039,57996.0,164000.0,2264.0,1516.0,748.0,6172.0,2972.0,831.0,1431.0
48113019040,57353.0,227900.0,2474.0,565.0,1909.0,5659.0,1806.0,1347.0,412.0
48113019041,72679.0,187700.0,1048.0,879.0,169.0,2640.0,1699.0,379.0,108.0
48113019042,66058.0,185100.0,1797.0,1011.0,786.0,5109.0,2498.0,467.0,767.0
48113019043,102180.0,224400.0,2623.0,2558.0,65.0,7098.0,5075.0,335.0,355.0
48113019100,58377.0,127900.0,2272.0,1170.0,1102.0,5879.0,3174.0,452.0,984.0
48113019202,46848.0,163000.0,1666.0,886.0,780.0,4542.0,2068.0,198.0,1909.0
48113019203,70703.0,193100.0,1641.0,1314.0,327.0,3690.0,3141.0,16.0,366.0
48113019204,50631.0,138200.0,2676.0,1186.0,1490.0,9633.0,2664.0,956.0,5486.0
48113019205,102500.0,233700.0,1234.0,1126.0,108.0,3250.0,2942.0,0.0,138.0
48113019206,24583.0,151900.0,2550.0,1030.0,1520.0,5803.0,3659.0,148.0,596.0
48113019208,31529.0,105100.0,2055.0,390.0,1665.0,7235.0,507.0,1081.0,5235.0
48113019210,100833.0,264600.0,1380.0,1292.0,88.0,3758.0,3456.0,0.0,147.0
48113019211,55765.0,134100.0,2083.0,1042.0,1041.0,4851.0,3071.0,394.0,817.0
48113019212,27885.0,,1068.0,0.0,1068.0,3746.0,43.0,65.0,3616.0
48113019213,26310.0,62400.0,1395.0,70.0,1325.0,3524.0,721.0,559.0,2030.0
48113019301,,,923.0,901.0,22.0,2892.0,2798.0,0.0,57.0
48113019302,146944.0,864000.0,886.0,642.0,244.0,5179.0,4142.0,213.0,469.0
48113019400,113194.0,830500.0,1515.0,975.0,540.0,3886.0,3391.0,14.0,107.0
48113019501,228036.0,,2122.0,1837.0,285.0,7276.0,6965.0,0.0,115.0
48113019502,136344.0,840600.0,1691.0,1053.0,638.0,4227.0,3859.0,0.0,114.0
48113019600,193490.0,,895.0,706.0,189.0,2455.0,2119.0,0.0,152.0
48113019700,188462.0,,742.0,606.0,136.0,1809.0,1677.0,0.0,109.0
48113019800,191293.0,,1816.0,1573.0,243.0,4442.0,3961.0,0.0,291.0
48113019900,34318.0,80200.0,1060.0,598.0,462.0,4246.0,468.0,93.0,3626.0
48113020000,131463.0,357700.0,1367.0,985.0,382.0,4200.0,2243.0,293.0,513.0
48113020100,28486.0,107100.0,717.0,368.0,349.0,2289.0,667.0,82.0,1458.0
48113020200,23931.0,61200.0,1399.0,827.0,572.0,4044.0,15.0,3431.0,565.0
48113020300,17120.0,88000.0,1096.0,223.0,873.0,2272.0,175.0,1979.0,118.0
48113020400,55856.0,183100.0,2572.0,255.0,2317.0,5175.0,2211.0,1468.0,947.0
48113020500,17130.0,106200.0,1601.0,445.0,1156.0,5421.0,331.0,3055.0,1592.0
48113020600,,,801.0,785.0,16.0,2349.0,2038.0,1.0,221.0
48113020700,63229.0,167500.0,2253.0,1613.0,640.0,4577.0,3027.0,446.0,796.0
48113980000,,,0.0,0.0,0.0,0.0,0.0,0.0,0.0
48113980100,,,0.0,0.0,0.0,0.0,0.0,0.0,0.0
