hud_id,project,proj_add,proj_cty,proj_st,proj_zip,state_id,latitude,longitude,place1990,place2000,place2010,place2020,fips1990,fips2000,fips2010,fips2020,st2020,cnty2020,scattered_site_cd,resyndication_cd,allocamt,n_units,li_units,n_0br,n_1br,n_2br,n_3br,n_4br,aff_period,aff_yrs,inc_ceil,low_ceil,ceilunit,yr_pis,yr_alloc,non_prof,basis,bond,mff_ra,fmha_514,fmha_515,fmha_538,home,home_amt,tcap,tcap_amt,cdbg,cdbg_amt,htf,htf_amt,fha,hopevi,hpvi_amt,tcep,tcep_amt,rad,qozf,qozf_amt,rentassist,trgt_pop,trgt_fam,trgt_eld,trgt_dis,trgt_hml,trgt_other,trgt_spc,type,credit,n_unitsr,li_unitr,metro,dda,qct,nonprog,nlm_reason,nlm_spc,datanote,record_stat
TXA00000246,CHAMPION TOWNHOMES AT PECAN GROVE,3131 SIMPSON STUART RD,DALLAS,TX,75241,TX4178,32.66973,-96.769466,1085.0,19000.0,19000.0,19000.0,48113011401,48113011401,48113011401,48113011401,48,113,2.0,,,250.0,,,,,,,,,,,,8888,8888,,,,,,,,,,,,,,,,,,,,,,,,,,,,,,,,,,250.0,250.0,2.0,,,,,,,X
TXA00000249,CITY WALK AT AKARD,511 N AKARD ST,DALLAS,TX,75201,TX4445,32.783778,-96.800662,1085.0,19000.0,19000.0,19000.0,48113002100,48113002100,48113002100,48113002100,48,113,2.0,,,198.0,,,,,,,,,,,,8888,8888,,,,,,,,,,,,,,,,,,,,,,,,,,,,,,,,,,198.0,198.0,2.0,,,,,,,X
TXA00000287,EVERGREEN AT FARMERS BRANCH,11701 MIRA LAGO BLVD,FARMERS BRANCH,TX,75234,TX4495,32.904702,-96.925331,1425.0,19000.0,25452.0,25452.0,48113014001,48113014001,48113009900,48113009900,48,113,2.0,,,89.0,,,,,,,,,,,,8888,8888,,,,,,,,,,,,,,,,,,,,,,,,,,,,,,,,,,89.0,89.0,2.0,,,,,,,X
TXA00000316,GROVE VILLAGE,7209 GREAT TRINITY FOREST WAY,DALLAS,TX,75217,TX4198,32.713423,-96.696908,1085.0,19000.0,19000.0,19000.0,48113009304,48113009304,48113009304,48113009304,48,113,2.0,,,229.0,,,,,,,,,,,,8888,8888,,,,,,,,,,,,,,,,,,,,,,,,,,,,,,,,,,229.0,229.0,2.0,,,,,,,X
TXA00000323,HICKORY MANOR APTS,1626 OLD HICKORY TRAIL,DESOTO,TX,75115,TX4142,32.622521,-96.865466,1085.0,19000.0,20092.0,20092.0,48113016605,48113016605,48113016605,48113016634,48,113,2.0,,,190.0,,,,,,,,,,,,8888,8888,,,,,,,,,,,,,,,,,,,,,,,,,,,,,,,,,,190.0,190.0,2.0,,,,,,PROPERTY IDENTIFIED IN 2014 LIHTC TENANT DATA SUBMISSION.,X
TXA00000368,LAKEVIEW TOWNHOMES,3020 BICKERS ST,DALLAS,TX,75212,TX0021,32.786085,-96.868805,1085.0,19000.0,19000.0,19000.0,48113010200,48113010200,48113020500,48113020500,48,113,2.0,,,152.0,,,,,,,,,,,,8888,8888,,,,,,,,,,,,,,,,,,,,,,,,,,,,,,,,,,152.0,152.0,2.0,,,,,,,X
TXA00000379,LBJ GARDEN VILLAS,1725 OATES DR,MESQUITE,TX,75150,TX0020,32.839308,-96.627841,1580.0,19000.0,47892.0,47892.0,48113018113,48113018130,48113018130,48113018130,48,113,2.0,,,156.0,,,,,,,,,,,,8888,8888,,,,,,,,,,,,,,,,,,,,,,,,,,,,,,,,,,156.0,156.0,2.0,,,,,,,X
TXA00000407,MILL CITY PARC TOWNHOMES,4848 HATCHER ST,DALLAS,TX,75210,TX4337,32.775144,-96.737908,1085.0,19000.0,19000.0,19000.0,48113002701,48113002701,48113002701,48113002703,48,113,2.0,,,116.0,,,,,,,,,,,,8888,8888,,,,,,,,,,,,,,,,,,,,,,,,,,,,,,,,,,116.0,116.0,2.0,,,,,,PROPERTY IDENTIFIED IN 2014 LIHTC TENANT DATA SUBMISSION.,X
TXA00000413,MONARCH TOWNHOMES,2008 KIRBY ST,DALLAS,TX,75204,TX0017,32.806972,-96.780423,1085.0,19000.0,19000.0,19000.0,48113000800,48113000800,48113000800,48113000801,48,113,2.0,,,65.0,,,,,,,,,,,,8888,8888,,,,,,,,,,,,,,,,,,,,,,,,,,,,,,,,,,65.0,65.0,2.0,,,,,,,X
TXA00000459,PRIMROSE AT PARK VILLAS,2519 JOHN W RD,DALLAS,TX,75228,TX4184,32.807268,-96.672723,1085.0,19000.0,19000.0,19000.0,48113012300,48113012302,48113012302,48113012302,48,113,2.0,,,232.0,,,,,,,,,,,,8888,8888,,,,,,,,,,,,,,,,,,,,,,,,,,,,,,,,,,232.0,232.0,2.0,,,,,,,X
TXA00000462,PRIMROSE OAKS (OAKS AT HAMPTONS),2514 PERRYTON DR,DALLAS,TX,75224,TX0039,32.714016,-96.861787,1085.0,19000.0,19000.0,19000.0,48113010802,48113010802,48113010804,48113010804,48,113,2.0,,,248.0,,,,,,,,,,,,8888,8888,,,,,,,,,,,,,,,,,,,,,,,,,,,,,,,,,,248.0,248.0,2.0,,,,,,,X
TXA00000464,PROVIDENCE AT VILLAGE FAIR,5151 VILLAGE FAIR DR,DALLAS,TX,75224,TX4177,32.695518,-96.825135,1085.0,19000.0,19000.0,19000.0,48113006002,48113006002,48113006002,48113006002,48,113,2.0,,,235.0,,,,,,,,,,,,8888,8888,,,,,,,,,,,,,,,,,,,,,,,,,,,,,,,,,,235.0,235.0,2.0,,,,,,,X
TXA00000465,PEACHTREE SENIORS,5009 S PEACHTREE RD,BALCH SPRINGS,TX,75180,,32.701832,-96.631582,1085.0,5372.0,5372.0,5372.0,48113011700,48113011702,48113011702,48113011702,48,113,2.0,,,144.0,144.0,,,,,,,,2.0,,,8888,2009,2.0,2.0,2.0,,,,,2.0,,,,2.0,,,,,,,1.0,14834619.0,,,,,2.0,,,,,,,,4.0,144.0,144.0,1.0,,,,,,,X
TXA00000466,PROVIDENCE MOCKINGBIRD,1893 W MOCKINGBIRD LN,DALLAS,TX,75235,TX4225,32.82238,-96.853356,1085.0,19000.0,19000.0,19000.0,48113010000,48113010000,48113010000,48113010001,48,113,2.0,,,251.0,,,,,,,,,,,,8888,8888,,,,,,,,,,,,,,,,,,,,,,,,,,,,,,,,,,251.0,251.0,2.0,,,,,,,X
TXA00000478,RESIDENCE AT THE OAKS,2740 DUNCANVILLE RD,DALLAS,TX,75211,TX1872,32.715986,-96.908328,1085.0,19000.0,19000.0,19000.0,48113010801,48113010801,48113010801,48113010808,48,113,2.0,,,209.0,,,,,,,,,,,,8888,8888,,,,,,,,,,,,,,,,,,,,,,,,,,,,,,,,,,209.0,209.0,2.0,,,,,,,X
TXA00000494,ROSELAND GARDENS*,2255 N WASHINGTON AVE,DALLAS,TX,75204,TX0411,32.800916,-96.790029,1085.0,19000.0,19000.0,19000.0,48113001600,48113001600,48113001600,48113001601,48,113,2.0,,,100.0,,,,,,,,,,,,8888,8888,,,,,,,,,,,,,,,,,,,,,,,,,,,,,,,,,,100.0,100.0,2.0,,,,,,,X
TXA00000495,ROSEMONT AT ASH CREEK,2605 JOHN W RD,DALLAS,TX,75228,TX3399,32.807252,-96.670911,1085.0,19000.0,19000.0,19000.0,48113012300,48113012302,48113012302,48113012302,48,113,2.0,,,278.0,,,,,,,,,,,,8888,8888,,,,,,,,,,,,,,,,,,,,,,,,,,,,,,,,,,278.0,278.0,2.0,,,,,,,X
TXA00000497,ROSEMONT AT BLUFF RIDGE,8125 CLARK RD,DALLAS,TX,75236,TX3295,32.66646,-96.945151,1085.0,19000.0,19000.0,19000.0,48113016501,48113016501,48113016521,48113016521,48,113,2.0,,,253.0,,,,,,,,,,,,8888,8888,,,,,,,,,,,,,,,,,,,,,,,,,,,,,,,,,,253.0,253.0,2.0,,,,,,FKA CLARKRIDGE VILLAGE APTS,X
TXA00000498,ROSEMONT AT CEDAR CREST,3303 SOUTHERN OAKS BLVD,DALLAS,TX,75216,TX3329,32.718736,-96.774017,1085.0,19000.0,19000.0,19000.0,48113008601,48113008604,48113008604,48113008604,48,113,2.0,,,256.0,,,,,,,,,,,,8888,8888,,,,,,,,,,,,,,,,,,,,,,,,,,,,,,,,,,256.0,256.0,2.0,,,,,,FKA SOUTHERN OAKS APTS,X
TXA00000501,ROSEMONT AT HICKORY TRACE,8410 S WESTMORELAND RD,DALLAS,TX,75237,TX3304,32.647189,-96.874055,1085.0,19000.0,19000.0,19000.0,48113016605,48113016605,48113016605,48113016635,48,113,2.0,,,180.0,,,,,,,,,,,,8888,8888,,,,,,,,,,,,,,,,,,,,,,,,,,,,,,,,,,180.0,180.0,2.0,,,,,,FKA HICKORY TRACE,X
TXA00000507,ROSEMONT AT MISSION TRAILS (LAURELAND),330 E CAMP WISDOM RD,DALLAS,TX,75241,TX4175,32.66206,-96.817321,1085.0,19000.0,19000.0,19000.0,48113011200,48113011200,48113011200,48113011201,48,113,2.0,,,249.0,,,,,,,,,,,,8888,8888,,,,,,,,,,,,,,,,,,,,,,,,,,,,,,,,,,249.0,249.0,2.0,,,,,,,X
TXA00000523,SANTA FE TRAILS,6318 RIDGECREST RD,DALLAS,TX,75231,TX0895,32.866933,-96.755141,1085.0,19000.0,19000.0,19000.0,48113007817,48113007818,48113007818,48113007831,48,113,2.0,,,88.0,,,,,,,,,,,,8888,8888,,,,,,,,,,,,,,,,,,,,,,,,,,,,,,,,,,88.0,88.0,2.0,,,,,,,X
TXA00000541,SOUTHDALE APTS,3727 DIXON AVE,DALLAS,TX,75210,TX1090,32.763053,-96.736751,1085.0,19000.0,19000.0,19000.0,48113011500,48113011500,48113011500,48113011500,48,113,2.0,,,187.0,,,,,,,,,,,,8888,8888,,,,,,,,,,,,,,,,,,,,,,,,,,,,,,,,,,187.0,187.0,2.0,,,,,,,X
TXA00000611,WAHOO FRAZIER TOWNHOMES,4848 HATCHER ST,DALLAS,TX,75210,TX4266,32.775144,-96.737908,1085.0,19000.0,19000.0,19000.0,48113002701,48113002701,48113002701,48113002703,48,113,2.0,,,95.0,,,,,,,,,,,,8888,8888,,,,,,,,,,,,,,,,,,,,,,,,,,,,,,,,,,95.0,95.0,2.0,,,,,,PROPERTY IDENTIFIED IN 2014 LIHTC TENANT DATA SUBMISSION.,X
TXA00001002,CITY SQUARE APARTMENT HOMES,705 WEST AVENUE B,GARLAND,TX,75040,TX5134,32.91098,-96.639103,,29000.0,29000.0,29000.0,48XXXXXXXXX,48113018802,48113018802,48113018802,48,113,2.0,2.0,,126.0,88.0,43.0,39.0,44.0,0.0,0.0,1.0,35.0,2.0,1.0,47.0,8888,2017,2.0,2.0,2.0,2.0,2.0,2.0,2.0,2.0,0.0,2.0,0.0,2.0,0.0,2.0,0.0,2.0,2.0,0.0,2.0,0.0,2.0,,0.0,4.0,2.0,1.0,1.0,1.0,1.0,1.0,,2.0,2.0,126.0,88.0,1.0,,,,,,,U
TXA0000X133,EMLI LIBERTY CROSSING,5900 SOUTH INTERSTATE HWY 45,WILMER,TX,75172,TX5294,32.5814,-96.6542,,,79576.0,79576.0,48XXXXXXXXX,48XXXXXXXXX,48113016903,48113016903,48,113,2.0,2.0,,240.0,240.0,0.0,85.0,83.0,60.0,12.0,,,2.0,1.0,54.0,9999,2017,2.0,2.0,,,2.0,2.0,2.0,2.0,0.0,2.0,0.0,2.0,0.0,,,,,0.0,2.0,0.0,,,,,2.0,1.0,1.0,1.0,1.0,1.0,,1.0,1.0,240.0,240.0,1.0,,,,,,,X
TXA0000X144,LAKEVIEW SENIOR LIVING,5314 CHIESA ROAD,ROWLETT,TX,75088,TX5350,32.908622,-96.531125,,,63572.0,63572.0,48XXXXXXXXX,48XXXXXXXXX,48113018134,48113018134,48,113,2.0,2.0,,272.0,272.0,0.0,0.0,0.0,0.0,0.0,,,2.0,,,9999,2017,2.0,2.0,,,2.0,2.0,2.0,2.0,0.0,2.0,0.0,2.0,0.0,,,,,0.0,2.0,0.0,,,,,2.0,1.0,1.0,1.0,1.0,1.0,,1.0,1.0,272.0,272.0,1.0,,,,,,,X
TXA0000X176,SILVER GARDENS APARTMENTS,2620 RUIDOSA AVENUE,DALLAS,TX,75228,TX5344,32.845923,-96.669154,,,19000.0,19000.0,48XXXXXXXXX,48XXXXXXXXX,48113012701,48113012701,48,113,2.0,2.0,,202.0,202.0,20.0,179.0,3.0,0.0,0.0,,,2.0,,,9999,2017,2.0,2.0,,,2.0,2.0,2.0,2.0,0.0,2.0,0.0,2.0,0.0,,,,,0.0,2.0,0.0,,,,,2.0,1.0,1.0,1.0,1.0,1.0,,2.0,1.0,202.0,202.0,1.0,,,,,,,X
TXA0000X177,SPRINGS APARTMENTS,4702 AMBASSADOR WAY,BALCH SPRINGS,TX,75180,TX5311,32.706389,-96.6228,,,5372.0,5372.0,48XXXXXXXXX,48XXXXXXXXX,48113017202,48113017204,48,113,2.0,2.0,,221.0,221.0,0.0,0.0,0.0,0.0,0.0,,,2.0,,,9999,2017,2.0,2.0,,,2.0,2.0,2.0,2.0,0.0,2.0,0.0,2.0,0.0,,,,,0.0,2.0,0.0,,,,,2.0,1.0,1.0,1.0,1.0,1.0,,1.0,1.0,221.0,221.0,1.0,,,,,,,X
TXA0000X202,2400 BRYAN,2400 BRYAN STREET,DALLAS,TX,75201,TX5428,32.786999,-96.793454,,,19000.0,19000.0,48XXXXXXXXX,48XXXXXXXXX,48113001701,48113001705,48,113,2.0,2.0,,212.0,111.0,0.0,0.0,0.0,0.0,0.0,,,2.0,1.0,56.0,9999,2019,2.0,2.0,,,2.0,2.0,,2.0,0.0,2.0,0.0,2.0,0.0,2.0,0.0,,,0.0,2.0,0.0,2.0,,0.0,,2.0,1.0,1.0,1.0,1.0,1.0,,1.0,2.0,212.0,111.0,,,,,,,,X
TXA0000X291,LAKEVIEW POINTE APARTMENTS,"N SIDE OF IH 30, E OF BASS PRO DR",GARLAND,TX,75043,TX5439,32.8641,-96.5892,,,19000.0,19000.0,48XXXXXXXXX,48XXXXXXXXX,48113018118,48113018147,48,113,2.0,2.0,,144.0,90.0,0.0,0.0,0.0,0.0,0.0,,,2.0,1.0,45.0,9999,2019,2.0,2.0,,,2.0,2.0,,2.0,0.0,2.0,0.0,2.0,0.0,2.0,0.0,,,0.0,2.0,0.0,2.0,,0.0,,2.0,1.0,1.0,1.0,1.0,1.0,,1.0,2.0,144.0,90.0,,,,,,,,X
TXA0000X464,ESTATES AT SHILOH,2649 CENTERVILLE ROAD,DALLAS,TX,75228,TX5567,32.84297,-96.668368,,,19000.0,19000.0,48XXXXXXXXX,48XXXXXXXXX,48113012701,48113012701,48,113,2.0,2.0,,264.0,239.0,0.0,0.0,0.0,0.0,0.0,,,2.0,1.0,8.0,9999,2019,2.0,2.0,,,2.0,2.0,,2.0,0.0,2.0,0.0,2.0,0.0,2.0,0.0,,,0.0,2.0,0.0,2.0,,0.0,,2.0,1.0,1.0,1.0,1.0,1.0,,1.0,1.0,264.0,239.0,,,,,,,,X
TXA0000X679,JULIETTE FOWLER RESIDENCES,NEC OF S FULTON STREET AND EAST SIDE STREET,DALLAS,TX,75214,TX5696,32.8386,-96.7331,,,19000.0,19000.0,48XXXXXXXXX,48XXXXXXXXX,48113008000,48113008000,48,113,2.0,2.0,,144.0,144.0,0.0,0.0,0.0,0.0,0.0,,,2.0,1.0,73.0,9999,2020,2.0,2.0,,,2.0,2.0,,2.0,0.0,2.0,0.0,2.0,0.0,2.0,0.0,,,0.0,2.0,0.0,2.0,,0.0,,2.0,1.0,1.0,1.0,1.0,1.0,,1.0,2.0,144.0,144.0,,,,,,,,X
TXA0000X690,LAKEVIEW PRESERVE,2800 SOUTH MACARTHUR BLVD.,IRVING,TX,75060,TX5652,32.788541,-96.9594,,,37000.0,37000.0,48XXXXXXXXX,48XXXXXXXXX,48113015100,48113015101,48,113,2.0,2.0,,84.0,84.0,0.0,0.0,0.0,0.0,0.0,,,2.0,1.0,67.0,9999,2020,2.0,2.0,,,2.0,2.0,,2.0,0.0,2.0,0.0,2.0,0.0,2.0,0.0,,,0.0,2.0,0.0,2.0,,0.0,,2.0,1.0,1.0,1.0,1.0,1.0,,1.0,2.0,84.0,84.0,,,,,,,,X
TXA0000X789,VILLAS AT WESTERN HEIGHTS,1501 AND 1515 FORT WORTH AVENUE,DALLAS,TX,75208,TX5686,32.7548,-96.8515,,,19000.0,19000.0,48XXXXXXXXX,48XXXXXXXXX,48113004202,48113004202,48,113,2.0,2.0,,130.0,104.0,0.0,0.0,0.0,0.0,0.0,,,2.0,1.0,53.0,9999,2020,2.0,2.0,,,2.0,2.0,,2.0,0.0,2.0,0.0,2.0,0.0,2.0,0.0,,,0.0,2.0,0.0,2.0,,0.0,,2.0,1.0,1.0,1.0,1.0,1.0,,1.0,2.0,130.0,104.0,,,,,,,,X
TXA0000X892,TORRINGTON ARCADIA TRAILS,NEQ OF MERCURY ROAD AND S. BELTLINE ROAD,BALCH SPRINGS,TX,75181,TX5842,32.7499,-96.5553,,,47892.0,47892.0,48XXXXXXXXX,48XXXXXXXXX,48113017304,48113017310,48,113,2.0,2.0,,250.0,250.0,0.0,0.0,0.0,0.0,0.0,,,2.0,1.0,125.0,9999,2022,2.0,2.0,,,2.0,2.0,,2.0,0.0,2.0,0.0,2.0,0.0,2.0,0.0,,,0.0,2.0,0.0,2.0,,0.0,,2.0,1.0,1.0,1.0,1.0,1.0,,1.0,1.0,250.0,250.0,,,,,,,,X
TXA0000X897,CROSSING AT CLEAR CREEK,NEC OF HWY 175 AND WOODY RD,DALLAS,TX,75253,TX5942,32.6904,-96.6079,,,5372.0,5372.0,48XXXXXXXXX,48XXXXXXXXX,48113017101,48113017101,48,113,2.0,2.0,,264.0,264.0,0.0,0.0,0.0,0.0,0.0,2.0,0.0,2.0,,,9999,2023,2.0,2.0,,,2.0,2.0,,2.0,0.0,2.0,0.0,2.0,0.0,2.0,0.0,,,0.0,2.0,0.0,2.0,,0.0,,2.0,1.0,1.0,1.0,1.0,1.0,,1.0,1.0,264.0,264.0,,,,,,,,X
TXA0000X904,TERRACE AT HIGHLAND HILLS,3100 PERSIMMON RD,DALLAS,TX,75241,TX5941,32.676183,-96.769726,,,19000.0,19000.0,48XXXXXXXXX,48XXXXXXXXX,48113011401,48113011401,48,113,2.0,2.0,,300.0,300.0,0.0,0.0,0.0,0.0,0.0,2.0,0.0,2.0,,,9999,2023,2.0,2.0,,,2.0,2.0,,2.0,0.0,2.0,0.0,2.0,0.0,2.0,0.0,,,0.0,2.0,0.0,2.0,,0.0,,2.0,1.0,1.0,1.0,1.0,1.0,,1.0,1.0,300.0,300.0,,,,,,,,X
TXA19900105,AUTUMN CREEK,10765 E NW HWY,DALLAS,TX,75238,TX0906,32.86445,-96.698339,1085.0,19000.0,19000.0,19000.0,48113013007,48113013007,48113013007,48113013007,48,113,2.0,,,82.0,82.0,0.0,38.0,40.0,4.0,0.0,,,,,,1990,1990,2.0,2.0,,,,2.0,,,,,,,,,,,,,,,,,,,,,,,,,,2.0,,82.0,82.0,1.0,0.0,2.0,,,,,X
TXA19910090,LAKEWOOD GARDENS,5909 GASTON AVE,DALLAS,TX,75214,TX2305,32.809894,-96.757825,1085.0,19000.0,19000.0,19000.0,48113001400,48113001400,48113001400,48113001400,48,113,2.0,,,45.0,,,,,,,,,,,,1991,1991,2.0,2.0,,,,2.0,,,,,,,,,,,,,,,,,,,,,,,,,,2.0,,45.0,45.0,1.0,0.0,2.0,,,,PREVIOUSLY LISTED AS TXA0000369. AKA BORA BORA APTS. FKA BORA BORA,X
TXA19910275,LAKE COLONY APTS,4605 CHAHA RD,GARLAND,TX,75043,TX1053,32.860485,-96.539325,1580.0,19000.0,29000.0,29000.0,48113018115,48113018131,48113018141,48113018141,48,113,2.0,,,268.0,268.0,10.0,147.0,101.0,10.0,0.0,,,,,,1991,1991,2.0,2.0,,,,2.0,,,,,,,,,,,,,,,,,,,,,,,,,,2.0,,268.0,268.0,1.0,0.0,2.0,,,,AKA LAKE COLONY A.,X
TXA19910295,MARCH STREET,4528 MARCH AVE,DALLAS,TX,75209,TX0926,32.846632,-96.832965,1085.0,19000.0,19000.0,19000.0,48113007102,48113007102,48113007102,48113007102,48,113,2.0,,,60.0,60.0,0.0,0.0,60.0,0.0,0.0,,,,,,1991,1990,1.0,2.0,,,,2.0,,,,,,,,,,,,,,,,,,,,,,,,,,2.0,,60.0,60.0,1.0,0.0,2.0,,,,,X
TXA19910305,MIDPARK CROSSING,13750 MAHAM RD,DALLAS,TX,75240,70133,32.935638,-96.760992,1085.0,19000.0,19000.0,19000.0,48113019209,48113019209,48113019212,48113019212,48,113,2.0,,,244.0,244.0,0.0,144.0,104.0,0.0,0.0,,,,,,1991,1990,2.0,2.0,,,,2.0,,,,,,,,,,,,,,,,,,,,,,,,,,2.0,,244.0,244.0,1.0,0.0,2.0,,,,,X
TXA19910315,MILL RUN,2732 W COLORADO BLVD,DALLAS,TX,75211,TX0950,32.759573,-96.86594,1085.0,19000.0,19000.0,19000.0,48113006900,48113006900,48113006900,48113006900,48,113,2.0,,,112.0,112.0,0.0,44.0,68.0,0.0,0.0,,,,,,1991,1991,2.0,1.0,,,,2.0,,,,,,,,,,,,,,,,,,,,,,,,,,2.0,,112.0,112.0,1.0,0.0,2.0,,,,PREVIOUSLY LISTED AS TXA1990225.,X
TXA19910330,OAK PARK APTS,2800 W PIONEER DR,IRVING,TX,75061,TX0965,32.82709,-96.983355,2060.0,37000.0,37000.0,37000.0,48113014402,48113014405,48113014405,48113014405,48,113,2.0,,,105.0,105.0,3.0,42.0,59.0,1.0,0.0,,,,,,1991,1991,2.0,2.0,,,,2.0,,,,,,,,,,,,,,,,,,,,,,,,,,2.0,,105.0,105.0,1.0,0.0,2.0,,,,,X
TXA19910390,ROYAL PALM,5520 GASTON AVE,DALLAS,TX,75214,TX0947,32.805477,-96.762627,1085.0,19000.0,19000.0,19000.0,48113001400,48113001400,48113001400,48113001400,48,113,2.0,,,23.0,23.0,0.0,19.0,4.0,0.0,0.0,,,,,,1991,1991,2.0,2.0,,,,2.0,,,,,,,,,,,,,,,,,,,,,,,,,,2.0,,23.0,23.0,1.0,0.0,2.0,,,,,X
TXA19910450,TELSTAR APTS,510 WESTMOUNT AVE,DALLAS,TX,75211,TX0951,32.748947,-96.86701,1085.0,19000.0,19000.0,19000.0,48113004500,48113004500,48113004500,48113004500,48,113,2.0,,,100.0,100.0,0.0,48.0,52.0,0.0,0.0,,,,,,1991,1991,2.0,2.0,,,,2.0,,,,,,,,,,,,,,,,,,,,,,,,,,2.0,,100.0,100.0,1.0,0.0,2.0,,,,,X
TXA19920045,CLOVERLEAF APTS,1900 CLOVERLEAF LN,IRVING,TX,75061,TX0932,32.831515,-96.988655,2060.0,37000.0,37000.0,37000.0,48113014402,48113014405,48113014405,48113014405,48,113,2.0,,,50.0,50.0,33.0,7.0,6.0,2.0,2.0,,,,,,1992,1990,2.0,2.0,,,,2.0,,,,,,,,,,,,,,,,,,,,,,,,,,2.0,,50.0,50.0,1.0,0.0,2.0,,,,,X
TXA19920130,MANOR ON THE PARK,3122 PARK LN,DALLAS,TX,75220,70076,32.87564,-96.873143,1085.0,19000.0,19000.0,19000.0,48113009801,48113009804,48113009804,48113009804,48,113,2.0,,,86.0,86.0,0.0,26.0,43.0,17.0,0.0,,,,,,1992,1990,2.0,2.0,,,,2.0,,,,,,,,,,,,,,,,,,,,,,,,,,2.0,,86.0,86.0,1.0,0.0,2.0,,,,,X
TXA19920165,REDBIRD TRAILS APTS,3636 W RED BIRD LN,DALLAS,TX,75237,TX1023,32.675797,-96.878793,1085.0,19000.0,19000.0,19000.0,48113010900,48113010901,48113010904,48113010904,48,113,2.0,,,252.0,252.0,0.0,120.0,132.0,0.0,0.0,,,,,,1992,1992,2.0,2.0,,,,2.0,,,,,,,,,,,,,,,,,,,,,,,,,,2.0,,252.0,252.0,1.0,0.0,2.0,,,,,X
TXA19920200,STARLIGHT APTS,9709 STARLIGHT RD,DALLAS,TX,75220,TX1031,32.856299,-96.874172,1085.0,19000.0,19000.0,19000.0,48113007201,48113007201,48113007201,48113007203,48,113,2.0,,,71.0,64.0,0.0,39.0,32.0,0.0,0.0,,,,,,1992,1992,2.0,2.0,,,,2.0,,,,,,,,,,,,,,,,,,,,,,,,,,2.0,,71.0,64.0,1.0,0.0,2.0,,,,,X
TXA19930085,LAKERIDGE APTS,2510 COMMUNITY DR,DALLAS,TX,75220,TX0993,32.855318,-96.876993,1085.0,19000.0,19000.0,19000.0,48113007201,48113007201,48113007201,48113007203,48,113,2.0,,,66.0,66.0,0.0,38.0,28.0,0.0,0.0,,,,,,1993,1991,2.0,2.0,,,,2.0,,,,,,,,,,,,,,,,,,,,,,,,,,2.0,,66.0,66.0,1.0,0.0,2.0,,,,,X
TXA19930170,SKYLINE APTS,3402 S BUCKNER BLVD,DALLAS,TX,75227,TX-92-061,32.766268,-96.682431,1085.0,19000.0,19000.0,19000.0,48113009001,48113009000,48113009000,48113009001,48,113,2.0,,,272.0,272.0,0.0,116.0,156.0,0.0,0.0,,,,,,1993,1992,1.0,2.0,,,,2.0,,,,,,,,,,,,,,,,,,,,,,,,,,2.0,,272.0,272.0,1.0,0.0,2.0,,,,,X
TXA19940060,CEDAR RIDGE APTS - DALLAS,7905 MARVIN D LOVE FWY,DALLAS,TX,75237,TX-91-053,32.65158,-96.881966,1085.0,19000.0,19000.0,19000.0,48113016607,48113016607,48113016607,48113016607,48,113,2.0,,,192.0,192.0,0.0,64.0,128.0,0.0,0.0,,,,,,1994,1991,2.0,2.0,,,,2.0,,,,,,,,,,,,,,,,,,,,,,,,,,2.0,,192.0,192.0,1.0,0.0,2.0,,,,,X
TXA19940070,CORNERSTONE CHASE APTS,3120 VALLEY MEADOW DR,DALLAS,TX,75220,TX1049,32.874295,-96.873671,1085.0,19000.0,19000.0,19000.0,48113009801,48113009804,48113009804,48113009804,48,113,2.0,,,166.0,166.0,0.0,58.0,68.0,40.0,0.0,,,,,,1994,1992,1.0,2.0,,,,2.0,,,,,,,,,,,,,,,,,,,,,,,,,,2.0,,166.0,166.0,1.0,0.0,2.0,,,,,X
TXA19940200,NORTH OAK APTS,1417 N NURSERY RD,IRVING,TX,75061,TX1018,32.828279,-96.935629,2060.0,37000.0,37000.0,37000.0,48113014600,48113014602,48113014602,48113014602,48,113,2.0,,,132.0,132.0,0.0,68.0,40.0,24.0,0.0,,,,,,1994,1992,2.0,2.0,,,,2.0,,,,,,,,,,,,,,,,,,,,,,,,,,2.0,,132.0,132.0,1.0,0.0,2.0,,,,AKA NORTH OAKS APTS.,X
TXA19940240,PRINCE OF WALES,4515 LIVE OAK ST,DALLAS,TX,75204,TX-93-093-,32.800001,-96.775878,1085.0,19000.0,19000.0,19000.0,48113001504,48113001504,48113001504,48113001504,48,113,2.0,,,61.0,61.0,61.0,0.0,0.0,0.0,0.0,,,,,,1994,1993,2.0,1.0,,,,2.0,,,,,,,,,,,,,,,,,,,,,,,,,,2.0,,61.0,61.0,1.0,0.0,2.0,,,,,X
TXA19940330,WOODHOLLOW,4424 WOODHOLLOW DR,DALLAS,TX,75237,TX1054,32.688829,-96.863633,1085.0,19000.0,19000.0,19000.0,48113010900,48113010901,48113010904,48113010904,48,113,2.0,,,236.0,236.0,0.0,48.0,140.0,48.0,0.0,,,,,,1994,1992,2.0,2.0,,,,2.0,,,,,,,,,,,,,,,,,,,,,,,,,,2.0,,236.0,236.0,1.0,0.0,2.0,,,,,X
TXA19950070,BRYAN PLACE APTS,3219 SAN JACINTO ST,DALLAS,TX,75204,TX2299,32.794151,-96.788957,1085.0,19000.0,19000.0,19000.0,48113001600,48113001600,48113001600,48113001602,48,113,2.0,,,22.0,22.0,0.0,6.0,16.0,0.0,0.0,,,,,,1995,1993,2.0,1.0,2.0,,,2.0,,,,,,,,,,,,,,,,,,,,,,,,,,2.0,2.0,22.0,22.0,1.0,0.0,2.0,,,,,X
TXA19950100,COOPERS CROSSING,1101 OXBOW DR,IRVING,TX,75038,TX1115,32.883588,-96.963606,2060.0,37000.0,37000.0,37000.0,48113014304,48113014304,48113014312,48113014313,48,113,2.0,,,93.0,93.0,0.0,0.0,36.0,57.0,0.0,,,,,,1995,1993,2.0,2.0,2.0,,,2.0,,,,,,,,,,,,,,,,,,,,,,,,,,1.0,2.0,93.0,93.0,1.0,0.0,2.0,,,,FKA THE MARKS,X
TXA19950130,ESTRADA APTS,1919 WALNUT PLZ,CARROLLTON,TX,75006,TX1227,32.956229,-96.88851,740.0,13024.0,13024.0,13024.0,48113013707,48113013718,48113013718,48113013718,48,113,2.0,,,245.0,245.0,1.0,112.0,128.0,4.0,0.0,,,,,,1995,1994,2.0,2.0,2.0,,,2.0,,,,,,,,,,,,,,,,,,,,,,,,,,2.0,2.0,245.0,245.0,1.0,0.0,2.0,,,,PREVIOUSLY LISTED AS TXA1991180.,X
TXA19950275,OAKRIDGE APTS,2803 W ILLINOIS AVE,DALLAS,TX,75233,TX-93-159,32.720519,-96.865843,1085.0,19000.0,19000.0,19000.0,48113010802,48113010802,48113010804,48113010804,48,113,2.0,,,46.0,46.0,0.0,14.0,32.0,0.0,0.0,,,,,,1995,1993,2.0,1.0,2.0,,,2.0,,,,,,,,,,,,,,,,,,,,,,,,,,2.0,3.0,46.0,46.0,1.0,0.0,2.0,,,,,X
TXA19950355,SIERRA VISTA APTS,2775 NORTHAVEN RD,DALLAS,TX,75229,TX1145,32.90398,-96.883425,1085.0,19000.0,19000.0,19000.0,48113009606,48113009610,48113009610,48113009610,48,113,2.0,,,224.0,224.0,0.0,96.0,108.0,20.0,0.0,,,,,,1995,1993,1.0,2.0,2.0,,,2.0,,,,,,,,,,,,,,,,,,,,,,,,,,2.0,3.0,224.0,224.0,1.0,0.0,2.0,,,,FKA CHERRY WALK APT,X
TXA19950400,MEADOWS APTS (GARLAND),3826 EASTON MEADOWS DR,GARLAND,TX,75043,TX-93-101,32.852065,-96.573646,1580.0,19000.0,29000.0,29000.0,48113018119,48113018119,48113018138,48113018138,48,113,2.0,,,152.0,152.0,0.0,52.0,64.0,36.0,0.0,,,,,,1995,1993,2.0,2.0,2.0,,,2.0,,,,,,,,,,,,,,,,,,,,,,,,,,1.0,2.0,152.0,152.0,1.0,0.0,2.0,,,,,X
TXA19950410,TRAILS REDEVELOPMENT (DALLAS),3109 CHAPEL CREEK DR,DALLAS,TX,75220,TX2326,32.872183,-96.868667,1085.0,19000.0,19000.0,19000.0,48113009801,48113009804,48113009804,48113009804,48,113,2.0,,,302.0,302.0,0.0,136.0,156.0,10.0,0.0,,,,,,1995,1993,2.0,2.0,2.0,,,2.0,,,,,,,,,,,,,,,,,,,,,,,,,,2.0,2.0,302.0,302.0,1.0,0.0,2.0,,,,AKA SPANISH CREEK APTS.,X
TXA19950415,WATERFORD AT VALLEY RANCH,151 COWBOYS PKWY,IRVING,TX,75063,TX1171,32.941386,-96.944613,2060.0,37000.0,37000.0,37000.0,48113014110,48113014110,48113014132,48113014132,48,113,2.0,,,300.0,300.0,0.0,116.0,136.0,48.0,0.0,,,,,,1995,1993,2.0,2.0,2.0,,,2.0,,,,,,,,,,,,,,,,,,,,,,,,,,1.0,2.0,300.0,300.0,1.0,0.0,2.0,,,,,X
TXA19950435,VALLEY TRAILS APTS,8903 VALLEY RANCH PKWY E,IRVING,TX,75063,TX1194,32.928638,-96.94599,2060.0,37000.0,37000.0,37000.0,48113014110,48113014110,48113014131,48113014142,48,113,2.0,,,204.0,204.0,0.0,0.0,132.0,72.0,0.0,,,,,,1995,1993,1.0,2.0,2.0,,,2.0,,,,,,,,,,,,,,,,,,,,,,,,,,1.0,2.0,204.0,204.0,1.0,0.0,2.0,,,,AKA VALLEY TRAIL APTS.,X
TXA19950460,WILLIAMSBURG APARTMENTS,2421 S CARRIER PKWY,GRAND PRAIRIE,TX,75051,TX2340,32.712032,-97.01509,1695.0,30464.0,30464.0,30464.0,48113016200,48113016202,48113016202,48113016203,48,113,2.0,,,418.0,418.0,29.0,198.0,191.0,29.0,0.0,,,2.0,2.0,0.0,1995,1993,2.0,2.0,2.0,2.0,2.0,2.0,2.0,2.0,0.0,2.0,0.0,2.0,0.0,,,2.0,2.0,0.0,2.0,0.0,,,,3.0,2.0,2.0,2.0,2.0,2.0,2.0,,2.0,,418.0,418.0,1.0,0.0,2.0,,,,,X
TXA19950500,WOODGLEN PARK I,6800 S COCKRELL HILL RD,DALLAS,TX,75236,TX4962,32.666896,-96.891112,1085.0,19000.0,19000.0,19000.0,48113010900,48113010901,48113010903,48113010903,48,113,2.0,,,112.0,112.0,0.0,40.0,56.0,16.0,0.0,,,2.0,1.0,3.0,1995,1993,1.0,2.0,2.0,2.0,2.0,2.0,2.0,2.0,0.0,,,2.0,0.0,,,2.0,2.0,0.0,2.0,0.0,,,,4.0,2.0,,,,,,,1.0,2.0,112.0,112.0,1.0,0.0,2.0,,,,"PREVIOUSLY LISTED AS TXA1996245, TXA0000966. AKA WOODGLEN PARK APTS. FKA RED BIRD RIDGE",X
TXA19960070,DALLAS NORTH APTS,5557 ALPHA RD,DALLAS,TX,75240,TX1263,32.933055,-96.81215,1085.0,19000.0,19000.0,19000.0,48113013615,48113013615,48113013615,48113013615,48,113,2.0,,,206.0,206.0,0.0,110.0,88.0,8.0,0.0,,,,,,1996,1994,2.0,2.0,2.0,,,2.0,,,,,,,,,,,,,,,,,,,,,,,,,,2.0,3.0,206.0,206.0,1.0,0.0,2.0,,,,AKA CMA II.,X
TXA19960085,HILLCREST HOUSE,834 N MARSALIS AVE,DALLAS,TX,75203,TX1265,32.757772,-96.815441,1085.0,19000.0,19000.0,19000.0,48113002000,48113002000,48113002000,48113002001,48,113,2.0,,,64.0,64.0,64.0,0.0,0.0,0.0,0.0,,,,,,1996,1994,2.0,1.0,2.0,,,2.0,,,,,,,,,,,,,,,,,,,,,,,,,,2.0,2.0,64.0,64.0,1.0,0.0,2.0,,,,,X
TXA19960120,PETERSON PLACE APTS,5423 PETERSON LN,DALLAS,TX,75240,TX1226,32.930771,-96.814477,1085.0,1240.0,19000.0,19000.0,48113013614,48113013614,48113013626,48113013626,48,113,2.0,,,168.0,168.0,16.0,64.0,72.0,16.0,0.0,,,,,,1996,1994,2.0,2.0,2.0,,,2.0,,,,,,,,,,,,,,,,,,,,,,,,,,2.0,3.0,168.0,168.0,1.0,0.0,2.0,,,,AKA CMA I.,X
TXA19960190,PARK AT CLIFF CREEK,7310 MARVIN D LOVE FWY,DALLAS,TX,75237,TX1312,32.658701,-96.872544,1085.0,19000.0,19000.0,19000.0,48113010900,48113010902,48113010902,48113010905,48,113,2.0,,,280.0,280.0,24.0,48.0,120.0,88.0,0.0,,,2.0,,,1996,1995,2.0,2.0,2.0,,,2.0,,2.0,0.0,,,,,,,,,,,,,,,,1.0,2.0,2.0,1.0,2.0,2.0,,2.0,,280.0,280.0,1.0,0.0,2.0,,,,,X
TXA19960225,WILLOW POND APTS,6003 ABRAMS RD,DALLAS,TX,75231,TX1229,32.857843,-96.748764,1085.0,19000.0,19000.0,19000.0,48113007809,48113007809,48113007809,48113007809,48,113,2.0,,,386.0,386.0,0.0,246.0,107.0,33.0,0.0,,,,,,1996,1994,2.0,2.0,2.0,,,2.0,,,,,,,,,,,,,,,,,,,,,,,,,,2.0,2.0,386.0,386.0,1.0,0.0,2.0,,,,FKA GLEN HILLS,X
TXA19970055,ENCHANTED HILLS,7802 VILLA CLIFF DR,DALLAS,TX,75228,TX1313,32.802536,-96.714832,1085.0,19000.0,19000.0,19000.0,48113012203,48113012208,48113012208,48113012208,48,113,2.0,,,229.0,229.0,0.0,90.0,135.0,4.0,0.0,,,,,,1997,1995,2.0,2.0,2.0,,,2.0,,,,,,,,,,,,,,,,,,,,,,,,,,2.0,2.0,229.0,229.0,1.0,0.0,2.0,,,,,X
TXA19970180,BIRCHWOOD APTS,4829 COLES MANOR PL,DALLAS,TX,75204,TX1477,32.812963,-96.785546,1085.0,19000.0,19000.0,19000.0,48113000800,48113000800,48113000800,48113000802,48,113,2.0,,,293.0,293.0,0.0,171.0,78.0,44.0,0.0,,,,,,1997,1996,2.0,1.0,2.0,,,2.0,,,,,,,,,,,,,,,,,,,,,,,,,,2.0,3.0,293.0,293.0,1.0,0.0,2.0,,,,,X
TXA19970185,COURTYARDS AT KIRNWOOD,2600 BOLTON BOONE DR,DESOTO,TX,75115,TX1476,32.63993,-96.878281,1085.0,19000.0,20092.0,20092.0,48113016605,48113016605,48113016605,48113016635,48,113,2.0,,,198.0,198.0,0.0,119.0,79.0,0.0,0.0,,,,,,1997,1996,2.0,1.0,2.0,,,2.0,,,,,,,,,,,,,,,,,,,,,,,,,,1.0,2.0,198.0,198.0,1.0,0.0,2.0,,,,,X
TXA19970195,VILLAS OF SORRENTO,3130 STAG RD,DALLAS,TX,75241,TX1636,32.694075,-96.764431,1085.0,19000.0,19000.0,19000.0,48113008701,48113008701,48113008701,48113008701,48,113,2.0,,,245.0,245.0,0.0,98.0,73.0,74.0,0.0,,,,,,1997,1996,2.0,1.0,2.0,,,2.0,,,,,,,,,,,,,,,,,,,,,,,,,,1.0,2.0,245.0,245.0,1.0,0.0,2.0,,,,AKA THE VILLAS OF SORRENTO A NEVADA.,X
TXA19970200,WATERFORD AT GOLDMARK,13695 GOLDMARK DR,DALLAS,TX,75240,TX1457,32.936154,-96.7549,1085.0,19000.0,19000.0,19000.0,48113019209,48113019209,48113019213,48113019213,48,113,2.0,,,220.0,165.0,0.0,112.0,108.0,0.0,0.0,,,,,,1997,1995,2.0,1.0,2.0,,,2.0,,,,,,,,,,,,,,,,,,,,,,,,,,1.0,2.0,220.0,165.0,1.0,0.0,2.0,,,,,X
TXA19970210,TREYMORE AT CITYPLACE,2101 N HASKELL AVE,DALLAS,TX,75204,TX1352,32.802337,-96.786905,1085.0,19000.0,19000.0,19000.0,48113001600,48113001600,48113001600,48113001601,48,113,2.0,,,180.0,72.0,0.0,83.0,73.0,24.0,0.0,,,,,,1997,1995,2.0,1.0,2.0,,,2.0,,,,,,,,,,,,,,,,,,,,,,,,,,1.0,2.0,180.0,72.0,1.0,0.0,2.0,,,,,X
TXA19980045,CENTERVILLE POINTE,4266 DUCK CREEK DR,GARLAND,TX,75043,TX1615,32.863117,-96.622508,1580.0,29000.0,29000.0,29000.0,48113018111,48113018111,48113018111,48113018111,48,113,2.0,,,250.0,150.0,0.0,0.0,95.0,102.0,53.0,,,,,,1998,1996,2.0,2.0,2.0,,,2.0,,,,,,,,,,,,,,,,,,,,,,,,,,1.0,2.0,250.0,150.0,1.0,0.0,2.0,,,,,X
TXA19980115,LAS LOMAS APTS,6161 TRAIL GLEN DR,DALLAS,TX,75217,TX1603,32.714086,-96.715893,1085.0,19000.0,19000.0,19000.0,48113009304,48113009304,48113009304,48113009304,48,113,2.0,,,230.0,138.0,0.0,108.0,84.0,36.0,2.0,,,,,,1998,1996,2.0,1.0,2.0,,,2.0,,,,,,,,,,,,,,,,,,,,,,,,,,2.0,2.0,230.0,138.0,1.0,0.0,2.0,,,,,X
TXA19980235,PARKS AT WYNNEWOOD,1910 ARGENTIA DR,DALLAS,TX,75224,TX1383,32.72664,-96.828475,1085.0,19000.0,19000.0,19000.0,48113006200,48113006200,48113006200,48113006200,48,113,2.0,,,172.0,172.0,0.0,8.0,66.0,50.0,48.0,,,,,,1998,1995,2.0,2.0,2.0,,,2.0,,,,,,,,,,,,,,,,,,,,,,,,,,2.0,2.0,172.0,172.0,1.0,0.0,2.0,,,,PREVIOUSLY LISTED AS TXA1995405.,X
TXA19980250,TREYMORE NORTH APTS,4144 OFFICE PKWY,DALLAS,TX,75204,TX-96-016,32.804586,-96.787751,1085.0,19000.0,19000.0,19000.0,48113000800,48113000800,48113000800,48113000801,48,113,2.0,,,70.0,52.0,0.0,36.0,16.0,18.0,0.0,,,,,,1998,1996,2.0,1.0,2.0,,,2.0,,,,,,,,,,,,,,,,,,,,,,,,,,1.0,2.0,70.0,52.0,1.0,0.0,2.0,,,,AKA CARLETON-CITYPLACE II.,X
TXA19990035,COLUMBIA LUXAR TOWNHOMES,3120 GUADALUPE AVE,DALLAS,TX,75233,TX1824,32.706306,-96.889139,1085.0,19000.0,19000.0,19000.0,48113010802,48113010802,48113010805,48113010805,48,113,2.0,,,125.0,125.0,0.0,0.0,0.0,125.0,0.0,,,,,,1999,1997,2.0,1.0,2.0,,,2.0,,,,,,,,,,,,,,,,,,,,,,,,,,1.0,2.0,125.0,125.0,1.0,0.0,2.0,,,,AKA KIEST TOWNHOMES.,X
TXA19990160,PRAIRIE ESTATES,1325 DAJA LN,GRAND PRAIRIE,TX,75050,TX1763,32.755511,-97.032782,1695.0,30464.0,30464.0,30464.0,48113015402,48113015404,48113015404,48113015404,48,113,2.0,,,160.0,160.0,0.0,0.0,0.0,60.0,100.0,,,,,,1999,1997,2.0,2.0,2.0,,,2.0,,,,,,,,,,,,,,,,,,,,,,,,,,1.0,2.0,160.0,160.0,1.0,0.0,2.0,,,,,X
TXA19990205,TUSCANY AT GOLDMARK,13731 GOLDMARK DR,DALLAS,TX,75240,TX1676,32.936989,-96.753805,1085.0,19000.0,19000.0,19000.0,48113019209,48113019209,48113019213,48113019213,48,113,2.0,,,184.0,138.0,0.0,0.0,184.0,0.0,0.0,,,,,,1999,1997,2.0,1.0,2.0,,,2.0,,,,,,,,,,,,,,,,,,,,,,,,,,1.0,2.0,184.0,138.0,1.0,0.0,2.0,,,,,X
TXA20000055,GREENS OF HICKORY TRAIL,8613 OLD HICKORY TRAIL,DALLAS,TX,75237,TX1936,32.644656,-96.865719,1085.0,19000.0,19000.0,19000.0,48113016605,48113016605,48113016605,48113016635,48,113,2.0,,,250.0,248.0,,,,,,,,,,,2000,1998,,1.0,1.0,,,,,,,,,,,,,,,,,,,,,,,,,,,,,1.0,1.0,250.0,248.0,1.0,0.0,2.0,,,,,X
TXA20000065,HOMES OF PERSIMMON,3100 PERSIMMON RD,DALLAS,TX,75241,TX-98-170,32.676183,-96.769726,1085.0,19000.0,19000.0,19000.0,48113011401,48113011401,48113011401,48113011401,48,113,2.0,,,180.0,135.0,,,,,,,,,,,2000,1998,,1.0,2.0,,,,,,,,,,,,,,,,,,,,,,,,,,,,,1.0,2.0,180.0,135.0,1.0,0.0,2.0,,,,,X
TXA20000100,OAKWOOD PLACE APTS,4950 WADSWORTH DR,DALLAS,TX,75216,TX2057,32.698804,-96.760288,1085.0,19000.0,19000.0,19000.0,48113008701,48113008701,48113008701,48113008701,48,113,2.0,,,206.0,155.0,,,,,,,,,,,2000,1999,,1.0,2.0,,,,,,,,,,,,,,,,,,,,,,,,,,,,,2.0,2.0,206.0,155.0,1.0,0.0,2.0,,,,AKA WADSWORTH APTS.,X
TXA20010060,EBAN VILLAGE II,3011 PARK ROW AVE,DALLAS,TX,75215,TX2087,32.773005,-96.768394,1085.0,19000.0,19000.0,19000.0,48113003500,48113003500,48113020300,48113020300,48,113,2.0,,,220.0,165.0,0.0,77.0,102.0,41.0,0.0,,,,,,2001,1999,2.0,1.0,2.0,,,2.0,,,,,,,,,,,,,,,,,,,,,,,,,,1.0,2.0,220.0,165.0,1.0,0.0,1.0,,,,,X
TXA20010110,LEGACY POINT APT HOMES,238 S BARNES DR,GARLAND,TX,75042,TX0051,32.913541,-96.678601,1580.0,29000.0,29000.0,29000.0,48113019013,48113019013,48113019013,48113019013,48,113,2.0,,,183.0,183.0,0.0,87.0,16.0,56.0,24.0,,,,,,2001,2000,2.0,1.0,1.0,,,2.0,,,,,,,,,,,,,,,,,,,,,,,,,,2.0,1.0,183.0,183.0,1.0,0.0,1.0,,,,AKA LEGACY POINTE APT HOMES.,X
TXA20010135,PRIMROSE OAKS,2999 S HAMPTON RD,DALLAS,TX,75224,00014T,32.712848,-96.857303,1085.0,19000.0,19000.0,19000.0,48113010802,48113010802,48113010804,48113010804,48,113,2.0,,,250.0,250.0,,,,,,,,,,,2001,2001,2.0,1.0,1.0,,,2.0,,,,,,,,,,,,,,,,,,,,,,,,,,1.0,1.0,250.0,250.0,1.0,0.0,1.0,,,,FKA THE OAKS AT HAMPTON,X
TXA20010140,PRIMROSE PARK AT ROLLING HILLS,2500 BOLTON BOONE DR,DESOTO,TX,,TX-00-029T,32.638189,-96.878669,1085.0,19000.0,20092.0,20092.0,48113016605,48113016605,48113016605,48113016635,48,113,2.0,,,250.0,250.0,0.0,98.0,152.0,0.0,0.0,,,,,,2001,2000,2.0,1.0,1.0,,,2.0,,,,,,,,,,,,,,,,,,,,,,,,,,1.0,1.0,250.0,250.0,1.0,0.0,1.0,,,,,X
TXA20010160,ROSELAND TOWNHOMES,1949 N WASHINGTON AVE,DALLAS,TX,75204,TX2183,32.799848,-96.788767,1085.0,19000.0,19000.0,19000.0,48113001600,48113001600,48113001600,48113001601,48,113,2.0,,,189.0,144.0,0.0,10.0,74.0,90.0,15.0,,,,,,2001,1999,2.0,1.0,2.0,,,2.0,,,,,,,,,,,,,,,,,,,,,,,,,,1.0,2.0,189.0,144.0,1.0,0.0,1.0,,,,,X
TXA20010230,TREYMORE EASTFIELD,2631 JOHN W RD,DALLAS,TX,75228,TX2223,32.807253,-96.670172,1085.0,19000.0,19000.0,19000.0,48113012300,48113012302,48113012302,48113012302,48,113,2.0,,,196.0,150.0,0.0,108.0,48.0,40.0,0.0,,,,,,2001,1999,2.0,2.0,2.0,,,2.0,,,,,,,,,,,,,,,,,,,,,,,,,,1.0,2.0,196.0,150.0,1.0,0.0,2.0,,,,AKA TREYMORE AT EASTFIELD. FKA TREYMORE AT LA PRADA,X
TXA20010255,VILLAS OF HICKORY ESTATES,3211 HICKORY TREE RD,BALCH SPRINGS,TX,75180,TX0022,32.725419,-96.622829,250.0,5372.0,5372.0,5372.0,48113017201,48113017201,48113017201,48113017201,48,113,2.0,,,128.0,96.0,0.0,52.0,76.0,0.0,0.0,,,,,,2001,2000,2.0,2.0,2.0,,,2.0,,,,,,,,,,,,,,,,,,,,,,,,,,1.0,2.0,128.0,96.0,1.0,0.0,2.0,,,,,X
TXA20020035,CARROLL TOWNHOMES,2202 KIRBY ST,DALLAS,TX,75204,TX0019,32.808019,-96.781645,1085.0,19000.0,19000.0,19000.0,48113000800,48113000800,48113000800,48113000801,48,113,2.0,,,71.0,71.0,,,,,,,,,,,2002,2000,,,,,,,,,,,,,,,,,,,,,,,,,,,,,,,,,,71.0,71.0,1.0,0.0,1.0,,,,,X
TXA20020240,ROSEMONT AT ARLINGTON PARK,1716 CHATTANOOGA PL,DALLAS,TX,75235,TX0064,32.81649,-96.85225,1085.0,19000.0,19000.0,19000.0,48113010000,48113010000,48113010000,48113010001,48,113,2.0,,,100.0,75.0,,,,,,,,,,,2002,2000,,,,,,,,,,,,,,,,,,,,,,,,,,,,,,,,,,100.0,75.0,1.0,0.0,1.0,,,,,X
TXA20020265,SOUTH BOULEVARD RETIREMENT CENTER,1811 S BLVD,DALLAS,TX,75215,TX-99-203,32.763057,-96.777745,1085.0,19000.0,19000.0,19000.0,48113003400,48113003400,48113003400,48113020900,48,113,2.0,,,30.0,30.0,,,,,,,,,,,2002,1999,,,,,,,,,,,,,,,,,,,,,,,,,,,,,,,,,,30.0,30.0,1.0,0.0,1.0,,,,,X
TXA20030045,PRIMROSE AT CEDAR HILL,1204 E BELT LINE RD,CEDAR HILL,TX,75104,TX3203,32.589592,-96.915912,765.0,13492.0,13492.0,13492.0,48113016604,48113016614,48113016624,48113016624,48,113,2.0,,,80.0,,,,,,,,,,,,2003,2002,2.0,2.0,2.0,,,2.0,,2.0,0.0,,,2.0,0.0,,,2.0,,,,,,,,,1.0,2.0,1.0,0.0,0.0,0.0,,2.0,2.0,80.0,80.0,1.0,0.0,2.0,,,,PREVIOUSLY LISTED AS TXA0000458. FKA CEDAR HILL GARDENS,X
TXA20030115,EWING VILLAS,811 MORRELL AVE,DALLAS,TX,75203,TX0293,32.739302,-96.811269,1085.0,19000.0,19000.0,19000.0,48113004900,48113004900,48113004900,48113021000,48,113,2.0,,,80.0,60.0,,,,,,,,,,,2003,2001,2.0,2.0,2.0,,,2.0,,2.0,0.0,,,2.0,0.0,,,2.0,,,,,,,,,2.0,,,,,,,1.0,2.0,80.0,60.0,1.0,0.0,1.0,,,,,X
TXA20030285,ROSELAND ESTATES,1949 N WASHINGTON AVE,DALLAS,TX,75204,TX3207,32.799848,-96.788767,1085.0,19000.0,19000.0,19000.0,48113001600,48113001600,48113001600,48113001601,48,113,2.0,,,138.0,104.0,,,,,,,,,,,2003,2002,2.0,2.0,2.0,,,2.0,,2.0,0.0,,,2.0,0.0,,,2.0,,,,,,,,,2.0,,,,,,,2.0,2.0,138.0,104.0,1.0,0.0,1.0,,,,,X
TXA20030290,ROSEMONT AT PEMBERTON HILL,220 STONEPORT DR,DALLAS,TX,75217,TX0416,32.714128,-96.7139,1085.0,19000.0,19000.0,19000.0,48113009304,48113009304,48113009304,48113009304,48,113,2.0,,,236.0,236.0,,,,,,,,,,,2003,2001,2.0,2.0,1.0,,,2.0,,2.0,0.0,,,2.0,0.0,,,2.0,,,,,,,,,2.0,,,,,,,1.0,1.0,236.0,236.0,1.0,0.0,1.0,,,,,X
TXA20030295,ROSEMONT AT TIMBERCREEK,801 BECKLEYMEADE AVE,DALLAS,TX,75232,TX1057,32.64051,-96.835818,1085.0,19000.0,19000.0,19000.0,48113016605,48113016605,48113016605,48113016634,48,113,2.0,,,100.0,100.0,,,,,,,,,,,2003,2001,2.0,2.0,2.0,,,2.0,,2.0,0.0,,,2.0,0.0,,,2.0,,,,,,,,,2.0,,,,,,,1.0,2.0,100.0,100.0,1.0,0.0,1.0,,,,,X
TXA20030310,ROSEMONT OF OAK HOLLOW,3015 E LEDBETTER DR,DALLAS,TX,75216,TX0445,32.719862,-96.781002,1085.0,19000.0,19000.0,19000.0,48113008704,48113008704,48113008801,48113008801,48,113,2.0,,,153.0,153.0,,,,,,,,,,,2003,2001,2.0,2.0,1.0,,,2.0,,2.0,0.0,,,2.0,0.0,,,2.0,,,,,,,,,2.0,,,,,,,1.0,1.0,153.0,153.0,1.0,0.0,1.0,,,,,X
TXA20030455,WINTERGREEN SENIOR APTS,400 E WINTERGREEN RD,DESOTO,TX,75115,TX1467,32.618337,-96.849646,1155.0,20092.0,20092.0,20092.0,48113016609,48113016619,48113016619,48113016619,48,113,2.0,,,180.0,180.0,,,,,,,,,,,2003,2001,2.0,2.0,1.0,,,2.0,,2.0,0.0,,,2.0,0.0,,,2.0,,,,,,,,,1.0,2.0,1.0,0.0,0.0,0.0,,1.0,1.0,180.0,180.0,1.0,0.0,2.0,,,,,X
TXA20040090,EVERGREEN AT MESQUITE APTS,5651 NW DR,MESQUITE,TX,75150,TX3401,32.837578,-96.620656,1580.0,19000.0,47892.0,47892.0,48113018113,48113018130,48113018130,48113018130,48,113,2.0,,,200.0,200.0,,,,,,,,,,,2004,2003,2.0,2.0,1.0,,,,,2.0,0.0,,,,,,,,,,,,,,,,1.0,2.0,1.0,0.0,0.0,0.0,,1.0,1.0,200.0,200.0,1.0,0.0,2.0,,,,,X
TXA20040180,MADISON POINT APTS (DALLAS),220 W OVERTON RD,DALLAS,TX,75224,TX3257,32.700221,-96.826855,1085.0,19000.0,19000.0,19000.0,48113006002,48113006002,48113006002,48113006002,48,113,2.0,,,176.0,140.0,,,,,,,,,,,2004,2002,2.0,2.0,2.0,,,,,2.0,0.0,,,,,,,,,,,,,,,,,,,,,,,1.0,2.0,176.0,140.0,1.0,0.0,1.0,,,,,X
TXA20040220,POTTERS HOUSE AT PRIMROSE,2515 PERRYTON DR,DALLAS,TX,75233,TX3278,32.714343,-96.861787,1085.0,19000.0,19000.0,19000.0,48113010802,48113010802,48113010804,48113010804,48,113,2.0,,,280.0,280.0,,,,,,,,,,,2004,2002,2.0,2.0,1.0,,,,,2.0,0.0,,,,,,,,,,,,,,,,,,,,,,,1.0,1.0,280.0,280.0,1.0,0.0,1.0,,,,AKA POTTER'S HOUSE AT PRIMROSE.,X
TXA20040225,PRAIRIE COMMONS,9850 MILITARY PKWY,DALLAS,TX,75227,TX3209,32.768136,-96.652455,1085.0,19000.0,19000.0,19000.0,48113012100,48113012100,48113012100,48113012101,48,113,2.0,,,72.0,54.0,,,,,,,,,,,2004,2002,2.0,2.0,2.0,,,,,2.0,0.0,,,,,,,,,,,,,,,,,,,,,,,1.0,2.0,72.0,54.0,1.0,0.0,2.0,,,,,X
TXA20040240,PROVIDENCE ON THE PARK,8501 OLD HICKORY TRAIL,DALLAS,TX,75237,TX3276,32.645979,-96.865724,1085.0,19000.0,19000.0,19000.0,48113016605,48113016605,48113016605,48113016635,48,113,2.0,,,280.0,280.0,,,,,,,,,,,2004,2002,2.0,2.0,1.0,,,,,2.0,0.0,,,,,,,,,,,,,,,,,,,,,,,1.0,1.0,280.0,280.0,1.0,0.0,1.0,,,,,X
TXA20040280,ROSEMONT AT ASK CREEK,2563 JOHN W RD,DALLAS,TX,75228,TX3410,32.807269,-96.672014,1085.0,19000.0,19000.0,19000.0,48113012300,48113012302,48113012302,48113012302,48,113,2.0,,,280.0,280.0,,,,,,,,,,,2004,2003,2.0,2.0,1.0,,,,,2.0,0.0,,,,,,,,,,,,,,,,,,,,,,,1.0,1.0,280.0,280.0,1.0,0.0,1.0,,,,,X
TXA20040285,ROSEMONT OF LANCASTER,1425 S HOUSTON SCHOOL RD,LANCASTER,TX,75146,TX2479,32.568609,-96.805684,2385.0,41212.0,41212.0,41212.0,48113016802,48113016802,48113016802,48113016802,48,113,2.0,,,280.0,280.0,,,,,,,,,,,2004,2002,2.0,2.0,1.0,,,,,2.0,0.0,,,,,,,,,,,,,,,,,,,,,,,1.0,1.0,280.0,280.0,1.0,0.0,2.0,,,,AKA PRIMROSE HOUSTON I.,X
TXA20040290,ROSEMONT AT MEADOW LANE,4722 MEADOW ST,DALLAS,TX,75215,TX3421,32.758322,-96.748433,1085.0,19000.0,19000.0,19000.0,48113003901,48113003901,48113003901,48113020800,48,113,2.0,,,264.0,264.0,,,,,,,,,,,2004,2003,2.0,2.0,1.0,,,,,2.0,0.0,,,,,,,,,,,,,,,,,,,,,,,1.0,1.0,264.0,264.0,1.0,0.0,1.0,,,,,X
TXA20040330,SPHINX AT MURDEAUX,125 S MURDEAUX LN,DALLAS,TX,75217,TX3272,32.7119,-96.693433,1085.0,19000.0,19000.0,19000.0,48113011601,48113011601,48113011601,48113011601,48,113,2.0,,,240.0,240.0,,,,,,,,,,,2004,2002,2.0,2.0,1.0,,,,,2.0,0.0,,,,,,,,,,,,,,,,,,,,,,,1.0,1.0,240.0,240.0,1.0,0.0,2.0,,,,,X
TXA20040400,VILLAS OF LANCASTER,2531 W PLEASANT RUN RD,LANCASTER,TX,75146,TX3240,32.604429,-96.810812,2385.0,19000.0,41212.0,41212.0,48113016702,48113016703,48113016703,48113016709,48,113,2.0,,,144.0,142.0,,,,,,,,,,,2004,2002,2.0,2.0,2.0,,,,,2.0,0.0,,,,,,,,,,,,,,,,1.0,2.0,1.0,0.0,0.0,0.0,,1.0,2.0,144.0,142.0,1.0,0.0,2.0,,,,,X
TXA20040405,WEST VIRGINIA PARK APTS,8004 W VIRGINIA DR,DALLAS,TX,75237,TX3289,32.650113,-96.877644,1085.0,19000.0,19000.0,19000.0,48113016605,48113016605,48113016605,48113016635,48,113,2.0,,,204.0,204.0,,,,,,,,,,,2004,2003,2.0,2.0,1.0,,,,,2.0,0.0,,,,,,,,,,,,,,,,,,,,,,,1.0,1.0,204.0,204.0,1.0,0.0,1.0,,,,AKA WEST VIRGINIA APTS.,X
TXA20049002,PLEASANT VILLAGE,378 N JIM MILLER RD,DALLAS,TX,75217,TX4199,32.717402,-96.699877,1085.0,19000.0,19000.0,19000.0,48113011601,48113011601,48113009304,48113009304,48,113,2.0,,,200.0,,,,,,,,,,,,2004,8888,,,,,,,,,,,,,,,,,,,,,,,,,,,,,,,,,,200.0,200.0,1.0,,2.0,,,,,X
TXA20050020,ARTISAN RIDGE,5480 PREAKNESS LN,DALLAS,TX,75211,TX3422,32.740131,-96.915329,1085.0,19000.0,19000.0,19000.0,48113010702,48113010704,48113010704,48113010704,48,113,2.0,,,264.0,264.0,,,,,,,,,,,2005,2003,2.0,2.0,1.0,,,2.0,,2.0,0.0,,,2.0,0.0,,,2.0,,,,,,,,,2.0,,,,,,,1.0,1.0,264.0,264.0,1.0,0.0,1.0,,,,FKA PREAKNESS RANCH,X
TXA20050080,CHURCHILL AT PINNACLE PARK,1411 N COCKRELL HILL RD,DALLAS,TX,75211,TX4058,32.758962,-96.893268,1085.0,19000.0,19000.0,19000.0,48113010701,48113010701,48113010701,48113010701,48,113,2.0,,,200.0,200.0,,,,,,,,,,,2005,2004,2.0,2.0,1.0,,,2.0,,2.0,0.0,,,2.0,0.0,,,2.0,,,,,,,,,2.0,,,,,,,1.0,1.0,200.0,200.0,1.0,0.0,1.0,,,,,X
TXA20050220,OAK TIMBERS-GRAND PRARIE,1920 ROBINSON RD,GRAND PRAIRIE,TX,75051,TX3343,32.715571,-97.019841,1695.0,30464.0,30464.0,30464.0,48113016100,48113016100,48113016100,48113016100,48,113,2.0,,,80.0,64.0,0.0,64.0,16.0,0.0,0.0,,,,,,2005,2003,2.0,2.0,2.0,,,2.0,,2.0,0.0,,,2.0,0.0,,,2.0,,,,,,,,,1.0,2.0,1.0,0.0,0.0,0.0,,1.0,2.0,80.0,64.0,1.0,0.0,1.0,,,,,X
TXA20050250,PEGASUS VILLAS,7200 N STEMMONS FWY,DALLAS,TX,75247,TX3366,32.818273,-96.87114,1085.0,19000.0,19000.0,19000.0,48113010000,48113010000,48113010000,48113010003,48,113,2.0,,,156.0,124.0,0.0,87.0,69.0,0.0,0.0,,,,,,2005,2003,2.0,2.0,2.0,,,2.0,,2.0,0.0,,,2.0,0.0,,,2.0,,,,,,,,,2.0,,,,,,,1.0,2.0,156.0,124.0,1.0,0.0,1.0,,,,,X
TXA20050290,RESERVE AT LAS BRISAS II,4323 NORTHSHORE DR,IRVING,TX,75038,TX3094,32.8627,-96.9843,2060.0,37000.0,37000.0,37000.0,48113014305,48113014310,48113014310,48113014310,48,113,2.0,,,180.0,144.0,0.0,46.0,46.0,88.0,0.0,,,,,,2005,2003,2.0,2.0,2.0,,,2.0,,2.0,0.0,,,2.0,0.0,,,2.0,,,,,,,,,2.0,,,,,,,1.0,2.0,180.0,144.0,1.0,0.0,2.0,,,,,X
TXA20050310,ROSEMONT AT LAKEWEST (ARBOR WOODS),3000 N HAMPTON RD,DALLAS,TX,75212,TX3316,32.778809,-96.856262,1085.0,19000.0,19000.0,19000.0,48113010101,48113010101,48113010101,48113010101,48,113,2.0,,,151.0,120.0,,,,,,,,,,,2005,2003,2.0,2.0,2.0,,,2.0,,2.0,0.0,,,2.0,0.0,,,2.0,,,,,,,,,2.0,,,,,,,1.0,2.0,151.0,120.0,1.0,0.0,1.0,,,,AKA ARBOR WOODS.,X
TXA20050325,SHILOH VILLAGE APARTMENTS,8702 SHILOH RD,DALLAS,TX,75228,TX4130,32.810703,-96.668255,1085.0,19000.0,19000.0,19000.0,48113012300,48113012302,48113012302,48113012302,48,113,2.0,2.0,,168.0,168.0,0.0,0.0,16.0,80.0,72.0,,,2.0,1.0,67.0,2005,2020,2.0,2.0,2.0,1.0,2.0,2.0,,2.0,0.0,2.0,0.0,2.0,0.0,2.0,0.0,2.0,2.0,0.0,2.0,0.0,2.0,,0.0,1.0,2.0,1.0,1.0,1.0,1.0,1.0,,2.0,1.0,168.0,168.0,1.0,0.0,1.0,,,,,X
TXA20050340,SPHINX AT DELAFIELD VILLAS,4101 DELAFIELD LN,DALLAS,TX,75227,TX4057,32.77334,-96.675004,1085.0,19000.0,19000.0,19000.0,48113009001,48113009000,48113009000,48113009001,48,113,2.0,,,205.0,204.0,,,,,,,,,,,2005,2004,2.0,2.0,1.0,,,2.0,,2.0,0.0,,,2.0,0.0,,,2.0,,,,,,,,,2.0,,,,,,,1.0,1.0,205.0,204.0,1.0,0.0,1.0,,,,AKA ST AUGUSTINE VILLAS HOUSING.,X
TXA20050370,THE MASTERS APTS,1180 N MASTERS DR,DALLAS,TX,75217,TX4425,32.731731,-96.648089,1085.0,5372.0,19000.0,19000.0,48113011800,48113011800,48113011800,48113011801,48,113,2.0,,,144.0,144.0,,,,,,,,,,,2005,2004,2.0,2.0,1.0,,,2.0,,2.0,0.0,,,2.0,0.0,,,2.0,,,,,,,,,2.0,,,,,,,1.0,1.0,144.0,144.0,1.0,0.0,1.0,,,,,X
TXA20050435,WRIGHT SENIOR APTS,1104 S CARRIER PKWY,GRAND PRAIRIE,TX,75051,TX3351,32.730652,-97.014913,1695.0,30464.0,30464.0,30464.0,48113016100,48113016100,48113016100,48113016100,48,113,2.0,,,154.0,123.0,29.0,92.0,33.0,0.0,0.0,,,,,,2005,2003,2.0,2.0,2.0,,,2.0,,2.0,0.0,,,2.0,0.0,,,2.0,,,,,,,,,1.0,2.0,1.0,0.0,0.0,0.0,,1.0,2.0,154.0,123.0,1.0,0.0,1.0,,,,,X
TXA20060070,SPRING OAKS APTS,4317 SHEPHERD LN,BALCH SPRINGS,TX,75180,TX4113,32.710664,-96.614374,250.0,5372.0,5372.0,5372.0,48113017202,48113017202,48113017202,48113017204,48,113,2.0,,850235.0,160.0,128.0,0.0,32.0,72.0,56.0,0.0,,,2.0,1.0,,2006,2004,,2.0,,,,2.0,,2.0,0.0,,,,,,,,,,,,,,,,2.0,,,,,,,1.0,2.0,160.0,128.0,1.0,0.0,2.0,,,,,X
TXA20060100,VILLAS OF SEAGOVILLE,1000 E MALLOY BRIDGE RD,SEAGOVILLE,TX,75159,TX4120,32.648837,-96.531888,3865.0,19000.0,66428.0,66428.0,48113017002,48113017003,48113017003,48113017008,48,113,2.0,,428270.0,100.0,78.0,0.0,47.0,51.0,0.0,0.0,,,2.0,1.0,,2006,2004,,2.0,,,,2.0,,2.0,0.0,,,,,,,,,,,,,,,,1.0,2.0,1.0,0.0,0.0,0.0,,1.0,2.0,100.0,78.0,1.0,0.0,2.0,,,,,X
TXA20060105,FRAZIER FELLOWSHIP,4848 HATCHER ST,DALLAS,TX,75210,TX4126,32.775144,-96.737908,1085.0,19000.0,19000.0,19000.0,48113002701,48113002701,48113002701,48113002703,48,113,2.0,,553780.0,76.0,60.0,0.0,16.0,34.0,26.0,0.0,,,2.0,1.0,,2006,2004,,1.0,,,,2.0,,2.0,0.0,,,,,,,,,,,,,,,,2.0,,,,,,,1.0,2.0,76.0,60.0,1.0,0.0,1.0,,,,,X
TXA20060200,PRIMROSE AT HIGHLAND MEADOWS,2100 HIGHLAND RD,DALLAS,TX,75228,TX4080,32.803449,-96.716107,1085.0,19000.0,19000.0,19000.0,48113012203,48113012208,48113012208,48113012208,48,113,2.0,,935153.0,150.0,120.0,0.0,42.0,108.0,0.0,0.0,,,2.0,1.0,,2006,2004,1.0,1.0,,,,2.0,,2.0,0.0,,,,,,,,,,,,,,,,1.0,2.0,1.0,0.0,0.0,0.0,,1.0,2.0,150.0,120.0,1.0,0.0,1.0,,,,,X
TXA20060300,PRIMROSE AT PARK PLACE,202 BELT LINE RD,GARLAND,TX,75040,TX4164,32.913774,-96.630455,1580.0,29000.0,29000.0,29000.0,48113019007,48113019026,48113018802,48113018802,48,113,2.0,,596042.0,204.0,204.0,0.0,72.0,132.0,0.0,0.0,,,2.0,2.0,,2006,2004,,2.0,,,,2.0,,2.0,0.0,,,,,,,,,,,,,,,,1.0,2.0,1.0,0.0,0.0,0.0,,1.0,1.0,204.0,204.0,1.0,0.0,2.0,,,,,X
TXA20060330,ROSEMONT AT SIERRA VISTA (SCYENE),9901 SCYENE RD,DALLAS,TX,75227,TX4179,32.762512,-96.651545,1085.0,19000.0,19000.0,19000.0,48113012100,48113012100,48113012100,48113012101,48,113,2.0,,776433.0,250.0,250.0,0.0,52.0,112.0,86.0,0.0,,,2.0,2.0,,2006,2004,,2.0,,,,2.0,,2.0,0.0,,,,,,,,,,,,,,,,2.0,,,,,,,1.0,1.0,250.0,250.0,1.0,0.0,2.0,,,,AKA ROSEMONT AT SIERRA VISTA.,X
TXA20060445,HOMES OF MOUNTAIN CREEK,1350 SKYLINE RD,GRAND PRAIRIE,TX,75051,TX5401,32.735098,-96.98678,1695.0,19000.0,30464.0,30464.0,48113015900,48113015900,48113015900,48113015900,48,113,2.0,,729317.0,200.0,200.0,0.0,44.0,88.0,68.0,0.0,,,2.0,2.0,,2006,2005,,1.0,,,,2.0,,2.0,0.0,,,,,,,,,,,,,,,,2.0,,,,,,,1.0,1.0,200.0,200.0,1.0,0.0,1.0,,,,,X
TXA20060460,ST AUGUSTINE ESTATES,2222 N ST AUGUSTINE DR,DALLAS,TX,75227,TX4223,32.750443,-96.656705,1085.0,19000.0,19000.0,19000.0,48113012000,48113012000,48113012000,48113012000,48,113,2.0,,559841.0,150.0,150.0,0.0,75.0,75.0,0.0,0.0,,,2.0,2.0,,2006,2005,,1.0,,,,2.0,,2.0,0.0,,,,,,,,,,,,,,,,1.0,2.0,1.0,0.0,0.0,0.0,,1.0,1.0,150.0,150.0,1.0,0.0,1.0,,,,,X
TXA20069002,HILLCREST APARTMENTS,2019 HILLCREST ST,MESQUITE,TX,75149,TX4342,32.788084,-96.604234,2795.0,47892.0,47892.0,47892.0,48113017702,48113017702,48113017702,48113017705,48,113,2.0,2.0,44958.0,352.0,299.0,0.0,58.0,210.0,84.0,0.0,,,2.0,2.0,,2006,8888,2.0,2.0,,2.0,2.0,2.0,,2.0,0.0,2.0,0.0,2.0,0.0,2.0,0.0,2.0,2.0,0.0,2.0,0.0,2.0,,0.0,4.0,2.0,1.0,1.0,1.0,1.0,1.0,,2.0,1.0,352.0,299.0,1.0,,2.0,,,,,X
TXA20070065,CENTER RIDGE APTS,700 W CTR ST,DUNCANVILLE,TX,75116,TX4343,32.651513,-96.923249,1230.0,21628.0,21628.0,21628.0,48113016512,48113016518,48113016518,48113016518,48,113,2.0,,324532.0,224.0,213.0,0.0,32.0,112.0,80.0,0.0,,,2.0,2.0,,2007,2006,2.0,2.0,1.0,,,,,2.0,0.0,,,2.0,0.0,,,,,,,,,,,,2.0,,,,,,,2.0,1.0,224.0,213.0,1.0,0.0,2.0,,,,AKA SUMMIT CENTER RIDGE APTS.,X
TXA20070345,SPHINX AT LUXAR VILLAS,3110 S COCKRELL HILL RD,DALLAS,TX,75236,TX4254,32.706814,-96.891173,1085.0,19000.0,19000.0,19000.0,48113010802,48113010802,48113010805,48113010805,48,113,2.0,,858445.0,100.0,96.0,0.0,23.0,42.0,35.0,0.0,,,2.0,1.0,10.0,2007,2005,2.0,1.0,2.0,,,,,2.0,0.0,,,2.0,0.0,,,,,,,,,,,,2.0,,,,,,,1.0,2.0,100.0,96.0,1.0,0.0,1.0,,,,,X
TXA20070350,SPHINX AT REESE COURT,1201 S EWING AVE,DALLAS,TX,75216,TX4259,32.734949,-96.811656,1085.0,19000.0,19000.0,19000.0,48113005400,48113005400,48113005400,48113005400,48,113,2.0,,597776.0,80.0,80.0,0.0,18.0,36.0,26.0,0.0,,,2.0,1.0,9.0,2007,2005,2.0,2.0,2.0,,,,,2.0,0.0,,,2.0,0.0,,,,,,,,,,,,2.0,,,,,,,1.0,2.0,80.0,80.0,1.0,0.0,2.0,,,,,X
TXA20090040,VILLAGE AT LAKEWEST APTS I,2696 BICKERS ST,DALLAS,TX,75212,TX4575,32.785452,-96.864026,1085.0,19000.0,19000.0,19000.0,48113010400,48113010400,48113020500,48113020500,48,113,2.0,,,180.0,180.0,0.0,180.0,0.0,0.0,0.0,,,2.0,,,2009,2011,2.0,1.0,1.0,,,,,2.0,0.0,,,2.0,0.0,,,,,,,,,,,,2.0,,,,,,,1.0,1.0,180.0,180.0,1.0,0.0,1.0,,,,,X
TXA20100015,CARPENTER'S POINT,4645 DOLPHIN RD,DALLAS,TX,75223,,32.779776,-96.73787,1085.0,19000.0,19000.0,19000.0,48113002500,48113002500,48113002500,48113002500,48,113,2.0,,,150.0,150.0,0.0,126.0,24.0,0.0,0.0,,,2.0,,,2010,2008,2.0,2.0,2.0,,,,,2.0,,,,2.0,,,,,,,1.0,11321332.0,,,,,1.0,2.0,2.0,2.0,2.0,1.0,UNSPECIFIED,,4.0,150.0,150.0,1.0,0.0,1.0,,,,,X
TXA20100090,SPHINX AT FIJI SENIOR,201 FRAN WAY,DALLAS,TX,75203,TX4597,32.746112,-96.800495,1085.0,19000.0,19000.0,19000.0,48113004900,48113004900,48113004900,48113021000,48,113,2.0,,,130.0,130.0,0.0,64.0,66.0,0.0,0.0,,,2.0,,,2010,2008,2.0,2.0,2.0,,,,,2.0,0.0,,,2.0,0.0,,,,,,,,,,,,2.0,,,,,,,,,130.0,130.0,1.0,0.0,1.0,,,,,X
TXA20100115,VILLAGE AT LAKEWEST APTS II,2680 BICKERS ST,DALLAS,TX,75212,TX4576,32.785874,-96.863159,1085.0,19000.0,19000.0,19000.0,48113010400,48113010400,48113020500,48113020500,48,113,2.0,,,180.0,180.0,0.0,180.0,0.0,0.0,0.0,,,2.0,,,2010,2011,2.0,1.0,1.0,,,,,2.0,0.0,,,2.0,0.0,,,,,,,,,,,,2.0,,,,,,,1.0,1.0,180.0,180.0,1.0,0.0,2.0,,,,,X
TXA20100811,HACIENDA DEL SOL,1207 GALICIA LN,DALLAS,TX,75217,TX4845,32.692296,-96.667317,1085.0,19000.0,19000.0,19000.0,48113011602,48113011602,48113011602,48113011604,48,113,2.0,,,55.0,55.0,0.0,0.0,0.0,45.0,10.0,,,2.0,,,2010,2009,2.0,2.0,2.0,,,,,2.0,0.0,,,2.0,0.0,,,,,,1.0,8643534.0,,,,,2.0,,,,,,,,4.0,55.0,55.0,1.0,0.0,2.0,,,,PREVIOUSLY LISTED AS TXA0000250.,X
TXA20110822,BRITAIN WAY,1954 SHOAF DR,IRVING,TX,75061,TX4755,32.834204,-96.946997,2060.0,37000.0,37000.0,37000.0,48113014600,48113014601,48113014601,48113014601,48,113,2.0,,,168.0,168.0,,,,,,,,2.0,,,2011,2010,2.0,2.0,2.0,,,,,1.0,0.0,,,2.0,0.0,,,,,,,,,,,,2.0,,,,,,,,,168.0,168.0,1.0,0.0,2.0,,,,PREVIOUSLY LISTED AS TXA0000691.,X
TXA20110832,TAYLOR FARMS,32 PINNACLE PARK BLVD,DALLAS,TX,,TX4653,32.7386,-96.8868,,,15796.0,15796.0,48113XXXXXX,48113XXXXXX,48113019900,48113019900,48,113,2.0,,,160.0,160.0,0.0,48.0,88.0,24.0,0.0,,,2.0,,,2011,2009,2.0,2.0,2.0,,,,,2.0,0.0,,,2.0,0.0,,,,,,,,,,,,2.0,,,,,,,,,160.0,160.0,1.0,0.0,1.0,,,,PREVIOUSLY LISTED AS TXA0000575.,X
TXA20110855,CRESTSHIRE VILLAGE,2300 N ST AUGUSTINE DR,DALLAS,TX,75227,TX4655,32.751053,-96.656701,1085.0,19000.0,19000.0,19000.0,48113012000,48113012000,48113012000,48113012000,48,113,2.0,,,74.0,74.0,0.0,12.0,30.0,32.0,0.0,,,2.0,,,2011,2009,2.0,2.0,2.0,,,,,2.0,0.0,,,2.0,0.0,,,,,,,,,,,,2.0,,,,,,,,,74.0,74.0,1.0,0.0,1.0,,,,PREVIOUSLY LISTED AS TXA0000180.,X
TXA20120822,HOMETOWNE AT GARLAND,1520 CASTLE DR,GARLAND,TX,75040,TX4757,32.921924,-96.610715,1580.0,29000.0,29000.0,29000.0,48113018106,48113018121,48113018121,48113018121,48,113,2.0,,,144.0,144.0,,,,,,,,2.0,,,2012,2010,2.0,2.0,2.0,,,,,2.0,0.0,,,2.0,0.0,,,,,,,,,,,,2.0,,,,,,,,,144.0,144.0,1.0,0.0,2.0,,,,PREVIOUSLY LISTED AS TXA0000716.,X
TXA20120834,ATMOS LOFTS,300 S ST PAUL ST,DALLAS,TX,75201,TX4775,32.781257,-96.795452,1085.0,19000.0,19000.0,19000.0,48113003101,48113003101,48113003101,48113003103,48,113,2.0,,,107.0,107.0,,,,,,,,2.0,,,2012,2010,2.0,2.0,2.0,,,,,2.0,0.0,,,2.0,0.0,,,,,,,,,,,,2.0,,,,,,,,,107.0,107.0,1.0,0.0,2.0,,,,PREVIOUSLY LISTED AS TXA0000687.,X
TXA20120836,MAGNOLIA TRACE,6712 PATROL WAY,DALLAS,TX,75241,TX4661,32.669965,-96.788042,1085.0,19000.0,19000.0,19000.0,48113011300,48113011300,48113011300,48113011300,48,113,2.0,,,112.0,112.0,,,,,,,,2.0,,,2012,2009,2.0,2.0,2.0,,,,,2.0,0.0,,,2.0,0.0,,,,,,,,,,,,2.0,,,,,,,,,112.0,112.0,1.0,0.0,2.0,,,,PREVIOUSLY LISTED AS TXA0000375.,X
TXA20120839,BUCKEYE TRAIL COMMONS II,6717 BEXAR ST,DALLAS,TX,75215,TX4827,32.735569,-96.753734,1085.0,19000.0,19000.0,19000.0,48113011500,48113011500,48113011500,48113011500,48,113,2.0,,,116.0,116.0,,,,,,,,2.0,,,2012,2011,2.0,2.0,2.0,,,,,2.0,0.0,,,2.0,0.0,,,,,,,,,,,5.0,2.0,,,,,,,,,116.0,116.0,1.0,0.0,1.0,,,,,X
TXA20120840,BUCKEYE TRAIL COMMONS,6707 BUCKEYE CMNS,DALLAS,TX,75215,TX4825,32.7372,-96.7542,1085.0,19000.0,19000.0,19000.0,48113011500,48113011500,48113011500,48113011500,48,113,2.0,,,207.0,207.0,,,,,,,,2.0,,,2012,2011,2.0,2.0,2.0,,,,,2.0,0.0,,,2.0,0.0,,,,,,,,,,,5.0,2.0,,,,,,,,,207.0,207.0,1.0,0.0,1.0,,,,,X
TXA20130806,HILLSIDE WEST SENIORS,3757 FALLS BLUFF DR,DALLAS,TX,75211,TX4820,32.757407,-96.878503,1085.0,19000.0,19000.0,19000.0,48113010701,48113010701,48113010701,48113010701,48,113,2.0,,,130.0,130.0,,,,,,,,2.0,,,2013,2011,2.0,2.0,2.0,,,,,2.0,0.0,,,2.0,0.0,,,,,,,,,,,5.0,2.0,,,,,,,,,130.0,130.0,1.0,0.0,1.0,,,,,X
TXA20140005,HIGHPOINT SENIOR LIVING,1615 S ZANG BLVD,DALLAS,TX,75224,TX4814,32.723737,-96.830521,1085.0,19000.0,19000.0,19000.0,48113006200,48113006200,48113006200,48113006200,48,113,2.0,,,140.0,140.0,,,,,,,,2.0,,,2014,2011,2.0,2.0,2.0,,,,,2.0,0.0,,,2.0,0.0,,,,,,,,,,,5.0,2.0,,,,,,,,,140.0,140.0,1.0,0.0,2.0,,,,,X
TXA20145002,1400 BELLEVIEW,1414 BELLEVIEW,DALLAS,TX,75215,TX4874,32.770977,-96.792001,1085.0,19000.0,19000.0,19000.0,48113003300,48113003300,48113020400,48113020402,48,113,2.0,,155700.0,164.0,164.0,,,,,,,,2.0,1.0,3.0,2014,2012,2.0,2.0,2.0,2.0,2.0,2.0,2.0,2.0,0.0,,,2.0,0.0,,,2.0,2.0,0.0,2.0,0.0,,,,4.0,2.0,,,,,,,,2.0,164.0,164.0,1.0,0.0,1.0,,,,,X
TXA20145021,PARK EAST APTS (MESQUITE),2180 GUS THOMASSON RD,MESQUITE,TX,,TX4884,32.794507,-96.633789,,,47892.0,47892.0,48113XXXXXX,48113XXXXXX,48113017804,48113017815,48,113,2.0,,,209.0,213.0,0.0,44.0,84.0,81.0,0.0,,,2.0,,,2014,2013,2.0,2.0,2.0,,,,,2.0,0.0,,,2.0,0.0,,,,,,,,,,,,1.0,2.0,2.0,2.0,2.0,1.0,UNSPECIFIED,,,213.0,213.0,1.0,0.0,2.0,,,,,X
TXA20145028,RIVERSTONE TRAILS,201 PLANTERS ROAD,SUNNYVALE,TX,,TX4879,32.78413,-96.576768,,,71156.0,71156.0,48113XXXXXX,48113XXXXXX,48113018104,48113018158,48,113,2.0,,127482.0,96.0,96.0,,,,,,,,2.0,1.0,3.0,2014,2012,2.0,2.0,2.0,2.0,2.0,2.0,2.0,2.0,0.0,,,2.0,0.0,,,2.0,2.0,0.0,2.0,0.0,,,,4.0,2.0,,,,,,,,2.0,96.0,96.0,1.0,0.0,2.0,,,,,X
TXA20154007,BRUTON APTS,9415 BRUTON RD,DALLAS,TX,75217,TX4985,32.748913,-96.658856,1085.0,19000.0,19000.0,19000.0,48113012000,48113012000,48113012000,48113012000,48,113,2.0,,,264.0,,,,,,,,,2.0,,,2015,2014,2.0,2.0,2.0,,,,,2.0,0.0,,,,,,,,,,,,,,,,1.0,2.0,2.0,2.0,2.0,1.0,UNSPECIFIED,1.0,,264.0,264.0,1.0,0.0,1.0,,,,,X
TXA20154042,SERENITY PLACE,3124 SOUTH DENLEY DRIVE,DALLAS,TX,75216,TX5028,32.708998,-96.803719,1085.0,19000.0,19000.0,19000.0,48113005700,48113005700,48113005700,48113005700,48,113,2.0,,,45.0,,,,,,,,,2.0,,,2015,2014,2.0,2.0,2.0,,,,,2.0,0.0,,,,,,,,,,,,,,,,1.0,2.0,2.0,2.0,2.0,1.0,UNSPECIFIED,1.0,,45.0,45.0,1.0,0.0,1.0,,,,AKA CITY WIDE SERENITY PLACE APTS.,X
TXA20154047,SUMMIT PLACE,12777 MERIT DRIVE,DALLAS,TX,,TX4906,32.923054,-96.772469,,,19000.0,19000.0,48113XXXXXX,48113XXXXXX,48113013200,48113013202,48,113,2.0,,,100.0,75.0,,,,,,,,2.0,,,2015,2013,2.0,2.0,2.0,,,,,2.0,0.0,,,2.0,0.0,,,,,,,,,,,,1.0,2.0,2.0,2.0,2.0,1.0,SPECIAL NEEDS,,,100.0,75.0,1.0,0.0,2.0,,,,,X
TXA20157576,STERLINGSHIRE APARTMENT HOMES,9415 BRUTON RD,DALLAS,TX,75217,TX4985,32.748913,-96.658856,,,19000.0,19000.0,48XXXXXXXXX,48XXXXXXXXX,48113012000,48113012000,48,113,2.0,2.0,,264.0,264.0,0.0,8.0,127.0,129.0,0.0,,,2.0,1.0,13.0,2015,2014,2.0,2.0,,2.0,2.0,2.0,,2.0,0.0,2.0,0.0,2.0,0.0,2.0,0.0,2.0,2.0,0.0,2.0,0.0,2.0,,0.0,4.0,1.0,2.0,2.0,2.0,2.0,1.0,Total Special Needs,1.0,1.0,264.0,264.0,1.0,0.0,1.0,,,,,X
TXA20163044,MARTHAS VINEYARD,3110 CEDARPLAZA LANE,DALLAS,TX,75235,TX5096,32.822626,-96.825388,,19000.0,19000.0,19000.0,48XXXXXXXXX,48113000601,48113000601,48113000611,48,113,2.0,,,100.0,85.0,0.0,0.0,0.0,0.0,0.0,,,2.0,1.0,21.0,2016,2015,2.0,2.0,2.0,2.0,2.0,2.0,2.0,2.0,0.0,2.0,0.0,2.0,0.0,,,2.0,2.0,0.0,2.0,0.0,,,,3.0,2.0,2.0,2.0,2.0,2.0,2.0,,2.0,,100.0,85.0,1.0,0.0,2.0,,,,,X
TXA20163050,PEOPLES EL SHADDAI VILLAGE,2836 E. OVERTON ROAD,DALLAS,TX,75216,TX5249,32.713827,-96.778716,,19000.0,19000.0,19000.0,48XXXXXXXXX,48113008802,48113008802,48113008802,48,113,2.0,2.0,,100.0,100.0,0.0,20.0,20.0,30.0,30.0,,,2.0,1.0,10.0,2016,2016,2.0,2.0,2.0,1.0,2.0,2.0,2.0,2.0,0.0,2.0,0.0,2.0,0.0,2.0,0.0,2.0,2.0,0.0,2.0,0.0,2.0,,0.0,1.0,2.0,1.0,1.0,1.0,1.0,1.0,,2.0,1.0,100.0,100.0,1.0,0.0,1.0,,,,,X
TXA20163059,SAINT JAMES MANOR,3119 EASTER AVE,DALLAS,TX,75216,TX0499,32.711593,-96.796208,,19000.0,19000.0,19000.0,48XXXXXXXXX,48113008802,48113008802,48113008802,48,113,2.0,2.0,,100.0,100.0,0.0,20.0,40.0,30.0,10.0,,,2.0,1.0,10.0,2016,2016,2.0,2.0,2.0,1.0,2.0,2.0,2.0,2.0,0.0,2.0,0.0,2.0,0.0,2.0,0.0,2.0,2.0,0.0,2.0,0.0,2.0,,0.0,1.0,2.0,1.0,1.0,1.0,1.0,1.0,,2.0,1.0,100.0,100.0,1.0,0.0,1.0,,,,,X
TXA20163060,SKYLINE PLACE APARTMENTS,4700 WIMBELTON WAY,DALLAS,TX,75227,TX5250,32.778413,-96.687027,,19000.0,19000.0,19000.0,48XXXXXXXXX,48113012207,48113012207,48113012207,48,113,2.0,2.0,,318.0,318.0,0.0,222.0,96.0,0.0,0.0,,,2.0,,,2016,2016,2.0,2.0,2.0,2.0,2.0,2.0,2.0,2.0,0.0,2.0,0.0,2.0,0.0,2.0,0.0,2.0,2.0,0.0,2.0,0.0,2.0,,0.0,4.0,2.0,1.0,1.0,1.0,1.0,1.0,,2.0,1.0,318.0,318.0,1.0,0.0,2.0,,,,,X
TXA20163072,VILLAS OF VANSTON PARK,4516 GUS THOMMASON RD.,MESQUITE,TX,75150,TX4943,32.824222,-96.646563,2795.0,19000.0,47892.0,47892.0,48113018000,48113018001,48113018001,48113018001,48,113,2.0,,,155.0,113.0,,,,,,,,2.0,,,2016,2013,2.0,2.0,2.0,,,,,2.0,0.0,,,2.0,0.0,,,,,,,,,,,,1.0,2.0,2.0,2.0,2.0,1.0,SPECIAL NEEDS,,,155.0,113.0,1.0,0.0,2.0,,,,,X
TXA20163078,WYNNEWOOD FAMILY HOUSING,414 W. LOUISIANA AVENUE,DALLAS,TX,,TX4907,32.723143,-96.828334,1085.0,19000.0,19000.0,19000.0,48113006200,48113006200,48113006200,48113006200,48,113,2.0,,,161.0,160.0,,,,,,,,2.0,,,2016,2013,2.0,2.0,2.0,,,,,2.0,0.0,,,2.0,0.0,,,,,,,,,,,,1.0,2.0,2.0,1.0,2.0,1.0,UNSPECIFIED,,,161.0,160.0,1.0,0.0,1.0,,,,,X
TXA20172017,EVERGREEN AT ROWLETT SENIOR,5611 OLD ROWLETT ROAD,ROWLETT,TX,75089,TX5083,32.910677,-96.567542,,,63572.0,63572.0,48XXXXXXXXX,48113018124,48113018140,48113018140,48,113,2.0,,,138.0,138.0,0.0,0.0,0.0,0.0,0.0,,,2.0,1.0,70.0,2017,2015,2.0,2.0,2.0,2.0,2.0,2.0,2.0,1.0,1000000.0,2.0,0.0,2.0,0.0,,,2.0,2.0,0.0,2.0,0.0,,,,3.0,2.0,2.0,2.0,2.0,2.0,2.0,,2.0,,138.0,138.0,1.0,1.0,2.0,,,,,X
TXA20175050,GATEWAY AT HUTCHINS,805 N. DENTON STREET,HUTCHINS,TX,75141,TX5185,32.65432,-96.72086,,35612.0,35612.0,35612.0,48XXXXXXXXX,48113016902,48113016902,48113016902,48,113,2.0,,,336.0,336.0,0.0,0.0,0.0,0.0,0.0,,,2.0,,,2017,2016,2.0,2.0,2.0,2.0,2.0,2.0,2.0,2.0,0.0,2.0,0.0,2.0,0.0,,,2.0,2.0,0.0,2.0,0.0,,,,4.0,1.0,2.0,2.0,2.0,2.0,2.0,,1.0,1.0,336.0,336.0,1.0,0.0,1.0,,,,,X
TXA20181014,PALLADIUM GARLAND,950 W INTERSTATE 30,GARLAND,TX,75043,TX5221,32.837104,-96.60187,,,29000.0,29000.0,48XXXXXXXXX,48113018118,48113017808,48113017808,48,113,2.0,,,140.0,98.0,0.0,0.0,0.0,0.0,0.0,,,2.0,1.0,50.0,2018,2016,2.0,2.0,2.0,,2.0,2.0,2.0,2.0,0.0,2.0,0.0,2.0,0.0,,,,,0.0,2.0,0.0,,,,,1.0,2.0,2.0,2.0,2.0,2.0,,1.0,2.0,140.0,98.0,1.0,0.0,2.0,,,,,X
TXA20202728,CANOVA PALMS,NEQ OF W PIONEER DR AND W IRVING BLVD,IRVING,TX,75061,TX5435,32.8222,-96.958,,,37000.0,37000.0,48XXXXXXXXX,48XXXXXXXXX,48113014502,48113014502,48,113,2.0,2.0,,58.0,50.0,0.0,0.0,0.0,0.0,0.0,,,2.0,1.0,25.0,2020,2018,2.0,2.0,,,2.0,2.0,,2.0,0.0,2.0,0.0,2.0,0.0,2.0,0.0,,,0.0,2.0,0.0,,,0.0,,2.0,1.0,1.0,1.0,1.0,1.0,,1.0,2.0,58.0,50.0,1.0,0.0,2.0,,,,,X
TXA20202739,FORESTWOOD,4540 LASATER RD.,BALCH SPRINGS,TX,75181,TX5376,32.706912,-96.579436,,,5372.0,99999.0,48XXXXXXXXX,48XXXXXXXXX,48113017301,48113017314,48,113,2.0,2.0,,220.0,220.0,0.0,0.0,0.0,0.0,0.0,,,2.0,,,2020,2018,2.0,2.0,,,2.0,2.0,,2.0,0.0,2.0,0.0,2.0,0.0,2.0,0.0,,,0.0,2.0,0.0,,,0.0,,2.0,1.0,1.0,1.0,1.0,1.0,,1.0,1.0,220.0,220.0,1.0,1.0,2.0,,,,,X
TXA20202753,LAVON SENIOR VILLAS,314 CASTLE DRIVE,GARLAND,TX,75040,TX5414,32.921974,-96.626743,,,29000.0,29000.0,48XXXXXXXXX,48XXXXXXXXX,48113018105,48113018105,48,113,2.0,2.0,,120.0,104.0,0.0,0.0,0.0,0.0,0.0,,,2.0,1.0,53.0,2020,2018,2.0,2.0,,,2.0,2.0,,2.0,0.0,2.0,0.0,2.0,0.0,2.0,0.0,,,0.0,2.0,0.0,,,0.0,,2.0,1.0,1.0,1.0,1.0,1.0,,1.0,2.0,120.0,104.0,1.0,0.0,2.0,,,,,X
TXA20202755,MARIPOSA APARTMENT HOMES AT WESTCHESTER,11 EAST POLO ROAD,GRAND PRAIRIE,TX,75052,TX5386,32.6655,-97.0261,,,30464.0,30464.0,48XXXXXXXXX,48XXXXXXXXX,48113016410,48113016410,48,113,2.0,2.0,,93.0,61.0,0.0,0.0,0.0,0.0,0.0,,,2.0,1.0,32.0,2020,2018,2.0,2.0,,,2.0,2.0,,2.0,0.0,2.0,0.0,2.0,0.0,2.0,0.0,,,0.0,2.0,0.0,,,0.0,,2.0,1.0,1.0,1.0,1.0,1.0,,1.0,2.0,93.0,61.0,1.0,0.0,2.0,,,,,X
TXA20202763,NORTHGATE VILLAGE,12303 NORTH PLANO ROAD,DALLAS,TX,75243,TX5476,32.914571,-96.700625,,,19000.0,19000.0,48XXXXXXXXX,48XXXXXXXXX,48113019019,48113019019,48,113,2.0,2.0,,168.0,168.0,0.0,0.0,16.0,80.0,72.0,,,2.0,1.0,56.0,2020,2019,2.0,2.0,,,2.0,2.0,,2.0,0.0,2.0,0.0,2.0,0.0,2.0,0.0,,,0.0,2.0,0.0,2.0,,0.0,,2.0,1.0,1.0,1.0,1.0,1.0,,2.0,1.0,168.0,168.0,1.0,0.0,1.0,,,,,X
TXA20202771,PYTHIAN MANOR,2719 EAST ILLINOIS AVENUE,DALLAS,TX,75219,TX5540,32.716998,-96.780927,,,19000.0,19000.0,48XXXXXXXXX,48XXXXXXXXX,48113008801,48113008801,48,113,2.0,2.0,,76.0,76.0,0.0,0.0,0.0,0.0,0.0,,,2.0,1.0,8.0,2020,2019,2.0,2.0,,,2.0,2.0,,2.0,0.0,2.0,0.0,2.0,0.0,2.0,0.0,,,0.0,2.0,0.0,2.0,,0.0,,2.0,1.0,1.0,1.0,1.0,1.0,,2.0,1.0,76.0,76.0,1.0,0.0,1.0,,,,,X
TXA20202773,RESIDENCES OF LONG BRANCH,4217 ROWLETT ROAD,ROWLETT,TX,75088,TX5443,32.898999,-96.569791,,,63572.0,63572.0,48XXXXXXXXX,48XXXXXXXXX,48113018133,48113018133,48,113,2.0,2.0,,76.0,76.0,0.0,0.0,0.0,0.0,0.0,,,2.0,1.0,39.0,2020,2018,2.0,2.0,,,2.0,2.0,,2.0,0.0,2.0,0.0,2.0,0.0,2.0,0.0,,,0.0,2.0,0.0,,,0.0,,2.0,1.0,1.0,1.0,1.0,1.0,,1.0,2.0,76.0,76.0,1.0,1.0,2.0,,,,,X
TXA20211845,RIDGECREST TERRACE,526 S. WALTON WALKER BLVD.,DALLAS,TX,75211,TX5661,32.743159,-96.918222,,,19000.0,19000.0,48XXXXXXXXX,48XXXXXXXXX,48113010704,48113010704,48,113,2.0,2.0,,250.0,250.0,0.0,0.0,0.0,0.0,0.0,,,2.0,1.0,25.0,2021,2020,2.0,2.0,,,2.0,2.0,,2.0,0.0,2.0,0.0,2.0,0.0,2.0,0.0,,,0.0,2.0,0.0,2.0,,0.0,,2.0,1.0,1.0,1.0,1.0,1.0,,2.0,1.0,250.0,250.0,1.0,0.0,1.0,,,,,X
TXA20211858,VENTURA AT HICKORY TREE,3401 HICKORY TREE ROAD,BALCH SPRINGS,TX,75180,TX5568,32.722807,-96.622843,,,5372.0,5372.0,48XXXXXXXXX,48XXXXXXXXX,48113017201,48113017201,48,113,2.0,2.0,,216.0,216.0,0.0,0.0,0.0,0.0,0.0,,,2.0,,,2021,2019,2.0,2.0,,,2.0,2.0,,2.0,0.0,2.0,0.0,2.0,0.0,2.0,0.0,,,0.0,2.0,0.0,2.0,,0.0,,2.0,1.0,1.0,1.0,1.0,1.0,,1.0,1.0,216.0,216.0,1.0,0.0,1.0,,,,,X
TXA20220889,BRANDYWINE,500 ROCKINGHAM DRIVE,RICHARDSON,TX,75080,TX5644,32.965228,-96.734433,,,61796.0,61796.0,48XXXXXXXXX,48XXXXXXXXX,48113019211,48113019211,48,113,2.0,2.0,,50.0,50.0,0.0,0.0,0.0,0.0,0.0,,,2.0,1.0,26.0,2022,2020,2.0,2.0,,,2.0,2.0,,2.0,0.0,2.0,0.0,2.0,0.0,2.0,0.0,,,0.0,2.0,0.0,2.0,,0.0,,2.0,1.0,1.0,1.0,1.0,1.0,,,2.0,50.0,50.0,1.0,0.0,2.0,,,,,X
TXA20220897,DALLAS STEMMONS APARTMENTS,11070 NORTH STEMMONS FREEWAY,DALLAS,TX,75229,TX5640,32.887619,-96.898527,,,19000.0,19000.0,48XXXXXXXXX,48XXXXXXXXX,48113009900,48113009900,48,113,2.0,2.0,,87.0,85.0,0.0,0.0,0.0,0.0,0.0,,,2.0,1.0,43.0,2022,2020,2.0,2.0,,,2.0,2.0,,2.0,0.0,2.0,0.0,2.0,0.0,2.0,0.0,,,0.0,2.0,0.0,2.0,,0.0,,2.0,1.0,1.0,1.0,1.0,1.0,,1.0,2.0,87.0,85.0,1.0,0.0,2.0,,,,,X
TXA20220907,GARLAND SENIOR LIVING,2222 MONARCH DR AND 301 TINA DR,GARLAND,TX,75040,TX5642,32.935208,-96.634541,,,29000.0,29000.0,48XXXXXXXXX,48XXXXXXXXX,48113019026,48113019026,48,113,2.0,2.0,,122.0,92.0,0.0,0.0,0.0,0.0,0.0,,,2.0,1.0,47.0,2022,2020,2.0,2.0,,,2.0,2.0,,2.0,0.0,2.0,0.0,2.0,0.0,2.0,0.0,,,0.0,2.0,0.0,2.0,,0.0,,2.0,1.0,1.0,1.0,1.0,1.0,,1.0,2.0,122.0,92.0,1.0,0.0,2.0,,,,,X
TXA20220925,LENNOX HOUSE,110 NW 2ND STREET,GRAND PRAIRIE,TX,75050,TX5669,32.746027,-97.004934,,,30464.0,30464.0,48XXXXXXXXX,48XXXXXXXXX,48113015500,48113015500,48,113,2.0,2.0,,40.0,40.0,0.0,0.0,0.0,0.0,0.0,,,2.0,1.0,21.0,2022,2020,2.0,2.0,,,2.0,2.0,,2.0,0.0,2.0,0.0,2.0,0.0,2.0,0.0,,,0.0,2.0,0.0,2.0,,0.0,,2.0,1.0,1.0,1.0,1.0,1.0,,2.0,2.0,40.0,40.0,1.0,0.0,2.0,,,,,X
TXA20220938,PALLADIUM REDBIRD,SEQ S. WESTMORELAND AND W. CAMP WISOM ROAD,DALLAS,TX,75237,TX5539,32.6727,-96.8714,,,19000.0,19000.0,48XXXXXXXXX,48XXXXXXXXX,48113010904,48113010904,48,113,2.0,2.0,,300.0,210.0,0.0,0.0,0.0,0.0,0.0,,,2.0,1.0,7.0,2022,2019,2.0,2.0,,,2.0,2.0,,2.0,0.0,2.0,0.0,2.0,0.0,2.0,0.0,,,0.0,2.0,0.0,2.0,,0.0,,2.0,1.0,1.0,1.0,1.0,1.0,,1.0,1.0,300.0,210.0,1.0,0.0,1.0,,,,,X
TXA20230823,ESTELLE VILLAGE,5969 HIGHLAND VILLAGE DRIVE,DALLAS,TX,75241,TX5846,32.674527,-96.762235,,,19000.0,19000.0,48XXXXXXXXX,48XXXXXXXXX,48113011401,48113011401,48,113,2.0,2.0,,300.0,300.0,0.0,0.0,0.0,0.0,0.0,,,2.0,,,2023,2022,2.0,2.0,,,2.0,2.0,,2.0,0.0,2.0,0.0,2.0,0.0,2.0,0.0,,,0.0,2.0,0.0,2.0,,0.0,,2.0,1.0,1.0,1.0,1.0,1.0,,2.0,1.0,300.0,300.0,1.0,0.0,1.0,,,,,X
