GEOID,NAMELSAD,ALAND,lihtc_projects,lihtc_units_total,lihtc_units_li,lihtc_latest_pis,hud_202prac_units,hud_811prac_units,hud_hcv_units,hud_modrehab_units,hud_pbs8_units,hud_pubhsg_units,hud_all_units,hca_count,org_count,org_names,nez_overlap_frac,nez_present
48113015900,Census Tract 159,5703840,1.0,200.0,200.0,2006.0,0,0,95,0,112,0,207,0.0,0.0,,0.0,False
48113012604,Census Tract 126.04,2510513,0.0,0.0,0.0,,0,0,54,0,0,0,54,0.0,0.0,,0.0,False
48113013010,Census Tract 130.10,1404466,0.0,0.0,0.0,,0,0,1,0,0,0,1,0.0,0.0,,0.0,False
48113013622,Census Tract 136.22,1249629,0.0,0.0,0.0,,0,0,0,0,0,0,0,0.0,0.0,,0.0,False
48113013621,Census Tract 136.21,910824,0.0,0.0,0.0,,0,0,9,0,0,0,9,0.0,0.0,,0.0,False
48113014135,Census Tract 141.35,1696499,0.0,0.0,0.0,,0,0,1,0,0,0,1,0.0,0.0,,0.0,False
48113014134,Census Tract 141.34,2372406,0.0,0.0,0.0,,0,0,1,0,0,0,1,0.0,0.0,,0.0,False
48113016626,Census Tract 166.26,3362239,0.0,0.0,0.0,,0,0,114,0,0,0,114,0.0,0.0,,0.0,False
48113016621,Census Tract 166.21,4660271,0.0,0.0,0.0,,0,0,51,0,0,0,51,0.0,0.0,,0.0,False
48113016623,Census Tract 166.23,14892228,0.0,0.0,0.0,,0,0,56,0,0,0,56,0.0,0.0,,0.0,False
48113018142,Census Tract 181.42,4085086,0.0,0.0,0.0,,0,0,44,0,0,0,44,0.0,0.0,,0.0,False
48113018141,Census Tract 181.41,1916335,1.0,268.0,268.0,1991.0,0,0,232,0,0,0,232,0.0,0.0,,0.0,False
48113018137,Census Tract 181.37,2508326,0.0,0.0,0.0,,0,0,65,0,0,0,65,0.0,0.0,,0.0,False
48113018138,Census Tract 181.38,2601553,1.0,152.0,152.0,1995.0,39,0,78,0,39,0,156,0.0,0.0,,0.0,False
48113018140,Census Tract 181.40,5945639,1.0,138.0,138.0,2017.0,0,0,87,0,0,0,87,0.0,0.0,,0.0,False
48113019042,Census Tract 190.42,6558430,0.0,0.0,0.0,,0,0,13,0,0,0,13,0.0,0.0,,0.0,False
48113019050,Census Tract 190.50,3798802,0.0,0.0,0.0,,0,0,0,0,0,0,0,0.0,0.0,,0.0,False
48113019052,Census Tract 190.52,1470953,0.0,0.0,0.0,,0,0,0,0,0,0,0,0.0,0.0,,0.0,False
48113019053,Census Tract 190.53,3283601,0.0,0.0,0.0,,0,0,0,0,0,0,0,0.0,0.0,,0.0,False
48113019039,Census Tract 190.39,4532728,0.0,0.0,0.0,,0,0,54,0,0,0,54,0.0,0.0,,0.0,False
48113019213,Census Tract 192.13,643507,2.0,404.0,303.0,1999.0,0,0,302,0,0,0,302,0.0,0.0,,0.0,False
48113013726,Census Tract 137.26,1585064,0.0,0.0,0.0,,0,0,1,0,0,0,1,0.0,0.0,,0.0,False
48113016624,Census Tract 166.24,7521371,1.0,80.0,0.0,2003.0,0,0,87,0,0,0,87,0.0,0.0,,0.0,False
48113016622,Census Tract 166.22,5383282,0.0,0.0,0.0,,0,0,109,0,0,0,109,0.0,0.0,,0.0,False
48113010903,Census Tract 109.03,2834378,1.0,112.0,112.0,1995.0,0,0,202,0,0,0,202,0.0,0.0,,0.9589091868859609,True
48113001703,Census Tract 17.03,678997,0.0,0.0,0.0,,0,0,0,0,0,0,0,0.0,0.0,,0.0,False
48113019212,Census Tract 192.12,282125,1.0,244.0,244.0,1991.0,0,0,2,0,0,0,2,0.0,0.0,,0.0,False
48113020300,Census Tract 203,3711752,1.0,220.0,165.0,2001.0,29,0,99,0,0,196,324,0.0,0.0,,0.43088176569491365,True
48113020500,Census Tract 205,5431612,2.0,360.0,360.0,2010.0,62,0,525,0,0,775,1362,0.0,1.0,Dallas Area Habitat for Humanity,0.5491002409969732,True
48113020600,Census Tract 206,5323283,0.0,0.0,0.0,,0,0,0,0,0,0,0,0.0,0.0,,0.0,False
48113020700,Census Tract 207,6008031,0.0,0.0,0.0,,0,0,6,0,0,0,6,0.0,0.0,,0.0,False
48113012301,Census Tract 123.01,1732622,0.0,0.0,0.0,,0,0,1,0,0,2,3,0.0,0.0,,0.0,False
48113012302,Census Tract 123.02,2386796,3.0,644.0,598.0,2005.0,0,0,321,0,167,0,488,0.0,0.0,,0.0,False
48113013626,Census Tract 136.26,702421,1.0,168.0,168.0,1996.0,0,0,1,0,0,0,1,0.0,0.0,,0.0,False
48113011002,Census Tract 110.02,2780437,0.0,0.0,0.0,,0,0,10,0,0,0,10,0.0,0.0,,0.0,False
48113011101,Census Tract 111.01,4923611,0.0,0.0,0.0,,0,0,28,0,0,0,28,0.0,0.0,,0.0,False
48113011103,Census Tract 111.03,2132599,0.0,0.0,0.0,,0,0,11,0,0,0,11,0.0,0.0,,0.0,False
48113011104,Census Tract 111.04,1952401,0.0,0.0,0.0,,0,0,23,0,0,0,23,0.0,0.0,,0.0,False
48113011401,Census Tract 114.01,4260789,2.0,480.0,435.0,2023.0,0,0,355,0,290,0,646,0.0,0.0,,0.0,False
48113018120,Census Tract 181.20,4875814,0.0,0.0,0.0,,0,0,19,0,0,0,19,0.0,0.0,,0.0,False
48113013615,Census Tract 136.15,1197538,1.0,206.0,206.0,1996.0,0,0,8,0,0,0,8,0.0,0.0,,0.0,False
48113013617,Census Tract 136.17,1820642,0.0,0.0,0.0,,0,0,0,0,0,0,0,0.0,0.0,,0.0,False
48113013619,Census Tract 136.19,2982510,0.0,0.0,0.0,,0,0,1,0,0,0,1,0.0,0.0,,0.0,False
48113018121,Census Tract 181.21,3422279,1.0,144.0,144.0,2012.0,0,0,63,0,0,0,63,0.0,0.0,,0.0,False
48113018126,Census Tract 181.26,3089453,0.0,0.0,0.0,,0,0,56,0,0,0,56,0.0,0.0,,0.0,False
48113018127,Census Tract 181.27,1337269,0.0,0.0,0.0,,0,0,8,0,0,0,8,0.0,0.0,,0.0,False
48113013715,Census Tract 137.15,804143,0.0,0.0,0.0,,0,0,0,0,0,0,0,0.0,0.0,,0.0,False
48113013716,Census Tract 137.16,3918829,0.0,0.0,0.0,,0,0,0,0,0,0,0,0.0,0.0,,0.0,False
48113013718,Census Tract 137.18,1122900,1.0,245.0,245.0,1995.0,0,0,43,0,0,0,43,0.0,0.0,,0.0,False
48113013719,Census Tract 137.19,4628606,0.0,0.0,0.0,,0,0,1,0,0,0,1,0.0,0.0,,0.0,False
48113013720,Census Tract 137.20,2515777,0.0,0.0,0.0,,0,0,13,0,0,0,13,0.0,0.0,,0.0,False
48113018128,Census Tract 181.28,1950196,0.0,0.0,0.0,,0,0,96,0,0,0,96,0.0,0.0,,0.0,False
48113018129,Census Tract 181.29,4002178,0.0,0.0,0.0,,0,0,4,0,0,0,4,0.0,0.0,,0.0,False
48113013721,Census Tract 137.21,3356114,0.0,0.0,0.0,,0,0,2,0,0,0,2,0.0,0.0,,0.0,False
48113013722,Census Tract 137.22,3322672,0.0,0.0,0.0,,0,0,2,0,1,0,3,0.0,0.0,,0.0,False
48113013725,Census Tract 137.25,1839527,0.0,0.0,0.0,,0,0,4,0,0,0,4,0.0,0.0,,0.0,False
48113013804,Census Tract 138.04,2170395,0.0,0.0,0.0,,0,0,2,0,0,0,2,0.0,0.0,,0.0,False
48113013902,Census Tract 139.02,2518503,0.0,0.0,0.0,,0,0,1,0,0,0,1,0.0,0.0,,0.0,False
48113014001,Census Tract 140.01,3657802,0.0,0.0,0.0,,0,0,0,0,0,0,0,0.0,0.0,,0.0,False
48113019040,Census Tract 190.40,5350032,0.0,0.0,0.0,,0,0,110,0,0,0,110,0.0,0.0,,0.0,False
48113018506,Census Tract 185.06,7637375,0.0,0.0,0.0,,0,0,0,0,0,0,0,0.0,0.0,,0.0,False
48113010904,Census Tract 109.04,7622014,3.0,788.0,698.0,2022.0,0,0,241,0,0,0,241,0.0,0.0,,0.23499996408213464,True
48113014132,Census Tract 141.32,1151866,1.0,300.0,300.0,1995.0,0,0,225,0,0,0,225,0.0,0.0,,0.0,False
48113018501,Census Tract 185.01,8899886,0.0,0.0,0.0,,0,0,6,0,0,0,6,0.0,0.0,,0.0,False
48113014119,Census Tract 141.19,3312067,0.0,0.0,0.0,,0,0,5,0,0,0,5,0.0,0.0,,0.0,False
48113014120,Census Tract 141.20,3088207,0.0,0.0,0.0,,0,0,6,0,0,0,6,0.0,0.0,,0.0,False
48113014123,Census Tract 141.23,6458186,0.0,0.0,0.0,,0,0,2,0,0,0,2,0.0,0.0,,0.0,False
48113014126,Census Tract 141.26,12384782,0.0,0.0,0.0,,0,0,2,0,0,0,2,0.0,0.0,,0.0,False
48113014203,Census Tract 142.03,1657175,0.0,0.0,0.0,,0,0,0,0,0,0,0,0.0,0.0,,0.0,False
48113014204,Census Tract 142.04,4828675,0.0,0.0,0.0,,0,0,12,0,0,0,12,0.0,0.0,,0.0,False
48113014306,Census Tract 143.06,2318078,0.0,0.0,0.0,,0,0,5,0,0,0,5,0.0,0.0,,0.0,False
48113012601,Census Tract 126.01,2215506,0.0,0.0,0.0,,0,0,7,0,0,6,13,0.0,0.0,,0.0,False
48113012701,Census Tract 127.01,2804380,0.0,0.0,0.0,,1,0,128,0,200,0,329,0.0,0.0,,0.6894055125438219,True
48113012702,Census Tract 127.02,1201965,0.0,0.0,0.0,,0,0,1,0,0,3,4,0.0,0.0,,0.9990344831339235,True
48113012900,Census Tract 129,4747860,0.0,0.0,0.0,,0,0,0,0,0,0,0,0.0,0.0,,0.0,False
48113014310,Census Tract 143.10,1881325,1.0,180.0,144.0,2005.0,0,0,275,0,0,0,275,0.0,0.0,,0.0,False
48113014405,Census Tract 144.05,1839711,2.0,155.0,155.0,1992.0,0,0,22,0,49,0,71,0.0,0.0,,0.0,False
48113014406,Census Tract 144.06,2025185,0.0,0.0,0.0,,0,0,0,0,0,0,0,0.0,0.0,,0.0,False
48113014407,Census Tract 144.07,1720772,0.0,0.0,0.0,,0,0,9,0,0,0,9,0.0,0.0,,0.0,False
48113014408,Census Tract 144.08,1813391,0.0,0.0,0.0,,0,0,7,0,0,0,7,0.0,0.0,,0.0,False
48113014309,Census Tract 143.09,681479,0.0,0.0,0.0,,0,0,5,0,0,0,5,0.0,0.0,,0.0,False
48113013620,Census Tract 136.20,1733152,0.0,0.0,0.0,,0,0,7,0,0,0,7,0.0,0.0,,0.0,False
48113006402,Census Tract 64.02,1332156,0.0,0.0,0.0,,0,0,1,0,0,0,1,0.0,0.0,,0.0,False
48113010804,Census Tract 108.04,1973916,3.0,576.0,576.0,2004.0,0,0,191,0,0,0,191,0.0,0.0,,0.0,False
48113010805,Census Tract 108.05,3055486,2.0,225.0,221.0,2007.0,0,0,85,0,150,0,235,0.0,0.0,,0.0,False
48113006401,Census Tract 64.01,778638,0.0,0.0,0.0,,0,0,0,0,0,0,0,0.0,0.0,,0.0,False
48113013104,Census Tract 131.04,538242,0.0,0.0,0.0,,0,0,0,0,0,0,0,0.0,0.0,,0.0,False
48113019041,Census Tract 190.41,1248027,0.0,0.0,0.0,,0,0,12,0,0,0,12,0.0,0.0,,0.0,False
48113007823,Census Tract 78.23,1609453,0.0,0.0,0.0,,0,0,0,0,0,0,0,0.0,0.0,,0.5558750363513811,True
48113007822,Census Tract 78.22,1535099,0.0,0.0,0.0,,0,0,0,0,0,0,0,0.0,0.0,,0.6942115061522954,True
48113007821,Census Tract 78.21,1303242,0.0,0.0,0.0,,0,0,7,0,0,0,7,0.0,1.0,Transformance,0.9899450635132547,True
48113013011,Census Tract 130.11,991794,0.0,0.0,0.0,,0,0,78,0,0,0,78,0.0,0.0,,0.0,False
48113007827,Census Tract 78.27,519248,0.0,0.0,0.0,,0,0,20,0,0,0,20,0.0,0.0,,0.0,False
48113013005,Census Tract 130.05,1999227,0.0,0.0,0.0,,0,0,0,0,0,1,1,0.0,0.0,,0.0,False
48113013007,Census Tract 130.07,1581107,1.0,82.0,82.0,1990.0,0,0,8,0,0,0,8,0.0,0.0,,0.0,False
48113013008,Census Tract 130.08,1806691,0.0,0.0,0.0,,0,0,0,0,0,0,0,0.0,0.0,,0.0,False
48113013009,Census Tract 130.09,1743751,0.0,0.0,0.0,,0,0,0,0,0,0,0,0.0,0.0,,0.0,False
48113013101,Census Tract 131.01,2620901,0.0,0.0,0.0,,0,0,0,0,0,0,0,0.0,0.0,,0.0,False
48113007826,Census Tract 78.26,591801,0.0,0.0,0.0,,0,0,1,0,0,0,1,0.0,0.0,,0.0001500978387796771,False
48113007824,Census Tract 78.24,1169518,0.0,0.0,0.0,,0,0,0,0,0,0,0,0.0,0.0,,0.01638792772783879,True
48113007825,Census Tract 78.25,1781420,0.0,0.0,0.0,,0,0,19,0,0,0,19,0.0,0.0,,0.0,False
48113013102,Census Tract 131.02,1358524,0.0,0.0,0.0,,0,0,0,0,0,0,0,0.0,0.0,,0.0,False
48113014501,Census Tract 145.01,1873729,0.0,0.0,0.0,,0,0,10,0,0,0,10,0.0,0.0,,0.0,False
48113014502,Census Tract 145.02,1997685,1.0,58.0,50.0,2020.0,0,0,8,0,0,0,8,0.0,0.0,,0.0,False
48113014602,Census Tract 146.02,1947504,1.0,132.0,132.0,1994.0,0,0,10,0,0,0,10,0.0,0.0,,0.0,False
48113014701,Census Tract 147.01,1365100,0.0,0.0,0.0,,0,0,2,0,0,0,2,0.0,0.0,,0.0,False
48113007910,Census Tract 79.10,497027,0.0,0.0,0.0,,0,0,0,0,0,0,0,0.0,0.0,,0.0,False
48113007909,Census Tract 79.09,499418,0.0,0.0,0.0,,0,0,0,0,0,0,0,0.0,0.0,,0.0,False
48113013806,Census Tract 138.06,5902443,0.0,0.0,0.0,,0,0,0,0,0,0,0,0.0,0.0,,0.0,False
48113013727,Census Tract 137.27,5153212,0.0,0.0,0.0,,0,0,0,0,0,0,0,0.0,0.0,,0.0,False
48113014205,Census Tract 142.05,2799708,0.0,0.0,0.0,,0,0,0,0,0,0,0,0.0,0.0,,0.0,False
48113016412,Census Tract 164.12,5505975,0.0,0.0,0.0,,0,0,5,0,0,0,5,0.0,0.0,,0.0,False
48113013300,Census Tract 133,2486041,0.0,0.0,0.0,,0,0,0,0,0,0,0,0.0,0.0,,0.0,False
48113013400,Census Tract 134,2238796,0.0,0.0,0.0,,0,0,0,0,0,0,0,0.0,0.0,,0.0,False
48113013500,Census Tract 135,2971705,0.0,0.0,0.0,,0,0,0,0,0,0,0,0.0,0.0,,0.0,False
48113013605,Census Tract 136.05,2812145,0.0,0.0,0.0,,0,0,2,0,0,0,2,0.0,0.0,,0.0,False
48113013606,Census Tract 136.06,2334540,0.0,0.0,0.0,,0,0,12,0,0,0,12,0.0,0.0,,0.0,False
48113013608,Census Tract 136.08,4490566,0.0,0.0,0.0,,0,0,0,0,0,0,0,0.0,0.0,,0.0,False
48113015202,Census Tract 152.02,1338141,0.0,0.0,0.0,,0,0,6,0,0,0,6,0.0,0.0,,0.0,False
48113015205,Census Tract 152.05,1042093,0.0,0.0,0.0,,0,0,14,0,0,0,14,0.0,0.0,,0.0,False
48113015206,Census Tract 152.06,1445146,0.0,0.0,0.0,,0,0,1,0,0,0,1,0.0,0.0,,0.0,False
48113015303,Census Tract 153.03,5641649,0.0,0.0,0.0,,0,0,0,0,0,0,0,0.0,0.0,,0.0,False
48113015305,Census Tract 153.05,2035289,0.0,0.0,0.0,,0,0,27,0,0,0,27,0.0,0.0,,0.0,False
48113009101,Census Tract 91.01,3393611,0.0,0.0,0.0,,0,0,18,0,0,0,18,0.0,0.0,,0.0,False
48113009401,Census Tract 94.01,1587561,0.0,0.0,0.0,,0,0,0,0,0,1,1,0.0,0.0,,0.0,False
48113009402,Census Tract 94.02,1653022,0.0,0.0,0.0,,0,0,0,0,0,1,1,0.0,0.0,,0.0,False
48113009500,Census Tract 95,2725157,0.0,0.0,0.0,,0,0,0,0,0,0,0,0.0,0.0,,0.0,False
48113014124,Census Tract 141.24,11216848,0.0,0.0,0.0,,0,0,0,0,0,0,0,0.0,0.0,,0.0,False
48113014209,Census Tract 142.09,1131054,0.0,0.0,0.0,,0,0,0,0,0,0,0,0.0,0.0,,0.0,False
48113018508,Census Tract 185.08,229132,0.0,0.0,0.0,,0,0,19,0,0,0,19,0.0,0.0,,0.0,False
48113015304,Census Tract 153.04,16990954,0.0,0.0,0.0,,0,0,0,0,0,0,0,0.0,0.0,,0.0,False
48113016406,Census Tract 164.06,1332048,0.0,0.0,0.0,,0,0,58,0,0,0,58,0.0,0.0,,0.0,False
48113018205,Census Tract 182.05,1623865,0.0,0.0,0.0,,0,0,7,0,0,0,7,0.0,0.0,,0.0,False
48113011500,Census Tract 115,15115739,2.0,323.0,323.0,2012.0,0,0,222,0,0,128,350,0.0,0.0,,0.0,False
48113005902,Census Tract 59.02,1983917,0.0,0.0,0.0,,0,0,25,0,0,0,25,0.0,0.0,,0.0,False
48113007601,Census Tract 76.01,2741482,0.0,0.0,0.0,,0,0,0,0,0,0,0,0.0,0.0,,0.0,False
48113007604,Census Tract 76.04,2620024,0.0,0.0,0.0,,0,0,0,0,0,0,0,0.0,0.0,,0.0,False
48113007605,Census Tract 76.05,2547985,0.0,0.0,0.0,,0,0,0,0,0,0,0,0.0,0.0,,0.0,False
48113007801,Census Tract 78.01,2442663,0.0,0.0,0.0,,0,0,4,0,0,0,4,0.0,0.0,,0.0,False
48113007805,Census Tract 78.05,2692556,0.0,0.0,0.0,,0,0,3,0,251,0,254,0.0,0.0,,0.7150020576197795,True
48113004700,Census Tract 47,966092,0.0,0.0,0.0,,0,0,2,0,0,0,2,0.0,0.0,,0.0,False
48113004800,Census Tract 48,1691169,0.0,0.0,0.0,,0,0,4,0,0,0,4,0.0,0.0,,0.0,False
48113005000,Census Tract 50,1416298,0.0,0.0,0.0,,68,0,111,0,0,0,179,0.0,0.0,,0.0,False
48113005100,Census Tract 51,986541,0.0,0.0,0.0,,0,0,1,0,0,0,1,0.0,0.0,,0.0,False
48113005200,Census Tract 52,1490146,0.0,0.0,0.0,,0,0,4,0,0,0,4,0.0,0.0,,0.0,False
48113002500,Census Tract 25,4306777,1.0,150.0,150.0,2010.0,0,6,194,0,0,0,200,0.0,0.0,,0.0,False
48113019019,Census Tract 190.19,1725225,1.0,168.0,168.0,2020.0,0,0,42,0,167,1,210,0.0,0.0,,3.4746956319413893e-06,False
48113005400,Census Tract 54,2645077,1.0,80.0,80.0,2007.0,0,0,48,0,0,0,48,0.0,0.0,,0.0,False
48113005500,Census Tract 55,2710701,0.0,0.0,0.0,,0,0,16,0,0,0,16,0.0,0.0,,0.0,False
48113005300,Census Tract 53,2100610,0.0,0.0,0.0,,0,0,0,0,0,0,0,0.0,0.0,,0.0,False
48113005600,Census Tract 56,2445756,0.0,0.0,0.0,,0,0,5,0,0,0,5,0.0,0.0,,0.0,False
48113013624,Census Tract 136.24,658874,0.0,0.0,0.0,,0,0,0,0,0,0,0,0.0,0.0,,0.0,False
48113005700,Census Tract 57,2841998,1.0,45.0,0.0,2015.0,0,0,65,0,0,0,65,0.0,0.0,,0.0,False
48113007815,Census Tract 78.15,1273816,0.0,0.0,0.0,,0,0,14,0,0,0,14,0.0,0.0,,0.8411470804709618,True
48113007819,Census Tract 78.19,689384,0.0,0.0,0.0,,0,0,12,0,0,0,12,0.0,0.0,,0.6039868734097988,True
48113007902,Census Tract 79.02,3003169,0.0,0.0,0.0,,0,0,7,0,0,0,7,0.0,0.0,,0.6948633241739838,True
48113002200,Census Tract 22,1651595,0.0,0.0,0.0,,0,0,97,0,116,0,213,0.0,0.0,,0.0,False
48113002400,Census Tract 24,1207749,0.0,0.0,0.0,,0,0,16,0,0,0,16,0.0,0.0,,0.0,False
48113008000,Census Tract 80,5855428,0.0,0.0,0.0,,0,0,0,0,0,0,0,0.0,0.0,,2.139794545569535e-06,False
48113008200,Census Tract 82,2792555,0.0,0.0,0.0,,0,0,4,0,0,0,4,0.0,0.0,,0.17020786423498466,True
48113019018,Census Tract 190.18,1471279,0.0,0.0,0.0,,0,2,81,0,0,0,84,0.0,0.0,,0.0,False
48113015700,Census Tract 157,3459861,0.0,0.0,0.0,,0,0,2,0,0,0,2,0.0,0.0,,0.0,False
48113016001,Census Tract 160.01,1587451,0.0,0.0,0.0,,0,0,7,0,0,0,7,0.0,0.0,,0.0,False
48113016002,Census Tract 160.02,1585905,0.0,0.0,0.0,,0,0,11,0,0,0,11,0.0,0.0,,0.0,False
48113016100,Census Tract 161,6617821,2.0,234.0,187.0,2005.0,0,0,54,0,111,0,164,0.0,0.0,,0.0,False
48113016201,Census Tract 162.01,1929905,0.0,0.0,0.0,,0,0,28,0,0,0,28,0.0,0.0,,0.0,False
48113016301,Census Tract 163.01,3614361,0.0,0.0,0.0,,0,0,15,0,0,0,15,0.0,0.0,,0.0,False
48113016410,Census Tract 164.10,4234709,1.0,93.0,61.0,2020.0,0,0,13,0,0,0,13,0.0,0.0,,0.0,False
48113016302,Census Tract 163.02,860045,0.0,0.0,0.0,,0,0,4,0,0,0,4,0.0,0.0,,0.0,False
48113016511,Census Tract 165.11,1694306,0.0,0.0,0.0,,0,0,86,0,0,9,95,0.0,0.0,,0.0,False
48113016615,Census Tract 166.15,2481690,0.0,0.0,0.0,,0,0,90,0,0,0,90,0.0,0.0,,0.0,False
48113016616,Census Tract 166.16,11614357,0.0,0.0,0.0,,0,0,101,0,0,0,101,0.0,0.0,,0.0,False
48113018111,Census Tract 181.11,2715343,1.0,250.0,150.0,1998.0,0,0,146,0,0,0,146,0.0,0.0,,0.0,False
48113016638,Census Tract 166.38,3449205,0.0,0.0,0.0,,0,0,6,0,0,0,6,0.0,0.0,,0.0,False
48113013630,Census Tract 136.30,292256,0.0,0.0,0.0,,0,0,2,0,0,0,2,0.0,0.0,,0.0,False
48113011701,Census Tract 117.01,4769940,0.0,0.0,0.0,,0,0,21,0,0,4,25,0.0,0.0,,0.0,False
48113011702,Census Tract 117.02,5492636,0.0,0.0,0.0,,0,0,95,0,0,1,96,0.0,0.0,,0.0,False
48113012000,Census Tract 120,2551715,4.0,752.0,488.0,2015.0,0,0,258,0,1,0,259,0.0,0.0,,0.0,False
48113012206,Census Tract 122.06,2631364,0.0,0.0,0.0,,0,0,1,0,0,3,4,0.0,0.0,,0.0,False
48113012207,Census Tract 122.07,5418279,1.0,318.0,318.0,2016.0,1,0,86,0,0,0,87,0.0,0.0,,0.0,False
48113012208,Census Tract 122.08,1037011,2.0,379.0,349.0,2006.0,0,0,223,0,0,0,223,0.0,0.0,,0.0,False
48113010704,Census Tract 107.04,5439795,2.0,514.0,514.0,2021.0,0,0,104,0,246,0,350,0.0,1.0,Builders of Hope CDC,0.0,False
48113980100,Census Tract 9801,5549416,0.0,0.0,0.0,,0,0,0,0,0,0,0,0.0,0.0,,0.0,False
48113000605,Census Tract 6.05,537957,0.0,0.0,0.0,,0,0,37,0,0,0,37,0.0,0.0,,0.0,False
48113016407,Census Tract 164.07,1936252,0.0,0.0,0.0,,0,0,36,0,0,0,36,0.0,0.0,,0.0,False
48113007101,Census Tract 71.01,1183153,0.0,0.0,0.0,,0,0,0,0,0,0,0,0.0,0.0,,0.0,False
48113018002,Census Tract 180.02,1469842,0.0,0.0,0.0,,0,0,14,0,0,0,14,0.0,0.0,,0.0,False
48113009105,Census Tract 91.05,1394850,0.0,0.0,0.0,,53,0,4,0,0,0,57,0.0,0.0,,0.0,False
48113012210,Census Tract 122.10,1174023,0.0,0.0,0.0,,0,0,86,0,171,0,257,0.0,0.0,,0.0,False
48113009610,Census Tract 96.10,1270010,1.0,224.0,224.0,1995.0,0,0,5,0,0,0,5,0.0,0.0,,0.0,False
48113014121,Census Tract 141.21,3798143,0.0,0.0,0.0,,0,0,15,0,0,0,15,0.0,0.0,,0.0,False
48113004201,Census Tract 42.01,2569176,0.0,0.0,0.0,,0,0,1,0,0,0,1,0.0,0.0,,0.0,False
48113017102,Census Tract 171.02,29422621,0.0,0.0,0.0,,0,0,11,0,0,0,11,0.0,0.0,,0.0,False
48113011105,Census Tract 111.05,1526080,0.0,0.0,0.0,,0,0,44,0,0,0,44,0.0,0.0,,0.0,False
48113005901,Census Tract 59.01,2864752,0.0,0.0,0.0,,0,0,15,0,0,0,15,0.0,0.0,,0.0,False
48113006001,Census Tract 60.01,1188588,0.0,0.0,0.0,,0,0,16,0,0,0,16,0.0,0.0,,0.0,False
48113006002,Census Tract 60.02,2334986,1.0,176.0,140.0,2004.0,0,0,198,0,0,0,198,0.0,0.0,,0.0,False
48113006200,Census Tract 62,2808984,3.0,473.0,472.0,2016.0,0,0,125,0,45,0,170,0.0,0.0,,0.0,False
48113006301,Census Tract 63.01,2549959,0.0,0.0,0.0,,0,0,1,0,0,1,2,0.0,0.0,,0.0,False
48113006302,Census Tract 63.02,1646368,0.0,0.0,0.0,,0,0,0,0,0,0,0,0.0,0.0,,0.0,False
48113006501,Census Tract 65.01,1372359,0.0,0.0,0.0,,0,0,2,0,0,0,2,0.0,0.0,,0.0,False
48113006502,Census Tract 65.02,1688019,0.0,0.0,0.0,,0,0,2,0,0,0,2,0.0,0.0,,0.0,False
48113011300,Census Tract 113,7695045,1.0,112.0,112.0,2012.0,0,0,92,0,0,0,92,0.0,0.0,,0.0,False
48113002100,Census Tract 21,990769,0.0,0.0,0.0,,0,0,164,0,0,0,164,0.0,0.0,,0.0,False
48113001202,Census Tract 12.02,3147486,0.0,0.0,0.0,,0,0,13,0,0,0,13,0.0,0.0,,0.0,False
48113001203,Census Tract 12.03,479384,0.0,0.0,0.0,,0,0,0,0,0,0,0,0.0,0.0,,0.0,False
48113016903,Census Tract 169.03,133781549,0.0,0.0,0.0,,0,0,16,0,0,0,16,0.0,0.0,,0.0,False
48113016617,Census Tract 166.17,6044336,0.0,0.0,0.0,,0,0,12,0,0,0,12,0.0,0.0,,0.0,False
48113008703,Census Tract 87.03,1427276,0.0,0.0,0.0,,0,0,13,0,0,0,13,0.0,0.0,,0.0,False
48113014002,Census Tract 140.02,21908924,0.0,0.0,0.0,,0,0,0,0,0,0,0,0.0,0.0,,0.0,False
48113012603,Census Tract 126.03,922005,0.0,0.0,0.0,,0,0,0,0,0,0,0,0.0,0.0,,0.0,False
48113014138,Census Tract 141.38,2721068,0.0,0.0,0.0,,0,0,0,0,0,0,0,0.0,0.0,,0.0,False
48113014130,Census Tract 141.30,3632237,0.0,0.0,0.0,,0,0,68,0,0,0,68,0.0,0.0,,0.0,False
48113007912,Census Tract 79.12,510365,0.0,0.0,0.0,,0,0,0,0,0,0,0,0.0,0.0,,0.0,False
48113013805,Census Tract 138.05,569996,0.0,0.0,0.0,,0,0,1,0,0,0,1,0.0,0.0,,0.0,False
48113016521,Census Tract 165.21,19156522,0.0,0.0,0.0,,0,0,64,0,0,3,67,0.0,0.0,,0.0,False
48113018505,Census Tract 185.05,477214,0.0,0.0,0.0,,0,0,32,0,0,0,32,0.0,0.0,,0.0,False
48113980000,Census Tract 9800,26609569,0.0,0.0,0.0,,0,0,0,0,0,0,0,0.0,0.0,,0.0,False
48113007913,Census Tract 79.13,605345,0.0,0.0,0.0,,0,0,8,0,0,0,8,0.0,0.0,,0.0,False
48113018133,Census Tract 181.33,7205396,1.0,76.0,76.0,2020.0,0,0,61,0,0,0,61,0.0,0.0,,0.0,False
48113020000,Census Tract 200,6859494,0.0,0.0,0.0,,0,0,3,0,0,0,3,0.0,0.0,,0.0,False
48113018135,Census Tract 181.35,2902066,0.0,0.0,0.0,,0,0,95,0,0,0,95,0.0,0.0,,0.0,False
48113008802,Census Tract 88.02,2495035,2.0,200.0,200.0,2016.0,0,0,14,0,199,0,213,0.0,1.0,Cornerstone Community Development Corporation,0.0,False
48113009603,Census Tract 96.03,3526073,0.0,0.0,0.0,,0,0,16,0,0,0,16,0.0,0.0,,0.0,False
48113009604,Census Tract 96.04,2374785,0.0,0.0,0.0,,0,0,7,0,0,0,7,0.0,0.0,,0.0,False
48113009605,Census Tract 96.05,1361976,0.0,0.0,0.0,,0,0,93,0,0,0,93,0.0,0.0,,0.0,False
48113009607,Census Tract 96.07,2356316,0.0,0.0,0.0,,0,0,1,0,0,1,2,0.0,0.0,,0.0,False
48113009608,Census Tract 96.08,2261407,0.0,0.0,0.0,,0,0,2,0,1,4,8,0.0,0.0,,0.0,False
48113009609,Census Tract 96.09,2700092,0.0,0.0,0.0,,0,0,0,0,0,0,0,0.0,0.0,,0.0,False
48113009611,Census Tract 96.11,1390772,0.0,0.0,0.0,,0,0,48,0,0,0,48,0.0,0.0,,0.0,False
48113009702,Census Tract 97.02,1879773,0.0,0.0,0.0,,0,0,0,0,0,0,0,0.0,0.0,,0.0,False
48113009202,Census Tract 92.02,2778633,0.0,0.0,0.0,,0,0,9,0,0,1,10,0.0,0.0,,0.0,False
48113009301,Census Tract 93.01,2722019,0.0,0.0,0.0,,0,0,4,0,0,0,4,0.0,0.0,,0.0,False
48113009304,Census Tract 93.04,2931843,3.0,666.0,374.0,2004.0,0,0,369,0,331,0,700,0.0,0.0,,0.0,False
48113008500,Census Tract 85,2695036,0.0,0.0,0.0,,0,0,20,0,30,25,75,0.0,0.0,,0.0,False
48113008604,Census Tract 86.04,1261731,0.0,0.0,0.0,,0,0,120,0,0,0,120,0.0,0.0,,0.0,False
48113008701,Census Tract 87.01,5211518,2.0,451.0,400.0,2000.0,0,0,230,0,164,0,395,0.0,0.0,,0.0,False
48113008704,Census Tract 87.04,2288538,0.0,0.0,0.0,,0,0,39,0,0,0,39,0.0,0.0,,0.0,False
48113008801,Census Tract 88.01,2315960,2.0,229.0,229.0,2020.0,0,0,62,0,75,0,137,0.0,0.0,,0.0,False
48113009802,Census Tract 98.02,1546654,0.0,0.0,0.0,,0,0,0,0,0,0,0,0.0,0.0,,0.0,False
48113009104,Census Tract 91.04,1215502,0.0,0.0,0.0,,0,0,2,0,0,0,2,0.0,0.0,,0.0,False
48113012211,Census Tract 122.11,1318895,0.0,0.0,0.0,,0,0,80,0,0,0,80,0.0,0.0,,0.0,False
48113012400,Census Tract 124,3053580,0.0,0.0,0.0,,0,0,0,0,0,3,3,0.0,0.0,,0.4537498464890146,True
48113016513,Census Tract 165.13,5281302,0.0,0.0,0.0,,0,0,12,0,0,0,12,0.0,0.0,,0.0,False
48113016517,Census Tract 165.17,2671236,0.0,0.0,0.0,,0,0,60,0,0,0,60,0.0,0.0,,0.0,False
48113016518,Census Tract 165.18,2535379,1.0,224.0,213.0,2007.0,0,0,136,0,23,0,159,0.0,0.0,,0.0,False
48113016519,Census Tract 165.19,2710118,0.0,0.0,0.0,,0,0,4,0,0,0,4,0.0,0.0,,0.0,False
48113016607,Census Tract 166.07,1161445,1.0,192.0,192.0,1994.0,0,0,274,0,0,0,274,0.0,0.0,,0.0,False
48113016610,Census Tract 166.10,2785280,0.0,0.0,0.0,,0,0,129,0,104,0,233,0.0,0.0,,0.0,False
48113013609,Census Tract 136.09,1795661,0.0,0.0,0.0,,1,0,8,0,0,0,9,0.0,0.0,,0.0,False
48113013610,Census Tract 136.10,2796753,0.0,0.0,0.0,,0,0,2,0,0,0,2,0.0,0.0,,0.0,False
48113013611,Census Tract 136.11,3924544,0.0,0.0,0.0,,0,0,0,0,0,0,0,0.0,0.0,,0.0,False
48113015306,Census Tract 153.06,4843711,0.0,0.0,0.0,,0,0,3,0,103,0,106,0.0,0.0,,0.0,False
48113015403,Census Tract 154.03,1078483,0.0,0.0,0.0,,0,0,12,0,0,0,12,0.0,0.0,,0.0,False
48113015404,Census Tract 154.04,2423631,1.0,160.0,160.0,1999.0,0,0,57,0,0,0,57,0.0,0.0,,0.0,False
48113015500,Census Tract 155,3642735,1.0,40.0,40.0,2022.0,0,0,17,0,39,0,56,0.0,0.0,,0.0,False
48113015600,Census Tract 156,3173891,0.0,0.0,0.0,,0,0,4,0,0,0,4,0.0,0.0,,0.0,False
48113007914,Census Tract 79.14,855948,0.0,0.0,0.0,,0,0,1,0,0,0,1,0.0,0.0,,0.0,False
48113013625,Census Tract 136.25,332656,0.0,0.0,0.0,,0,0,0,0,0,0,0,0.0,0.0,,0.0,False
48113018134,Census Tract 181.34,3929530,0.0,0.0,0.0,,0,0,152,0,0,0,152,0.0,0.0,,0.0,False
48113017605,Census Tract 176.05,1046078,0.0,0.0,0.0,,0,0,12,0,0,7,19,0.0,0.0,,0.0,False
48113018144,Census Tract 181.44,2944495,0.0,0.0,0.0,,0,0,66,0,0,0,66,0.0,0.0,,0.0,False
48113016524,Census Tract 165.24,14481761,0.0,0.0,0.0,,0,0,7,0,0,0,7,0.0,0.0,,0.0,False
48113018146,Census Tract 181.46,2471492,0.0,0.0,0.0,,0,0,19,0,0,0,19,0.0,0.0,,0.0,False
48113018507,Census Tract 185.07,459539,0.0,0.0,0.0,,0,0,27,0,0,0,27,0.0,0.0,,0.0,False
48113019045,Census Tract 190.45,873006,0.0,0.0,0.0,,0,0,16,0,0,0,16,0.0,0.0,,0.0,False
48113019047,Census Tract 190.47,1461211,0.0,0.0,0.0,,0,0,30,0,0,0,30,0.0,0.0,,0.0,False
48113012802,Census Tract 128.02,3032203,0.0,0.0,0.0,,0,0,5,0,0,0,5,0.0,0.0,,0.30232323003264766,True
48113016530,Census Tract 165.30,4164190,0.0,0.0,0.0,,0,0,61,0,0,0,61,0.0,0.0,,0.0,False
48113008402,Census Tract 84.02,4251731,0.0,0.0,0.0,,0,0,1,0,0,1,2,0.0,0.0,,0.0,False
48113016531,Census Tract 165.31,1929092,0.0,0.0,0.0,,0,0,33,0,0,0,33,0.0,0.0,,0.0,False
48113019051,Census Tract 190.51,6496261,0.0,0.0,0.0,,0,0,12,0,0,0,12,0.0,0.0,,0.0,False
48113019216,Census Tract 192.16,2055240,0.0,0.0,0.0,,0,0,6,0,0,0,6,0.0,0.0,,0.0,False
48113008101,Census Tract 81.01,1310386,0.0,0.0,0.0,,0,0,0,0,0,0,0,0.0,0.0,,0.0,False
48113018151,Census Tract 181.51,4884340,0.0,0.0,0.0,,0,0,8,0,0,0,8,0.0,0.0,,0.0,False
48113013202,Census Tract 132.02,2919980,1.0,100.0,75.0,2015.0,0,0,229,0,0,0,229,0.0,1.0,Navicore Solutions - Dallas,0.0,False
48113013012,Census Tract 130.12,1363463,0.0,0.0,0.0,,0,0,0,0,0,122,122,0.0,0.0,,0.0,False
48113008102,Census Tract 81.02,4030303,0.0,0.0,0.0,,0,0,0,0,0,0,0,0.0,0.0,,0.0,False
48113016527,Census Tract 165.27,8488787,0.0,0.0,0.0,,0,0,34,0,0,3,37,0.0,0.0,,0.0,False
48113000801,Census Tract 8.01,785984,2.0,141.0,123.0,2002.0,0,0,109,0,0,189,298,0.0,0.0,,0.0,False
48113000902,Census Tract 9.02,421107,0.0,0.0,0.0,,0,0,85,0,48,0,133,0.0,0.0,,0.0,False
48113014142,Census Tract 141.42,541432,1.0,204.0,204.0,1995.0,0,0,69,0,0,0,69,0.0,0.0,,0.0,False
48113012801,Census Tract 128.01,1576534,0.0,0.0,0.0,,0,0,1,0,0,0,1,0.0,0.0,,0.2719499837648274,True
48113021200,Census Tract 212,18522258,0.0,0.0,0.0,,0,0,12,0,0,0,12,0.0,0.0,,0.0,False
48113007915,Census Tract 79.15,205665,0.0,0.0,0.0,,0,0,0,0,0,0,0,0.0,0.0,,0.0,False
48113012502,Census Tract 125.02,1719020,0.0,0.0,0.0,,0,0,5,0,0,0,5,0.0,0.0,,0.3297215219306347,True
48113012501,Census Tract 125.01,1408701,0.0,0.0,0.0,,0,0,2,0,0,0,2,0.0,0.0,,0.0,False
48113016635,Census Tract 166.35,2727272,5.0,1182.0,1180.0,2004.0,0,0,456,0,0,0,456,0.0,0.0,,0.0,False
48113016534,Census Tract 165.34,4479580,0.0,0.0,0.0,,0,0,15,0,0,121,136,0.0,0.0,,0.38027211527528987,True
48113007702,Census Tract 77.02,1908831,0.0,0.0,0.0,,0,0,1,0,0,0,1,0.0,0.0,,0.0,False
48113007830,Census Tract 78.30,152546,0.0,0.0,0.0,,0,0,14,0,0,0,14,0.0,0.0,,0.6140785215725172,True
48113013808,Census Tract 138.08,3142557,0.0,0.0,0.0,,0,0,0,0,0,0,0,0.0,0.0,,0.0,False
48113014704,Census Tract 147.04,2362360,0.0,0.0,0.0,,0,12,1,0,0,0,13,0.0,0.0,,0.0,False
48113007206,Census Tract 72.06,498795,0.0,0.0,0.0,,0,0,0,0,0,0,0,0.0,0.0,,0.0,False
48113016420,Census Tract 164.20,1623257,0.0,0.0,0.0,,0,0,7,0,0,0,7,0.0,0.0,,0.0,False
48113010001,Census Tract 100.01,7310455,1.0,100.0,75.0,2002.0,0,0,215,0,0,0,215,2.0,0.0,,0.0,False
48113007831,Census Tract 78.31,200959,0.0,0.0,0.0,,0,0,4,0,0,0,4,0.0,0.0,,0.9999999999999993,True
48113016532,Census Tract 165.32,2942739,0.0,0.0,0.0,,0,0,9,0,0,0,9,0.0,0.0,,0.0,False
48113013807,Census Tract 138.07,1819453,0.0,0.0,0.0,,0,0,1,0,0,0,1,0.0,0.0,,0.0,False
48113014157,Census Tract 141.57,5948612,0.0,0.0,0.0,,0,0,0,0,0,0,0,0.0,0.0,,0.0,False
48113014156,Census Tract 141.56,1526530,0.0,0.0,0.0,,0,0,2,0,0,0,2,0.0,0.0,,0.0,False
48113014141,Census Tract 141.41,370676,0.0,0.0,0.0,,0,0,1,0,0,0,1,0.0,0.0,,0.0,False
48113014314,Census Tract 143.14,2839246,0.0,0.0,0.0,,0,0,0,0,0,0,0,0.0,0.0,,0.0,False
48113014318,Census Tract 143.18,1485463,0.0,0.0,0.0,,0,0,0,0,0,0,0,0.0,0.0,,0.0,False
48113014155,Census Tract 141.55,1039638,0.0,0.0,0.0,,0,0,0,0,0,0,0,0.0,0.0,,0.0,False
48113014158,Census Tract 141.58,1967400,0.0,0.0,0.0,,0,0,0,0,0,0,0,0.0,0.0,,0.0,False
48113014409,Census Tract 144.09,3617477,0.0,0.0,0.0,,0,0,0,0,0,0,0,0.0,0.0,,0.0,False
48113014410,Census Tract 144.10,1553034,0.0,0.0,0.0,,0,0,4,0,0,0,4,0.0,0.0,,0.0,False
48113014316,Census Tract 143.16,1415618,0.0,0.0,0.0,,0,0,1,0,0,0,1,0.0,0.0,,0.0,False
48113015406,Census Tract 154.06,2444081,0.0,0.0,0.0,,0,0,0,0,0,0,0,0.0,0.0,,0.0,False
48113014140,Census Tract 141.40,355124,0.0,0.0,0.0,,0,0,2,0,0,0,2,0.0,0.0,,0.0,False
48113014154,Census Tract 141.54,1226037,0.0,0.0,0.0,,0,0,23,0,0,0,23,0.0,0.0,,0.0,False
48113014147,Census Tract 141.47,569259,0.0,0.0,0.0,,0,0,0,0,0,0,0,0.0,0.0,,0.0,False
48113014153,Census Tract 141.53,2075305,0.0,0.0,0.0,,0,0,12,0,0,0,12,0.0,0.0,,0.0,False
48113015101,Census Tract 151.01,2632102,0.0,0.0,0.0,,0,0,2,0,0,0,2,0.0,0.0,,0.0,False
48113015208,Census Tract 152.08,1052851,0.0,0.0,0.0,,0,0,2,0,0,0,2,0.0,0.0,,0.0,False
48113015002,Census Tract 150.02,6320110,0.0,0.0,0.0,,0,0,2,0,1,0,3,0.0,0.0,,0.0,False
48113014144,Census Tract 141.44,3513658,0.0,0.0,0.0,,0,0,6,0,0,0,6,0.0,0.0,,0.0,False
48113014313,Census Tract 143.13,3569880,1.0,93.0,93.0,1995.0,0,0,51,0,0,0,51,0.0,0.0,,0.0,False
48113014320,Census Tract 143.20,513877,0.0,0.0,0.0,,0,0,0,0,0,0,0,0.0,0.0,,0.0,False
48113016634,Census Tract 166.34,11210380,1.0,100.0,100.0,2003.0,0,0,95,0,0,0,95,0.0,0.0,,0.0,False
48113007203,Census Tract 72.03,411031,2.0,137.0,130.0,1993.0,0,0,17,0,0,0,17,0.0,0.0,,0.0,False
48113019215,Census Tract 192.15,2026012,0.0,0.0,0.0,,1,0,5,0,0,0,6,0.0,0.0,,0.0,False
48113019214,Census Tract 192.14,843091,0.0,0.0,0.0,,0,0,6,0,0,0,6,0.0,0.0,,0.0,False
48113013729,Census Tract 137.29,3080196,0.0,0.0,0.0,,0,0,0,0,0,0,0,0.0,0.0,,0.0,False
48113002001,Census Tract 20.01,1646924,1.0,64.0,64.0,1996.0,0,0,12,0,0,0,12,0.0,0.0,,0.0,False
48113010002,Census Tract 100.02,1775475,0.0,0.0,0.0,,0,0,0,0,0,0,0,0.0,0.0,,0.0,False
48113000705,Census Tract 7.05,473389,0.0,0.0,0.0,,0,0,5,0,0,0,5,0.0,0.0,,0.0,False
48113016636,Census Tract 166.36,2848771,0.0,0.0,0.0,,0,0,27,0,0,0,27,0.0,0.0,,0.0,False
48113016528,Census Tract 165.28,4867436,0.0,0.0,0.0,,0,0,55,0,0,0,55,0.0,0.0,,0.0,False
48113016526,Census Tract 165.26,1439332,0.0,0.0,0.0,,0,0,71,0,0,2,73,0.0,0.0,,0.0,False
48113016419,Census Tract 164.19,3942173,0.0,0.0,0.0,,0,0,31,0,0,0,31,0.0,0.0,,0.0,False
48113016204,Census Tract 162.04,1867698,0.0,0.0,0.0,,0,0,8,0,0,0,8,0.0,0.0,,0.0,False
48113016536,Census Tract 165.36,2566838,0.0,0.0,0.0,,0,0,13,0,0,0,13,0.0,0.0,,0.019041484900109856,True
48113000706,Census Tract 7.06,357428,0.0,0.0,0.0,,0,0,0,0,0,0,0,0.0,0.0,,0.0,False
48113001901,Census Tract 19.01,554175,0.0,0.0,0.0,,0,0,0,0,0,0,0,0.0,2.0,Legal Aid of NorthWest Texas - Dallas; Dallas Eviction Advocacy Center,0.0,False
48113001801,Census Tract 18.01,242287,0.0,0.0,0.0,,0,0,1,0,0,0,1,0.0,0.0,,0.0,False
48113000703,Census Tract 7.03,538313,0.0,0.0,0.0,,0,0,2,0,0,0,2,0.0,0.0,,0.0,False
48113001802,Census Tract 18.02,470125,0.0,0.0,0.0,,0,0,0,0,0,0,0,0.0,0.0,,0.0,False
48113000610,Census Tract 6.10,390016,0.0,0.0,0.0,,0,0,0,0,0,0,0,0.0,0.0,,0.0,False
48113000407,Census Tract 4.07,515989,0.0,0.0,0.0,,0,0,0,0,0,0,0,0.0,0.0,,0.0,False
48113000408,Census Tract 4.08,465628,0.0,0.0,0.0,,0,0,11,0,0,0,11,0.0,0.0,,0.0,False
48113016533,Census Tract 165.33,12955222,0.0,0.0,0.0,,0,0,72,0,0,0,72,0.0,0.0,,0.0,False
48113016535,Census Tract 165.35,2611263,0.0,0.0,0.0,,0,0,10,0,0,0,10,0.0,0.0,,0.0,False
48113003103,Census Tract 31.03,512035,1.0,107.0,107.0,2012.0,0,0,272,0,0,0,272,0.0,0.0,,0.0,False
48113010809,Census Tract 108.09,1951231,0.0,0.0,0.0,,0,0,22,0,0,1,23,0.0,0.0,,0.0,False
48113006701,Census Tract 67.01,1725081,0.0,0.0,0.0,,0,0,0,0,0,0,0,0.0,0.0,,0.0,False
48113014149,Census Tract 141.49,639055,0.0,0.0,0.0,,0,0,0,0,0,0,0,0.0,0.0,,0.0,False
48113007916,Census Tract 79.16,214578,0.0,0.0,0.0,,0,0,0,0,0,0,0,0.0,0.0,,0.0,False
48113013631,Census Tract 136.31,144926,0.0,0.0,0.0,,0,0,10,0,0,0,10,0.0,0.0,,0.0,False
48113013107,Census Tract 131.07,486059,0.0,0.0,0.0,,0,0,1,0,0,0,1,0.0,0.0,,0.0,False
48113019049,Census Tract 190.49,1195517,0.0,0.0,0.0,,0,0,12,0,0,0,12,0.0,0.0,,0.0,False
48113980200,Census Tract 9802,1005585,0.0,0.0,0.0,,0,0,0,0,0,0,0,0.0,0.0,,0.0,False
48113018150,Census Tract 181.50,3493771,0.0,0.0,0.0,,0,0,72,0,0,0,72,0.0,0.0,,0.0,False
48113016708,Census Tract 167.08,3466263,0.0,0.0,0.0,,0,0,43,0,0,0,43,0.0,0.0,,0.0,False
48113020800,Census Tract 208,3638651,1.0,264.0,264.0,2004.0,0,0,159,0,0,0,159,0.0,0.0,,0.04456495545376859,True
48113000802,Census Tract 8.02,659950,1.0,293.0,293.0,1997.0,0,0,79,0,0,1,80,0.0,0.0,,0.0,False
48113001602,Census Tract 16.02,613664,1.0,22.0,22.0,1995.0,0,0,4,0,0,0,4,0.0,0.0,,0.0,False
48113020401,Census Tract 204.01,1399355,0.0,0.0,0.0,,0,0,60,0,0,0,60,0.0,0.0,,0.0,False
48113015207,Census Tract 152.07,1697006,0.0,0.0,0.0,,0,0,4,0,0,0,4,0.0,0.0,,0.0,False
48113015102,Census Tract 151.02,961180,0.0,0.0,0.0,,0,0,13,0,0,0,13,0.0,0.0,,0.0,False
48113015001,Census Tract 150.01,1955976,0.0,0.0,0.0,,0,0,6,0,0,0,6,0.0,0.0,,0.0,False
48113014143,Census Tract 141.43,2383026,0.0,0.0,0.0,,0,0,1,0,0,0,1,0.0,0.0,,0.0,False
48113010906,Census Tract 109.06,2774930,0.0,0.0,0.0,,0,0,71,0,0,0,71,1.0,0.0,,0.2930150349554834,True
48113002002,Census Tract 20.02,746621,0.0,0.0,0.0,,0,11,42,0,0,0,53,0.0,0.0,,0.0,False
48113000607,Census Tract 6.07,472890,0.0,0.0,0.0,,0,0,2,0,0,0,2,0.0,0.0,,0.0,False
48113016203,Census Tract 162.03,507822,1.0,418.0,418.0,1995.0,0,0,149,0,0,0,149,0.0,0.0,,0.0,False
48113016421,Census Tract 164.21,3052290,0.0,0.0,0.0,,0,0,43,0,0,0,43,0.0,0.0,,0.0,False
48113016414,Census Tract 164.14,893862,0.0,0.0,0.0,,0,0,24,0,0,0,24,0.0,0.0,,0.0,False
48113000501,Census Tract 5.01,324538,0.0,0.0,0.0,,0,0,0,0,0,0,0,0.0,0.0,,0.0,False
48113000503,Census Tract 5.03,235275,0.0,0.0,0.0,,0,0,6,0,0,0,6,0.0,0.0,,0.0,False
48113000502,Census Tract 5.02,936133,0.0,0.0,0.0,,0,0,2,0,0,0,2,0.0,0.0,,0.0,False
48113010905,Census Tract 109.05,500627,1.0,280.0,280.0,1996.0,0,0,229,0,0,0,229,0.0,0.0,,0.0,False
48113000409,Census Tract 4.09,2966519,0.0,0.0,0.0,,0,0,10,0,0,0,10,0.0,1.0,BCL of Texas,0.0,False
48113001902,Census Tract 19.02,671034,0.0,0.0,0.0,,0,0,0,0,0,0,0,0.0,0.0,,0.0,False
48113000704,Census Tract 7.04,348350,0.0,0.0,0.0,,0,0,1,0,0,0,1,0.0,0.0,,0.0,False
48113001705,Census Tract 17.05,940705,0.0,0.0,0.0,,0,0,184,0,0,0,184,0.0,0.0,,0.0,False
48113000609,Census Tract 6.09,625532,0.0,0.0,0.0,,0,0,5,0,0,0,5,0.0,0.0,,0.0,False
48113000611,Census Tract 6.11,424167,1.0,100.0,85.0,2016.0,0,0,50,0,0,0,50,0.0,0.0,,0.0,False
48113003102,Census Tract 31.02,465410,0.0,0.0,0.0,,0,0,9,0,0,0,9,0.0,0.0,,0.0,False
48113010808,Census Tract 108.08,975291,0.0,0.0,0.0,,0,0,72,0,0,0,72,0.0,0.0,,0.0,False
48113006702,Census Tract 67.02,945873,0.0,0.0,0.0,,0,0,0,0,0,0,0,0.0,0.0,,0.0,False
48113010806,Census Tract 108.06,3039998,0.0,0.0,0.0,,0,0,5,0,0,0,5,0.0,0.0,,0.0,False
48113011004,Census Tract 110.04,931480,0.0,0.0,0.0,,0,0,49,0,0,0,49,0.0,0.0,,0.0,False
48113011003,Census Tract 110.03,2432482,0.0,0.0,0.0,,0,0,12,0,0,0,12,0.0,0.0,,0.0,False
48113013628,Census Tract 136.28,2776977,0.0,0.0,0.0,,0,0,0,0,0,0,0,0.0,0.0,,0.0,False
48113013629,Census Tract 136.29,263242,0.0,0.0,0.0,,0,0,5,0,0,0,5,0.0,0.0,,0.0,False
48113014145,Census Tract 141.45,170007,0.0,0.0,0.0,,0,0,16,0,0,0,16,0.0,0.0,,0.0,False
48113016711,Census Tract 167.11,3744391,0.0,0.0,0.0,,82,0,100,0,0,0,182,0.0,0.0,,0.0,False
48113011201,Census Tract 112.01,3654530,0.0,0.0,0.0,,0,0,211,0,0,0,211,0.0,0.0,,0.0,False
48113016707,Census Tract 167.07,2499497,0.0,0.0,0.0,,0,0,83,0,0,0,83,0.0,0.0,,0.0,False
48113007829,Census Tract 78.29,1813665,0.0,0.0,0.0,,0,0,31,0,0,0,31,0.0,0.0,,0.7777411571501087,True
48113019044,Census Tract 190.44,1263286,0.0,0.0,0.0,,0,0,10,0,0,0,10,0.0,0.0,,0.0,False
48113019046,Census Tract 190.46,1254111,0.0,0.0,0.0,,0,0,6,0,0,0,6,0.0,0.0,,0.0,False
48113012212,Census Tract 122.12,1673750,0.0,0.0,0.0,,0,0,30,0,0,4,35,0.0,0.0,,0.0,False
48113016706,Census Tract 167.06,1559257,0.0,0.0,0.0,,0,0,32,0,0,0,32,0.0,0.0,,0.0,False
48113019048,Census Tract 190.48,1366034,0.0,0.0,0.0,,0,0,11,0,0,0,11,0.0,0.0,,0.0,False
48113017816,Census Tract 178.16,1350094,0.0,0.0,0.0,,0,0,38,0,0,0,38,0.0,0.0,,0.0,False
48113007832,Census Tract 78.32,234574,0.0,0.0,0.0,,0,0,14,0,0,0,14,0.0,0.0,,0.9409478366156998,True
48113018152,Census Tract 181.52,3614816,0.0,0.0,0.0,,0,0,17,0,0,0,17,0.0,0.0,,0.0,False
48113000901,Census Tract 9.01,543353,0.0,0.0,0.0,,0,0,0,0,0,0,0,0.0,0.0,,0.0,False
48113000608,Census Tract 6.08,541486,0.0,0.0,0.0,,0,0,10,0,0,0,10,0.0,0.0,,0.0,False
48113012213,Census Tract 122.13,1345991,0.0,0.0,0.0,,0,0,44,0,0,2,46,0.0,0.0,,0.0,False
48113010807,Census Tract 108.07,2948040,0.0,0.0,0.0,,0,0,24,0,0,0,24,0.0,0.0,,0.0,False
48113016415,Census Tract 164.15,3411526,0.0,0.0,0.0,,0,0,20,0,0,0,20,0.0,0.0,,0.0,False
48113007701,Census Tract 77.01,733215,0.0,0.0,0.0,,0,0,0,0,0,0,0,0.0,0.0,,0.0,False
48113013728,Census Tract 137.28,1388377,0.0,0.0,0.0,,0,0,4,0,0,0,4,0.0,0.0,,0.0,False
48113010003,Census Tract 100.03,22306969,1.0,156.0,124.0,2005.0,0,0,25,0,0,0,25,1.0,2.0,Dallas County Home Loan Counseling Center; Catholic Charities of Dallas,0.0,False
48113016418,Census Tract 164.18,4194961,0.0,0.0,0.0,,0,0,17,0,0,0,17,0.0,0.0,,0.0,False
48113013201,Census Tract 132.01,2736390,0.0,0.0,0.0,,0,0,1,0,0,0,1,0.0,0.0,,0.0,False
48113013106,Census Tract 131.06,428322,0.0,0.0,0.0,,0,0,1,0,0,0,1,0.0,0.0,,0.0,False
48113016417,Census Tract 164.17,2706408,0.0,0.0,0.0,,0,7,45,0,0,0,52,0.0,0.0,,0.0,False
48113014146,Census Tract 141.46,233646,0.0,0.0,0.0,,0,0,0,0,0,0,0,0.0,0.0,,0.0,False
48113013627,Census Tract 136.27,896111,0.0,0.0,0.0,,0,0,0,0,0,0,0,0.0,0.0,,0.0,False
48113007205,Census Tract 72.05,388935,0.0,0.0,0.0,,0,0,0,0,0,0,0,0.0,0.0,,0.0,False
48113007204,Census Tract 72.04,904000,0.0,0.0,0.0,,0,0,0,0,0,0,0,0.0,0.0,,0.0,False
48113000410,Census Tract 4.10,3054634,0.0,0.0,0.0,,0,0,25,0,0,0,25,0.0,0.0,,0.0,False
48113014160,Census Tract 141.60,2392229,0.0,0.0,0.0,,0,0,1,0,0,0,1,0.0,0.0,,0.0,False
48113016637,Census Tract 166.37,1961046,0.0,0.0,0.0,,0,0,40,0,0,0,40,0.0,0.0,,0.0,False
48113014159,Census Tract 141.59,5943447,0.0,0.0,0.0,,0,0,0,0,0,0,0,0.0,0.0,,0.0,False
48113014150,Census Tract 141.50,1839780,0.0,0.0,0.0,,0,0,0,0,0,0,0,0.0,0.0,,0.0,False
48113014152,Census Tract 141.52,984902,0.0,0.0,0.0,,0,0,0,0,0,0,0,0.0,0.0,,0.0,False
48113014317,Census Tract 143.17,356668,0.0,0.0,0.0,,0,0,0,0,0,0,0,0.0,0.0,,0.0,False
48113014151,Census Tract 141.51,1818253,0.0,0.0,0.0,,0,0,0,0,0,0,0,0.0,0.0,,0.0,False
48113014319,Census Tract 143.19,369103,0.0,0.0,0.0,,0,0,0,0,0,0,0,0.0,0.0,,0.0,False
48113014148,Census Tract 141.48,2130466,0.0,0.0,0.0,,0,0,1,0,0,0,1,0.0,0.0,,0.0,False
48113014315,Census Tract 143.15,1123804,0.0,0.0,0.0,,0,0,2,0,0,0,2,0.0,0.0,,0.0,False
48113014161,Census Tract 141.61,1480807,0.0,0.0,0.0,,0,0,4,0,0,0,4,0.0,0.0,,0.0,False
48113015405,Census Tract 154.05,4239056,0.0,0.0,0.0,,0,0,0,0,0,0,0,0.0,0.0,,0.0,False
48113014139,Census Tract 141.39,387693,0.0,0.0,0.0,,0,0,2,0,0,0,2,0.0,0.0,,0.0,False
48113014903,Census Tract 149.03,2465839,0.0,0.0,0.0,,0,0,11,0,0,0,11,0.0,0.0,,0.0,False
48113014208,Census Tract 142.08,702736,0.0,0.0,0.0,,0,0,66,0,0,0,66,0.0,0.0,,0.0,False
48113016633,Census Tract 166.33,5142529,0.0,0.0,0.0,,0,0,13,0,0,0,13,0.0,0.0,,0.0,False
48113011603,Census Tract 116.03,4950867,0.0,0.0,0.0,,0,0,5,0,0,0,5,0.0,0.0,,0.0,False
48113014207,Census Tract 142.07,1080193,0.0,0.0,0.0,,0,0,0,0,0,0,0,0.0,0.0,,0.0,False
48113017005,Census Tract 170.05,11207050,0.0,0.0,0.0,,0,0,25,0,0,0,25,0.0,0.0,,0.0,False
48113017009,Census Tract 170.09,2434891,0.0,0.0,0.0,,0,0,1,0,0,0,1,0.0,0.0,,0.0,False
48113017007,Census Tract 170.07,7385032,0.0,0.0,0.0,,0,0,10,0,0,0,10,0.0,0.0,,0.0,False
48113017706,Census Tract 177.06,4036540,0.0,0.0,0.0,,0,0,53,0,0,0,53,0.0,0.0,,0.0,False
48113017817,Census Tract 178.17,1327733,0.0,0.0,0.0,,0,0,1,0,0,0,1,0.0,0.0,,0.0,False
48113018158,Census Tract 181.58,21339650,1.0,96.0,96.0,2014.0,0,0,62,0,0,0,62,0.0,0.0,,0.0,False
48113017313,Census Tract 173.13,14604526,0.0,0.0,0.0,,0,0,145,0,0,0,145,0.0,0.0,,0.0,False
48113018154,Census Tract 181.54,3707299,0.0,0.0,0.0,,0,0,15,0,0,0,15,0.0,0.0,,0.0,False
48113018157,Census Tract 181.57,4267514,0.0,0.0,0.0,,0,0,42,0,0,0,42,0.0,0.0,,0.0,False
48113018300,Census Tract 183,3834449,0.0,0.0,0.0,,0,0,7,0,0,0,7,0.0,0.0,,0.0,False
48113018401,Census Tract 184.01,2477790,0.0,0.0,0.0,,0,0,13,0,0,0,13,0.0,0.0,,0.0,False
48113018402,Census Tract 184.02,2466925,0.0,0.0,0.0,,0,0,7,0,0,0,7,0.0,0.0,,0.0,False
48113018403,Census Tract 184.03,836038,0.0,0.0,0.0,,0,0,0,0,0,0,0,0.0,0.0,,0.0,False
48113018600,Census Tract 186,2550587,0.0,0.0,0.0,,0,0,0,0,0,0,0,0.0,0.0,,0.0,False
48113018700,Census Tract 187,2673759,0.0,0.0,0.0,,0,0,35,0,0,0,35,0.0,0.0,,0.0,False
48113018143,Census Tract 181.43,14300636,0.0,0.0,0.0,,0,0,58,0,0,0,58,0.0,0.0,,0.0,False
48113019101,Census Tract 191.01,1368187,0.0,0.0,0.0,,0,0,0,0,0,0,0,0.0,0.0,,0.0,False
48113016416,Census Tract 164.16,8428750,0.0,0.0,0.0,,0,0,24,0,0,0,24,0.0,0.0,,0.0,False
48113016525,Census Tract 165.25,12218189,0.0,0.0,0.0,,0,0,2,0,0,0,2,0.0,0.0,,0.0,False
48113017818,Census Tract 178.18,1489427,0.0,0.0,0.0,,0,0,46,0,0,0,46,0.0,0.0,,0.0,False
48113017705,Census Tract 177.05,1219624,1.0,352.0,299.0,2006.0,0,0,51,0,88,0,139,0.0,0.0,,0.0,False
48113016710,Census Tract 167.10,2818712,0.0,0.0,0.0,,0,0,34,0,0,0,34,0.0,0.0,,0.0,False
48113008401,Census Tract 84.01,2035917,0.0,0.0,0.0,,0,0,0,0,0,2,2,0.0,0.0,,0.0,False
48113018148,Census Tract 181.48,2309042,0.0,0.0,0.0,,0,0,24,0,0,0,24,0.0,0.0,,0.0,False
48113018156,Census Tract 181.56,2758051,0.0,0.0,0.0,,0,0,90,0,0,0,90,0.0,0.0,,0.0,False
48113016629,Census Tract 166.29,1867617,0.0,0.0,0.0,,0,0,49,0,0,0,49,0.0,0.0,,0.0,False
48113018153,Census Tract 181.53,3262686,0.0,0.0,0.0,,0,0,20,0,0,0,20,0.0,0.0,,0.0,False
48113011202,Census Tract 112.02,3880488,0.0,0.0,0.0,,0,0,13,0,0,0,13,0.0,0.0,,0.0,False
48113009001,Census Tract 90.01,2604843,2.0,477.0,476.0,2005.0,0,0,117,0,0,0,117,0.0,0.0,,0.0,False
48113016630,Census Tract 166.30,4671967,0.0,0.0,0.0,,0,0,34,0,0,0,34,0.0,0.0,,0.0,False
48113007834,Census Tract 78.34,492254,0.0,0.0,0.0,,0,0,26,0,0,226,252,0.0,0.0,,0.0,False
48113007835,Census Tract 78.35,569039,0.0,0.0,0.0,,0,0,32,0,0,0,32,0.0,0.0,,0.0,False
48113017819,Census Tract 178.19,797950,0.0,0.0,0.0,,0,0,18,0,0,0,18,0.0,0.0,,0.0,False
48113018159,Census Tract 181.59,25125010,0.0,0.0,0.0,,0,0,1,0,0,0,1,0.0,0.0,,0.0,False
48113009203,Census Tract 92.03,1447669,0.0,0.0,0.0,,0,0,4,0,0,0,4,0.0,0.0,,0.0,False
48113009002,Census Tract 90.02,1697201,0.0,0.0,0.0,,0,0,10,0,118,0,128,0.0,0.0,,0.0,False
48113019102,Census Tract 191.02,3011501,0.0,0.0,0.0,,0,0,50,0,0,0,50,0.0,0.0,,0.0,False
48113007833,Census Tract 78.33,367560,0.0,0.0,0.0,,0,0,12,0,0,0,12,0.0,0.0,,1.0,True
48113017312,Census Tract 173.12,1871489,0.0,0.0,0.0,,0,0,10,0,0,0,10,0.0,0.0,,0.0,False
48113012102,Census Tract 121.02,2075292,0.0,0.0,0.0,,0,0,22,0,0,2,24,0.0,0.0,,0.0,False
48113016805,Census Tract 168.05,2261097,0.0,0.0,0.0,,0,0,18,0,0,0,18,0.0,0.0,,0.0,False
48113016529,Census Tract 165.29,3477896,0.0,0.0,0.0,,0,0,35,0,0,0,35,0.0,0.0,,0.0,False
48113011604,Census Tract 116.04,5048643,1.0,55.0,55.0,2010.0,0,0,7,0,0,0,7,0.0,0.0,,0.0,False
48113018145,Census Tract 181.45,3683100,0.0,0.0,0.0,,0,0,19,0,0,0,19,0.0,0.0,,0.0,False
48113018149,Census Tract 181.49,1792342,0.0,0.0,0.0,,0,0,54,0,0,0,54,0.0,0.0,,0.0,False
48113017010,Census Tract 170.10,4711938,0.0,0.0,0.0,,0,0,14,0,0,0,14,0.0,0.0,,0.0,False
48113017309,Census Tract 173.09,1527313,0.0,0.0,0.0,,0,0,205,0,0,0,205,0.0,0.0,,0.0,False
48113018801,Census Tract 188.01,3409121,0.0,0.0,0.0,,0,0,13,0,0,0,13,0.0,0.0,,0.0,False
48113018802,Census Tract 188.02,1724648,1.0,204.0,204.0,2006.0,0,0,145,0,0,0,145,0.0,0.0,,0.0,False
48113018900,Census Tract 189,3547078,0.0,0.0,0.0,,39,0,24,0,0,0,63,0.0,0.0,,0.0,False
48113019013,Census Tract 190.13,1376142,1.0,183.0,183.0,2001.0,0,0,83,0,98,0,181,0.0,0.0,,0.0,False
48113019016,Census Tract 190.16,1139087,0.0,0.0,0.0,,0,0,10,0,0,0,10,0.0,0.0,,0.0,False
48113019020,Census Tract 190.20,2469707,0.0,0.0,0.0,,0,0,27,0,0,0,27,0.0,0.0,,0.0,False
48113019023,Census Tract 190.23,2742350,0.0,0.0,0.0,,0,0,17,0,0,0,17,0.0,0.0,,0.0,False
48113019024,Census Tract 190.24,2520606,0.0,0.0,0.0,,0,0,50,0,0,0,50,0.0,0.0,,0.0,False
48113019025,Census Tract 190.25,2001966,0.0,0.0,0.0,,0,0,19,0,0,0,19,0.0,0.0,,0.0,False
48113019026,Census Tract 190.26,2727453,1.0,122.0,92.0,2022.0,0,0,9,0,0,0,9,0.0,0.0,,0.0,False
48113019027,Census Tract 190.27,5156627,0.0,0.0,0.0,,0,0,29,0,0,0,29,0.0,0.0,,0.0,False
48113019028,Census Tract 190.28,1466991,0.0,0.0,0.0,,0,0,27,0,0,0,27,0.0,0.0,,0.0,False
48113021100,Census Tract 211,11000161,0.0,0.0,0.0,,0,0,73,0,0,0,73,0.0,0.0,,0.0,False
48113016632,Census Tract 166.32,2566486,0.0,0.0,0.0,,0,0,21,0,0,0,21,0.0,0.0,,0.0,False
48113016628,Census Tract 166.28,2628166,0.0,0.0,0.0,,0,0,43,0,0,0,43,0.0,0.0,,0.0,False
48113011901,Census Tract 119.01,2087006,0.0,0.0,0.0,,0,0,21,0,0,1,22,0.0,0.0,,0.0,False
48113011902,Census Tract 119.02,2597923,0.0,0.0,0.0,,0,0,17,0,0,3,20,0.0,0.0,,0.0,False
48113009204,Census Tract 92.04,1595424,0.0,0.0,0.0,,0,0,6,0,0,11,17,0.0,0.0,,0.0,False
48113011802,Census Tract 118.02,2422254,0.0,0.0,0.0,,0,0,11,0,0,0,11,0.0,0.0,,0.0,False
48113017307,Census Tract 173.07,2949874,0.0,0.0,0.0,,0,0,164,0,0,0,164,0.0,0.0,,0.0,False
48113016627,Census Tract 166.27,2628337,0.0,0.0,0.0,,0,0,8,0,0,0,8,0.0,0.0,,0.0,False
48113011801,Census Tract 118.01,2615291,1.0,144.0,144.0,2005.0,0,0,131,0,99,5,235,0.0,0.0,,0.0,False
48113001601,Census Tract 16.01,639913,3.0,507.0,320.0,2003.0,0,0,341,0,0,332,673,0.0,0.0,,0.0,False
48113007828,Census Tract 78.28,1117489,0.0,0.0,0.0,,0,0,0,0,0,0,0,0.0,0.0,,0.5602102615703132,True
48113013013,Census Tract 130.13,2765662,0.0,0.0,0.0,,0,0,0,0,0,0,0,0.0,0.0,,0.0,False
48113002703,Census Tract 27.03,2989504,1.0,76.0,60.0,2006.0,0,0,43,0,0,248,291,0.0,2.0,Frazier Revitalization Inc; Fair Park First,0.026036572093734008,True
48113020900,Census Tract 209,5331818,1.0,30.0,30.0,2002.0,0,0,39,0,0,0,39,0.0,0.0,,0.34999673141113574,True
48113018147,Census Tract 181.47,2821179,0.0,0.0,0.0,,0,0,6,0,0,0,6,0.0,0.0,,0.0,False
48113021000,Census Tract 210,4383139,2.0,210.0,190.0,2010.0,0,0,65,0,0,0,65,0.0,0.0,,0.20182699995993622,True
48113017308,Census Tract 173.08,2965961,0.0,0.0,0.0,,0,0,134,0,0,0,134,0.0,0.0,,0.0,False
48113017203,Census Tract 172.03,3345284,0.0,0.0,0.0,,0,0,14,0,0,0,14,0.0,0.0,,0.0,False
48113017311,Census Tract 173.11,1599711,0.0,0.0,0.0,,0,0,27,0,0,0,27,0.0,0.0,,0.0,False
48113017314,Census Tract 173.14,15763338,1.0,220.0,220.0,2020.0,0,0,294,0,0,0,294,0.0,0.0,,0.0,False
48113017006,Census Tract 170.06,64872841,0.0,0.0,0.0,,0,0,1,0,30,0,31,0.0,0.0,,0.0,False
48113012101,Census Tract 121.01,834156,2.0,322.0,304.0,2006.0,0,0,183,0,0,0,183,0.0,0.0,,0.0,False
48113017820,Census Tract 178.20,1645815,0.0,0.0,0.0,,0,0,16,0,0,0,16,0.0,0.0,,0.0,False
48113016806,Census Tract 168.06,3565590,0.0,0.0,0.0,,0,0,39,0,0,0,39,0.0,0.0,,0.0,False
48113016631,Census Tract 166.31,5139731,0.0,0.0,0.0,,0,0,9,0,0,0,9,0.0,0.0,,0.0,False
48113020402,Census Tract 204.02,5306753,1.0,164.0,164.0,2014.0,0,0,30,0,0,0,30,0.0,0.0,,0.0,False
48113017204,Census Tract 172.04,2888347,1.0,160.0,128.0,2006.0,0,0,169,0,0,0,169,0.0,0.0,,0.0,False
48113017315,Census Tract 173.15,3858888,0.0,0.0,0.0,,0,0,112,0,0,0,112,0.0,0.0,,0.0,False
48113017310,Census Tract 173.10,2820234,0.0,0.0,0.0,,0,0,137,0,0,0,137,0.0,0.0,,0.0,False
48113017008,Census Tract 170.08,17911931,1.0,100.0,78.0,2006.0,0,0,32,0,0,0,32,0.0,0.0,,0.0,False
48113018155,Census Tract 181.55,12569116,0.0,0.0,0.0,,0,0,7,0,0,0,7,0.0,0.0,,0.0,False
48113017815,Census Tract 178.15,2443698,1.0,209.0,213.0,2014.0,0,0,62,0,0,0,62,0.0,0.0,,0.0,False
48113016709,Census Tract 167.09,29486990,1.0,144.0,142.0,2004.0,0,0,174,0,0,0,174,0.0,0.0,,0.0,False
48113019029,Census Tract 190.29,2162755,0.0,0.0,0.0,,0,0,54,0,0,0,54,0.0,0.0,,0.0,False
48113019031,Census Tract 190.31,3523347,0.0,0.0,0.0,,0,0,16,0,0,0,16,0.0,0.0,,0.0,False
48113019034,Census Tract 190.34,1773268,0.0,0.0,0.0,,0,0,63,0,0,0,63,0.0,0.0,,0.3114241539406707,True
48113019035,Census Tract 190.35,1056295,0.0,0.0,0.0,,0,0,2,0,0,0,2,0.0,0.0,,0.9736406952285309,True
48113019036,Census Tract 190.36,2687672,0.0,0.0,0.0,,0,0,6,0,0,0,6,0.0,0.0,,0.0,False
48113019037,Census Tract 190.37,1777535,0.0,0.0,0.0,,48,0,14,0,0,0,62,0.0,0.0,,0.0,False
48113019202,Census Tract 192.02,2010839,0.0,0.0,0.0,,0,0,11,0,0,0,11,0.0,0.0,,0.0,False
48113019203,Census Tract 192.03,2958019,0.0,0.0,0.0,,0,0,6,0,0,0,6,0.0,0.0,,0.0,False
48113017101,Census Tract 171.01,9969443,0.0,0.0,0.0,,0,0,26,0,0,2,28,0.0,0.0,,0.0,False
48113017201,Census Tract 172.01,5833533,2.0,344.0,312.0,2021.0,0,0,105,0,24,0,129,0.0,0.0,,0.0,False
48113019205,Census Tract 192.05,3047487,0.0,0.0,0.0,,0,0,0,0,0,0,0,0.0,0.0,,0.0,False
48113019208,Census Tract 192.08,1252224,0.0,0.0,0.0,,0,18,9,0,0,0,27,0.0,0.0,,0.0,False
48113017400,Census Tract 174,2945005,0.0,0.0,0.0,,0,0,23,0,0,0,23,0.0,0.0,,0.0,False
48113017704,Census Tract 177.04,3123218,0.0,0.0,0.0,,0,0,76,0,0,0,76,0.0,0.0,,0.0,False
48113017500,Census Tract 175,4562289,0.0,0.0,0.0,,0,0,21,0,0,0,21,0.0,0.0,,0.0,False
48113017805,Census Tract 178.05,8580495,0.0,0.0,0.0,,0,0,141,0,0,0,141,0.0,0.0,,0.0,False
48113017806,Census Tract 178.06,2670197,0.0,0.0,0.0,,0,0,25,0,0,0,25,0.0,0.0,,0.0,False
48113017602,Census Tract 176.02,3196306,0.0,0.0,0.0,,0,0,18,0,0,0,18,0.0,0.0,,0.0,False
48113019210,Census Tract 192.10,3109154,0.0,0.0,0.0,,0,0,0,0,0,0,0,0.0,0.0,,0.0,False
48113019211,Census Tract 192.11,3358304,1.0,50.0,50.0,2022.0,0,0,9,0,50,0,59,0.0,0.0,,0.0,False
48113019301,Census Tract 193.01,1199676,0.0,0.0,0.0,,0,0,0,0,0,0,0,0.0,0.0,,0.0,False
48113019400,Census Tract 194,1530240,0.0,0.0,0.0,,0,0,0,0,0,0,0,0.0,0.0,,0.0,False
48113019501,Census Tract 195.01,2896843,0.0,0.0,0.0,,0,0,0,0,0,0,0,0.0,0.0,,0.0,False
48113017811,Census Tract 178.11,2351598,0.0,0.0,0.0,,0,0,11,0,0,0,11,0.0,0.0,,0.0,False
48113017812,Census Tract 178.12,1909986,0.0,0.0,0.0,,0,0,9,0,0,0,9,0.0,0.0,,0.0,False
48113017808,Census Tract 178.08,2774002,1.0,140.0,98.0,2018.0,0,0,33,0,0,0,33,0.0,0.0,,0.0,False
48113017814,Census Tract 178.14,3522572,0.0,0.0,0.0,,0,0,10,0,0,0,10,0.0,0.0,,0.0,False
48113017900,Census Tract 179,3421236,0.0,0.0,0.0,,0,0,21,0,0,0,21,0.0,0.0,,0.0,False
48113019502,Census Tract 195.02,2074305,0.0,0.0,0.0,,0,0,1,0,0,0,1,0.0,0.0,,0.0,False
48113019600,Census Tract 196,1015403,0.0,0.0,0.0,,0,0,0,0,0,0,0,0.0,0.0,,0.0,False
48113019700,Census Tract 197,2137907,0.0,0.0,0.0,,0,0,0,0,0,0,0,0.0,0.0,,0.0,False
48113019800,Census Tract 198,2656286,0.0,0.0,0.0,,0,0,0,0,0,0,0,0.0,0.0,,0.0,False
48113019900,Census Tract 199,1521668,1.0,160.0,160.0,2011.0,0,0,2,0,0,0,2,0.0,0.0,,0.0,False
48113013607,Census Tract 136.07,2115640,0.0,0.0,0.0,,0,0,5,0,0,0,5,0.0,0.0,,0.0,False
48113010101,Census Tract 101.01,2711800,1.0,151.0,120.0,2005.0,0,0,14,0,0,0,14,0.0,0.0,,0.6488227784454371,True
48113010102,Census Tract 101.02,1798141,0.0,0.0,0.0,,0,0,1,0,0,0,1,0.0,0.0,,0.6615693278637692,True
48113010500,Census Tract 105,4948641,0.0,0.0,0.0,,0,0,2,0,0,0,2,0.0,0.0,,0.0,False
48113010601,Census Tract 106.01,6861821,0.0,0.0,0.0,,0,0,0,0,0,0,0,0.0,0.0,,0.0,False
48113010602,Census Tract 106.02,2781515,0.0,0.0,0.0,,0,0,0,0,280,0,280,0.0,0.0,,0.0,False
48113020100,Census Tract 201,12882670,0.0,0.0,0.0,,0,0,2,0,1,0,3,0.0,0.0,,0.0,False
48113020200,Census Tract 202,25308116,0.0,0.0,0.0,,0,0,60,0,0,0,60,0.0,0.0,,0.0,False
48113014128,Census Tract 141.28,1125073,0.0,0.0,0.0,,0,0,0,0,0,0,0,0.0,0.0,,0.0,False
48113016522,Census Tract 165.22,18437888,0.0,0.0,0.0,,0,0,35,0,0,0,35,0.0,0.0,,0.0,False
48113017606,Census Tract 176.06,4135384,0.0,0.0,0.0,,0,0,38,0,0,0,38,0.0,0.0,,0.0,False
48113000606,Census Tract 6.06,1058450,0.0,0.0,0.0,,0,0,1,0,0,0,1,0.0,0.0,,0.0,False
48113016803,Census Tract 168.03,4669681,0.0,0.0,0.0,,0,0,56,0,0,0,56,0.0,0.0,,0.0,False
48113007812,Census Tract 78.12,2843536,0.0,0.0,0.0,,0,0,0,0,0,0,0,0.0,0.0,,0.010669565533427612,True
48113009803,Census Tract 98.03,1452589,0.0,0.0,0.0,,0,0,0,0,0,0,0,0.0,0.0,,0.0,False
48113013717,Census Tract 137.17,1377396,0.0,0.0,0.0,,0,0,0,0,0,0,0,0.0,0.0,,0.0,False
48113006100,Census Tract 61,2576417,0.0,0.0,0.0,,0,0,44,0,0,0,44,0.0,0.0,,0.0,False
48113017604,Census Tract 176.04,1471238,0.0,0.0,0.0,,0,0,18,0,0,0,18,0.0,0.0,,0.0,False
48113007809,Census Tract 78.09,2086128,1.0,386.0,386.0,1996.0,0,0,116,0,0,0,116,0.0,0.0,,0.7537759673840169,True
48113019033,Census Tract 190.33,1394493,0.0,0.0,0.0,,0,0,16,0,0,0,16,0.0,0.0,,0.0,False
48113013618,Census Tract 136.18,1418344,0.0,0.0,0.0,,1,0,0,0,0,0,1,0.0,0.0,,0.0,False
48113009900,Census Tract 99,23364131,1.0,87.0,85.0,2022.0,0,0,52,0,0,0,52,0.0,0.0,,0.0,False
48113009804,Census Tract 98.04,1035607,3.0,554.0,554.0,1995.0,0,0,7,0,0,0,7,0.0,0.0,,0.0,False
48113016516,Census Tract 165.16,2577418,0.0,0.0,0.0,,0,0,103,0,0,0,103,0.0,0.0,,0.0,False
48113018132,Census Tract 181.32,4145349,0.0,0.0,0.0,,0,0,17,0,0,0,17,0.0,0.0,,0.0,False
48113009103,Census Tract 91.03,1232156,0.0,0.0,0.0,,0,0,4,0,1,1,6,0.0,0.0,,0.0,False
48113001504,Census Tract 15.04,613173,1.0,61.0,61.0,1994.0,0,0,85,61,0,0,146,0.0,0.0,,0.0,False
48113014308,Census Tract 143.08,1076275,0.0,0.0,0.0,,0,0,5,0,1,0,6,0.0,0.0,,0.0,False
48113006800,Census Tract 68,1625197,0.0,0.0,0.0,,0,0,4,0,0,0,4,0.0,0.0,,0.0,False
48113006900,Census Tract 69,1583676,1.0,112.0,112.0,1991.0,0,0,68,0,0,179,247,0.0,0.0,,0.0,False
48113009701,Census Tract 97.01,2545829,0.0,0.0,0.0,,0,0,1,0,0,3,4,0.0,0.0,,0.0,False
48113014603,Census Tract 146.03,1163570,0.0,0.0,0.0,,0,0,2,0,0,0,2,0.0,0.0,,0.0,False
48113016618,Census Tract 166.18,4235352,0.0,0.0,0.0,,0,0,27,0,0,0,27,0.0,0.0,,0.0,False
48113016619,Census Tract 166.19,2392381,1.0,180.0,180.0,2003.0,0,0,126,0,0,0,126,0.0,0.0,,0.0,False
48113018130,Census Tract 181.30,2952050,1.0,200.0,200.0,2004.0,0,0,146,0,0,0,146,0.0,0.0,,0.0,False
48113019032,Census Tract 190.32,1269531,0.0,0.0,0.0,,0,0,2,0,0,0,2,0.0,0.0,,0.0,False
48113000100,Census Tract 1,3077392,0.0,0.0,0.0,,0,0,0,0,0,0,0,0.0,0.0,,0.0,False
48113000201,Census Tract 2.01,1762502,0.0,0.0,0.0,,0,0,0,0,0,0,0,0.0,0.0,,0.0,False
48113000202,Census Tract 2.02,1571509,0.0,0.0,0.0,,0,0,0,0,0,0,0,0.0,0.0,,0.0,False
48113000300,Census Tract 3,1809162,0.0,0.0,0.0,,0,0,0,0,0,0,0,1.0,0.0,,0.0,False
48113000401,Census Tract 4.01,2020908,0.0,0.0,0.0,,0,0,64,0,0,0,64,0.0,0.0,,0.0,False
48113000405,Census Tract 4.05,438318,0.0,0.0,0.0,,0,0,42,0,0,180,222,0.0,0.0,,0.0,False
48113001001,Census Tract 10.01,646816,0.0,0.0,0.0,,0,0,0,0,0,0,0,0.0,0.0,,0.0,False
48113001002,Census Tract 10.02,809000,0.0,0.0,0.0,,0,0,2,0,0,0,2,0.0,0.0,,0.0,False
48113001102,Census Tract 11.02,878249,0.0,0.0,0.0,,0,0,0,0,17,0,17,0.0,0.0,,0.0,False
48113001204,Census Tract 12.04,560060,0.0,0.0,0.0,,0,0,0,0,0,0,0,0.0,2.0,Texas Tenants Union; East Dallas Community Organization,0.0,False
48113001301,Census Tract 13.01,1052565,0.0,0.0,0.0,,56,0,14,0,127,0,197,0.0,0.0,,0.0,False
48113001302,Census Tract 13.02,672362,0.0,0.0,0.0,,0,0,44,0,0,0,44,0.0,0.0,,0.0,False
48113001400,Census Tract 14,1027418,2.0,68.0,23.0,1991.0,0,0,136,0,0,0,136,0.0,0.0,,0.0,False
48113001101,Census Tract 11.01,1293440,0.0,0.0,0.0,,0,0,2,0,0,0,2,0.0,0.0,,0.0,False
48113001502,Census Tract 15.02,1050376,0.0,0.0,0.0,,0,0,22,0,0,0,22,1.0,0.0,,0.0,False
48113001503,Census Tract 15.03,623787,0.0,0.0,0.0,,0,0,188,0,23,0,211,0.0,0.0,,0.0,False
48113012209,Census Tract 122.09,1765091,0.0,0.0,0.0,,0,0,1,0,0,0,1,0.0,0.0,,0.0,False
48113016620,Census Tract 166.20,5270798,0.0,0.0,0.0,,0,0,37,0,0,0,37,0.0,0.0,,0.0,False
48113016409,Census Tract 164.09,6068070,0.0,0.0,0.0,,0,0,3,0,0,0,3,0.0,0.0,,0.0,False
48113009303,Census Tract 93.03,5111341,0.0,0.0,0.0,,0,0,5,0,0,0,5,0.0,0.0,,0.0,False
48113016902,Census Tract 169.02,25249682,1.0,336.0,336.0,2017.0,0,0,198,0,0,0,198,0.0,0.0,,0.0,False
48113011601,Census Tract 116.01,10003155,1.0,240.0,240.0,2004.0,0,0,92,0,0,0,92,0.0,0.0,,0.0,False
48113019302,Census Tract 193.02,1862188,0.0,0.0,0.0,,0,0,2,0,0,0,2,0.0,0.0,,0.0,False
48113014601,Census Tract 146.01,1169672,1.0,168.0,168.0,2011.0,0,0,24,0,0,0,24,0.0,0.0,,0.0,False
48113004600,Census Tract 46,712964,0.0,0.0,0.0,,0,0,31,0,0,0,31,0.0,0.0,,0.0,False
48113007102,Census Tract 71.02,2501305,1.0,60.0,60.0,1991.0,0,0,10,0,0,0,10,0.0,0.0,,0.0,False
48113007301,Census Tract 73.01,1881952,0.0,0.0,0.0,,0,0,0,0,0,0,0,0.0,0.0,,0.0,False
48113007302,Census Tract 73.02,3669423,0.0,0.0,0.0,,0,0,0,0,0,0,0,0.0,0.0,,0.0,False
48113003700,Census Tract 37,1634059,0.0,0.0,0.0,,0,0,34,0,0,0,34,0.0,3.0,Dallas Community Land Trust; Southfair Community Development Corporation; Innercity Community Development Corporation,0.9942714286737526,True
48113007810,Census Tract 78.10,2302844,0.0,0.0,0.0,,0,0,18,0,0,0,18,0.0,0.0,,0.22267658209795058,True
48113007903,Census Tract 79.03,1227090,0.0,0.0,0.0,,0,0,0,0,0,0,0,0.0,0.0,,0.9388905309421127,True
48113007906,Census Tract 79.06,1247282,0.0,0.0,0.0,,0,0,0,0,0,0,0,0.0,0.0,,0.0,False
48113016802,Census Tract 168.02,37156351,1.0,280.0,280.0,2004.0,0,0,6,0,0,0,6,0.0,0.0,,0.0,False
48113016704,Census Tract 167.04,2591897,0.0,0.0,0.0,,0,0,91,0,0,0,91,0.0,0.0,,0.0,False
48113018105,Census Tract 181.05,3222184,1.0,120.0,104.0,2020.0,0,0,67,0,0,0,67,0.0,0.0,,0.0,False
48113018001,Census Tract 180.01,2656321,1.0,155.0,113.0,2016.0,0,0,64,0,0,0,64,0.0,0.0,,0.0,False
48113018110,Census Tract 181.10,5389039,0.0,0.0,0.0,,0,0,6,0,0,0,6,0.0,0.0,,0.0,False
48113018203,Census Tract 182.03,4566368,0.0,0.0,0.0,,0,0,22,0,0,0,22,0.0,0.0,,0.0,False
48113018204,Census Tract 182.04,1757605,0.0,0.0,0.0,,0,0,9,0,0,0,9,0.0,0.0,,0.0,False
48113018206,Census Tract 182.06,1770923,0.0,0.0,0.0,,55,0,7,0,0,0,62,0.0,0.0,,0.0,False
48113017703,Census Tract 177.03,2179236,0.0,0.0,0.0,,0,0,177,0,0,0,177,0.0,0.0,,0.0,False
48113008705,Census Tract 87.05,2014291,0.0,0.0,0.0,,0,0,10,0,0,0,10,0.0,0.0,,0.0,False
48113010701,Census Tract 107.01,10134189,2.0,330.0,330.0,2013.0,0,0,77,0,0,0,77,0.0,0.0,,0.0,False
48113013901,Census Tract 139.01,1765650,0.0,0.0,0.0,,0,0,0,0,0,0,0,0.0,0.0,,0.0,False
48113004202,Census Tract 42.02,1274207,0.0,0.0,0.0,,0,0,2,0,85,0,87,0.0,0.0,,0.0,False
48113004300,Census Tract 43,4585068,0.0,0.0,0.0,,0,0,0,0,0,0,0,1.0,0.0,,0.6073413597596107,True
48113004400,Census Tract 44,2107023,0.0,0.0,0.0,,0,0,0,0,0,0,0,0.0,0.0,,0.0,False
48113004500,Census Tract 45,1972793,1.0,100.0,100.0,1991.0,0,0,15,0,0,0,15,0.0,0.0,,0.0,False
