GEOID,NAMELSAD,population,median_income,pct_black,pct_hispanic,pct_renter,rent_burden_pct,pct_nonwhite,tif_present,tif_district_name,oz_designated,holc_grade,holc_score,cip_project_count,cip_budget_total,cip_per_capita,tool_density,south_of_i30,redline_legacy,demo_vuln,public_invest_conc,dpi,risk_tier
48113016638,Census Tract 166.38,1868,72976,52.4,24.9,73.3,31.4,77.3,0,,0,,,0.0,0.0,0.0,0,1,0.5,0.4807530875921264,0.0,29.326358065724424,Moderate
48113013630,Census Tract 136.30,2396,60769,31.5,38.6,90.5,14.1,70.1,0,,0,,,0.0,0.0,0.0,0,0,0.5,0.39285674831935186,0.0,26.24998619117731,Moderate
48113012211,Census Tract 122.11,4753,39439,32.8,52.7,80.3,37.7,85.5,0,,0,,,0.0,0.0,0.0,0,0,0.5,0.5406631449206232,0.0,31.423210072221806,Moderate
48113012400,Census Tract 124,4933,77606,2.0,31.5,20.3,11.4,33.5,0,,0,,,0.0,0.0,0.0,0,0,0.5,0.20175169911280685,0.0,19.56130946894824,Low
48113016513,Census Tract 165.13,6240,149831,37.0,26.3,8.3,27.4,63.3,0,,0,,,0.0,0.0,0.0,0,1,0.5,0.3987300397350843,0.0,26.455551390727948,Moderate
48113016517,Census Tract 165.17,4650,71105,37.8,42.4,46.3,38.1,80.19999999999999,0,,0,,,0.0,0.0,0.0,0,1,0.5,0.5153536486817175,0.0,30.537377703860113,Moderate
48113016518,Census Tract 165.18,6113,57987,33.0,50.5,56.0,36.4,83.5,0,,0,,,0.0,0.0,0.0,0,1,0.5,0.5267575826064937,0.0,30.93651539122728,Moderate
48113016519,Census Tract 165.19,2358,100993,11.7,49.4,17.3,53.5,61.099999999999994,0,,0,,,0.0,0.0,0.0,0,1,0.5,0.46604468564286156,0.0,28.811563997500155,Moderate
48113016607,Census Tract 166.07,3667,27913,78.7,14.5,100.0,45.5,93.2,0,,0,,,0.0,0.0,0.0,0,1,0.5,0.6025666014244325,0.0,33.589831049855135,Moderate
48113016610,Census Tract 166.10,3616,45917,80.1,9.5,52.9,26.7,89.6,0,,0,,,0.0,0.0,0.0,0,1,0.5,0.528161202249126,0.0,30.985642078719412,Moderate
48113013609,Census Tract 136.09,3486,89375,4.3,41.6,52.6,41.5,45.9,0,,0,,,0.0,0.0,0.0,0,0,0.5,0.35404816973632475,0.0,24.891685940771367,Low
48113013610,Census Tract 136.10,3705,80053,4.9,38.9,33.5,31.7,43.8,0,,0,,,0.0,0.0,0.0,0,0,0.5,0.3141509652879915,0.0,23.4952837850797,Low
48113013611,Census Tract 136.11,2693,137327,4.1,11.2,32.6,8.4,15.299999999999999,0,,0,,,0.0,0.0,0.0,0,0,0.5,0.10173378952890977,0.0,16.060682633511842,Low
48113015306,Census Tract 153.06,6443,93884,11.2,46.1,26.3,31.9,57.3,0,,0,,,0.0,0.0,0.0,0,0,0.5,0.3822468175433978,0.0,25.87863861401892,Moderate
48113015403,Census Tract 154.03,3768,54110,41.7,43.0,69.8,47.5,84.7,0,,0,,,0.0,0.0,0.0,0,0,0.5,0.5660587452704942,0.0,32.312056084467294,Moderate
48113015404,Census Tract 154.04,4124,52064,13.1,74.0,72.8,20.7,87.1,0,,0,,,0.0,0.0,0.0,0,0,0.5,0.49765935884040513,0.0,29.91807755941418,Moderate
48113015500,Census Tract 155,3661,71441,8.0,67.4,64.2,16.4,75.4,0,,0,,,0.0,0.0,0.0,0,0,0.5,0.42625354791950343,0.0,27.418874177182616,Moderate
48113015600,Census Tract 156,5569,74089,1.5,78.4,35.9,26.1,79.9,0,,0,,,0.0,0.0,0.0,0,0,0.5,0.47785275381729214,0.0,29.224846383605225,Moderate
48113007914,Census Tract 79.14,3338,70730,15.7,8.0,89.3,26.5,23.7,0,,0,,,0.0,0.0,0.0,0,0,0.5,0.1980537611395458,0.0,19.431881639884104,Low
48113013625,Census Tract 136.25,3014,62250,44.7,21.5,100.0,16.6,66.2,0,,0,,,0.0,0.0,0.0,0,0,0.5,0.38085630418590216,0.0,25.829970646506574,Moderate
48113018134,Census Tract 181.34,5066,93964,21.2,20.7,4.7,0.0,41.9,0,,0,,,0.0,0.0,0.0,0,0,0.5,0.20954679355239444,0.0,19.834137774333804,Low
48113017605,Census Tract 176.05,4040,61042,39.5,55.6,30.7,35.9,95.1,0,,0,,,0.0,0.0,0.0,0,0,0.5,0.5832566664500528,0.0,32.91398332575185,Moderate
48113011701,Census Tract 117.01,6259,58506,12.5,76.8,20.3,43.3,89.3,0,,0,,,0.0,0.0,0.0,0,1,0.5,0.5764574269648595,0.0,32.676009943770076,Moderate
48113011702,Census Tract 117.02,5639,57607,12.1,80.0,31.0,32.3,92.1,0,,0,,,0.0,0.0,0.0,0,1,0.5,0.5574576965637597,0.0,32.011019379731586,Moderate
48113012000,Census Tract 120,10690,36948,41.2,55.2,78.1,34.7,96.4,0,,0,,,0.0,0.0,0.0,0,0,0.5,0.5861638919404905,0.0,33.015736217917166,Moderate
48113012206,Census Tract 122.06,5125,103036,39.4,35.0,10.9,12.4,74.4,0,,0,,,0.0,0.0,0.0,0,0,0.5,0.4092440729726133,0.0,26.823542554041463,Moderate
48113012207,Census Tract 122.07,7094,55520,39.3,51.7,63.5,16.5,91.0,0,,0,,,0.0,0.0,0.0,0,0,0.5,0.50455832242906,0.0,30.1595412850171,Moderate
48113012208,Census Tract 122.08,2587,32721,34.7,61.3,100.0,37.1,96.0,0,,0,,,0.0,0.0,0.0,0,0,0.5,0.5913651595651305,0.0,33.197780584779565,Moderate
48113010704,Census Tract 107.04,6716,42530,28.9,62.6,63.6,30.6,91.5,0,,0,,,0.0,0.0,0.0,0,1,0.5,0.5493622179682308,0.0,31.727677628888074,Moderate
48113980100,Census Tract 9801,0,-666666666,,,,,0.0,0,,0,A,1.0,0.0,0.0,0.0,0,0,0.0,0.2,0.0,6.999999999999999,Low
48113000605,Census Tract 6.05,2217,109707,4.8,15.0,48.3,17.0,19.8,1,Uptown TIF,0,D,4.0,0.0,0.0,0.0,1,0,1.0,0.15004207242282042,0.4,46.251472534798715,Moderate
48113016407,Census Tract 164.07,6320,70323,11.1,77.0,49.7,25.2,88.1,0,,0,,,0.0,0.0,0.0,0,1,0.5,0.5161538831937754,0.0,30.56538591178214,Moderate
48113007101,Census Tract 71.01,2313,181944,0.0,18.8,46.7,34.3,18.8,1,Mall Area Redevelopment TIF,0,A,1.0,0.0,0.0,0.0,1,0,0.0,0.19692040944644737,0.4,22.89221433062566,Low
48113018002,Census Tract 180.02,3524,75446,28.3,47.3,33.4,24.5,75.6,0,,0,,,0.0,0.0,0.0,0,0,0.5,0.4515523468698976,0.0,28.304332140446416,Moderate
48113009105,Census Tract 91.05,3480,61804,7.6,85.5,29.9,11.0,93.1,0,,0,,,1.0,4800000.0,1379.3103448275863,0,1,0.5,0.49855643793574583,0.024,30.909475327751107,Moderate
48113012210,Census Tract 122.10,4166,46376,40.4,40.6,80.5,32.9,81.0,0,,0,,,0.0,0.0,0.0,0,0,0.5,0.5037610646007442,0.0,30.131637261026047,Moderate
48113009610,Census Tract 96.10,5055,52348,0.0,85.1,100.0,16.1,85.1,0,,0,,,0.0,0.0,0.0,0,0,0.5,0.4738592736723432,0.0,29.085074578532012,Moderate
48113014121,Census Tract 141.21,5365,95758,13.2,24.2,80.8,15.6,37.4,0,,0,,,0.0,0.0,0.0,0,0,0.5,0.23384625555414407,0.0,20.68461894439504,Low
48113004201,Census Tract 42.01,4000,73234,7.6,45.8,47.3,9.8,53.4,1,TOD TIF (DART stations),0,,,0.0,0.0,0.0,1,1,0.5,0.29645301022114057,0.4,38.87585535773992,Moderate
48113017102,Census Tract 171.02,6659,60017,20.3,68.5,34.6,19.3,88.8,0,,0,,,0.0,0.0,0.0,0,1,0.5,0.5019569738347834,0.0,30.068494084217424,Moderate
48113011105,Census Tract 111.05,5349,43807,48.8,46.7,63.1,28.6,95.5,0,,0,,,0.0,0.0,0.0,0,1,0.5,0.5633618350118397,0.0,32.21766422541439,Moderate
48113005901,Census Tract 59.01,5361,50917,58.1,39.3,32.2,18.2,97.4,0,,0,,,0.0,0.0,0.0,0,1,0.5,0.541659702811416,0.0,31.458089598399557,Moderate
48113006001,Census Tract 60.01,3824,56585,3.7,78.9,24.3,45.1,82.60000000000001,0,,0,D,4.0,0.0,0.0,0.0,0,1,1.0,0.5483580030488276,0.0,44.192530106708965,Moderate
48113006002,Census Tract 60.02,6997,43573,65.2,14.9,91.8,19.3,80.10000000000001,0,,0,D,4.0,0.0,0.0,0.0,0,1,1.0,0.4584619051855245,0.0,41.046166681493354,Moderate
48113006200,Census Tract 62,5514,44949,42.7,47.4,54.9,32.5,90.1,0,,0,D,4.0,1.0,5500000.0,997.4610083424012,0,1,1.0,0.5480614925402666,0.027499999999999997,45.28215223890933,Moderate
48113006301,Census Tract 63.01,6308,69562,8.7,89.0,21.6,2.8,97.7,0,,0,D,4.0,0.0,0.0,0.0,0,1,1.0,0.4969541114081949,0.0,42.39339389928682,Moderate
48113006302,Census Tract 63.02,3947,83827,2.3,73.4,22.8,11.5,75.7,0,,0,C,3.0,0.0,0.0,0.0,0,1,0.67,0.413049833512408,0.0,31.206744172934275,Moderate
48113006501,Census Tract 65.01,5972,76477,1.3,92.8,22.1,4.8,94.1,0,,0,,,0.0,0.0,0.0,0,1,0.5,0.4849520376858418,0.0,29.473321319004462,Moderate
48113006502,Census Tract 65.02,3729,74450,0.2,92.9,12.9,6.1,93.10000000000001,0,,0,C,3.0,0.0,0.0,0.0,0,1,0.67,0.4838526455578895,0.0,33.68484259452613,Moderate
48113011300,Census Tract 113,5173,49643,77.6,18.5,25.2,30.7,96.1,0,,0,,,0.0,0.0,0.0,0,1,0.5,0.5726600848681443,0.0,32.54310297038505,Moderate
48113002100,Census Tract 21,3035,94451,23.0,14.9,96.6,15.7,37.9,1,"State-Thomas TIF, City Center TIF",0,D,4.0,0.0,0.0,0.0,1,0,1.0,0.2366466475071615,0.4,49.28263266275066,Moderate
48113001202,Census Tract 12.02,3490,73462,14.5,29.5,74.7,13.7,44.0,0,,0,B,2.0,0.0,0.0,0.0,0,0,0.33,0.261152941846781,0.0,17.390352964637334,Low
48113001203,Census Tract 12.03,1313,144375,0.0,47.7,11.0,0.0,47.7,0,,0,B,2.0,0.0,0.0,0.0,0,0,0.33,0.23853167592151361,0.0,16.598608657252978,Low
48113016903,Census Tract 169.03,7673,58558,26.6,50.6,36.5,21.3,77.2,0,,0,,,0.0,0.0,0.0,0,1,0.5,0.4499574113707073,0.0,28.248509397974754,Moderate
48113016617,Census Tract 166.17,5210,122218,69.1,12.6,14.4,5.3,81.69999999999999,0,,0,,,0.0,0.0,0.0,0,1,0.5,0.4244383205297821,0.0,27.35534121854237,Moderate
48113008703,Census Tract 87.03,3426,36506,28.6,68.4,31.5,37.1,97.0,0,,0,D,4.0,0.0,0.0,0.0,0,1,1.0,0.5963640244907839,0.0,45.87274085717743,Moderate
48113014002,Census Tract 140.02,2382,103672,12.3,14.4,65.0,11.0,26.700000000000003,0,,0,,,0.0,0.0,0.0,0,0,0.5,0.16654388224413652,0.0,18.32903587854478,Low
48113014124,Census Tract 141.24,4213,203269,6.2,9.6,10.5,48.8,15.8,0,,0,,,0.0,0.0,0.0,0,0,0.5,0.22541401434461375,0.0,20.38949050206148,Low
48113014209,Census Tract 142.09,3433,123475,13.0,26.6,97.3,1.2,39.6,0,,0,,,0.0,0.0,0.0,0,0,0.5,0.20163794357114184,0.0,19.557328024989964,Low
48113018508,Census Tract 185.08,1435,34797,28.0,34.3,72.2,32.7,62.3,0,,0,,,0.0,0.0,0.0,0,0,0.5,0.4096645369985933,0.0,26.838258794950764,Moderate
48113015304,Census Tract 153.04,4353,62553,0.6,89.6,8.6,4.8,90.19999999999999,0,,0,,,0.0,0.0,0.0,0,0,0.5,0.4654562133199769,0.0,28.79096746619919,Moderate
48113016406,Census Tract 164.06,4346,57338,17.8,62.6,47.2,23.2,80.4,0,,0,,,0.0,0.0,0.0,0,1,0.5,0.47165777723350855,0.0,29.0080222031728,Moderate
48113018205,Census Tract 182.05,4021,58459,5.1,70.3,60.4,23.4,75.39999999999999,0,,0,,,0.0,0.0,0.0,0,0,0.5,0.4472574410595739,0.0,28.154010437085088,Moderate
48113011500,Census Tract 115,4641,28040,41.9,57.0,72.6,27.8,98.9,0,,1,D,4.0,0.0,0.0,0.0,1,1,1.0,0.5779665633387148,0.3,57.22882971685501,High
48113005902,Census Tract 59.02,4992,37226,71.7,26.1,65.4,26.8,97.80000000000001,0,,0,D,4.0,1.0,60000000.0,12019.23076923077,0,1,1.0,0.5694638085717537,0.3,56.93123330001137,High
48113007601,Census Tract 76.01,1976,200583,0.0,10.0,21.2,5.7,10.0,0,,0,,,0.0,0.0,0.0,0,0,0.5,0.06711481984255165,0.0,14.849018694489308,Low
48113007604,Census Tract 76.04,2882,250001,0.0,6.8,0.8,100.0,6.8,0,,0,,,0.0,0.0,0.0,0,0,0.5,0.33399999999999996,0.0,24.189999999999998,Low
48113007605,Census Tract 76.05,1614,211023,0.0,5.6,4.1,16.1,5.6,0,,0,,,0.0,0.0,0.0,0,0,0.5,0.07631168901661294,0.0,15.170909115581452,Low
48113007801,Census Tract 78.01,2517,93972,2.4,1.8,41.1,27.7,4.2,0,,0,A,1.0,0.0,0.0,0.0,0,0,0.0,0.10414679115329412,0.0,3.645137690365294,Low
48113007805,Census Tract 78.05,2484,70270,16.0,28.5,49.8,26.3,44.5,0,,0,,,0.0,0.0,0.0,0,0,0.5,0.3014538990878151,0.0,23.05088646807353,Low
48113004700,Census Tract 47,2560,82917,4.1,70.3,64.1,16.1,74.39999999999999,1,TOD TIF (DART stations),0,,,0.0,0.0,0.0,1,1,0.5,0.42035010641007114,0.4,43.21225372435249,Moderate
48113004800,Census Tract 48,2486,51406,0.0,94.6,68.1,25.0,94.6,1,TOD TIF (DART stations),0,,,0.0,0.0,0.0,1,1,0.5,0.5480595561664078,0.4,47.68208446582427,Moderate
48113005000,Census Tract 50,3018,51330,2.6,87.8,27.2,40.7,90.39999999999999,0,,0,,,0.0,0.0,0.0,0,1,0.5,0.574159578957861,0.0,32.59558526352513,Moderate
48113005100,Census Tract 51,2620,64421,1.2,83.1,22.3,16.5,84.3,0,,0,C,3.0,0.0,0.0,0.0,0,1,0.67,0.4710556531300484,0.0,33.23694785955169,Moderate
48113005200,Census Tract 52,4159,86853,9.5,59.5,22.4,6.2,69.0,0,,0,B,2.0,0.0,0.0,0.0,0,1,0.33,0.36364892605270577,0.0,20.977712411844703,Low
48113002500,Census Tract 25,4869,45167,24.3,68.8,55.1,23.7,93.1,0,,0,,,0.0,0.0,0.0,0,0,0.5,0.5366614271647825,0.0,31.283149950767385,Moderate
48113019019,Census Tract 190.19,7655,45809,50.7,33.0,72.0,35.7,83.7,0,,0,,,0.0,0.0,0.0,0,0,0.5,0.5256612346369806,0.0,30.898143212294315,Moderate
48113005400,Census Tract 54,4652,47047,17.8,61.8,17.7,17.1,79.6,0,,0,C,3.0,1.0,9800000.0,2106.620808254514,0,1,0.67,0.44936086337620346,0.048999999999999995,34.43763021816712,Moderate
48113005500,Census Tract 55,3456,64893,52.1,43.2,28.8,14.9,95.30000000000001,0,,0,D,4.0,0.0,0.0,0.0,0,1,1.0,0.5212555115831286,0.0,43.2439429054095,Moderate
48113005300,Census Tract 53,5919,68424,0.7,77.5,21.7,22.4,78.2,1,Davis Garden TIF,0,C,3.0,0.0,0.0,0.0,1,1,0.67,0.4582544526802177,0.4,48.788905843807626,Moderate
48113005600,Census Tract 56,7309,58058,17.0,79.6,42.4,19.7,96.6,0,,0,D,4.0,0.0,0.0,0.0,0,1,1.0,0.5421575613144783,0.0,43.975514646006744,Moderate
48113013624,Census Tract 136.24,4004,80536,33.8,14.5,86.6,18.7,48.3,0,,0,,,0.0,0.0,0.0,0,0,0.5,0.2976508204423087,0.0,22.917778715480804,Low
48113005700,Census Tract 57,5403,36724,42.7,58.4,39.5,24.8,100.0,0,,0,,,0.0,0.0,0.0,0,1,0.5,0.5744639591152998,0.0,32.6062385690355,Moderate
48113007815,Census Tract 78.15,4924,40316,29.3,23.8,86.8,19.2,53.1,1,Vickery Meadow TIF,0,,,0.0,0.0,0.0,1,0,0.5,0.32316288191924886,0.4,39.81070086717371,Moderate
48113007819,Census Tract 78.19,2375,46418,18.7,51.5,91.0,23.7,70.2,1,Vickery Meadow TIF,0,,,0.0,0.0,0.0,1,0,0.5,0.42216105200546744,0.4,43.275636820191366,Moderate
48113007902,Census Tract 79.02,4788,102257,4.0,8.0,32.0,32.4,12.0,1,"Skillman Corridor TIF, Vickery Meadow TIF",0,B,2.0,0.0,0.0,0.0,1,0,0.33,0.1572443065850085,0.4,29.753550730475297,Moderate
48113002200,Census Tract 22,2918,77813,28.1,14.2,75.4,21.9,42.3,1,"City Center TIF, Deep Ellum TIF",0,D,4.0,0.0,0.0,0.0,1,0,1.0,0.27725163703608563,0.4,50.703807296263,High
48113002400,Census Tract 24,3028,49821,4.8,83.1,54.8,37.2,87.89999999999999,0,,0,B,2.0,0.0,0.0,0.0,0,0,0.33,0.5511600314881618,0.0,27.540601102085667,Moderate
48113008000,Census Tract 80,7522,250001,0.2,6.0,5.2,0.0,6.2,1,Skillman Corridor TIF,0,B,2.0,1.0,8900000.0,1183.1959585216698,1,0,0.33,0.031,0.4445,27.115000000000002,Moderate
48113008200,Census Tract 82,4186,80556,15.5,33.1,46.5,8.9,48.6,0,,0,,,0.0,0.0,0.0,0,0,0.5,0.2697508144445579,0.0,21.941278505559524,Low
48113011401,Census Tract 114.01,6111,36888,78.1,14.6,57.3,26.4,92.69999999999999,0,,0,,,0.0,0.0,0.0,0,1,0.5,0.5427639099337429,0.0,31.496736847681,Moderate
48113008802,Census Tract 88.02,5494,32480,64.2,30.1,41.0,28.7,94.30000000000001,0,,0,D,4.0,0.0,0.0,0.0,0,1,1.0,0.5576652318380281,0.0,44.518283114330984,Moderate
48113009603,Census Tract 96.03,5041,152188,1.4,21.7,23.5,14.8,23.099999999999998,0,,0,,,0.0,0.0,0.0,0,0,0.5,0.15992933290014777,0.0,18.097526651505174,Low
48113009604,Census Tract 96.04,3781,47083,11.5,14.9,33.5,56.4,26.4,0,,0,,,0.0,0.0,0.0,0,0,0.5,0.301260852580252,0.0,23.04412984030882,Low
48113009605,Census Tract 96.05,3247,77585,11.4,70.0,64.0,10.3,81.4,0,,0,,,0.0,0.0,0.0,0,0,0.5,0.43795170541044526,0.0,27.828309689365582,Moderate
48113009607,Census Tract 96.07,3727,135000,1.1,34.4,15.6,19.8,35.5,0,,0,,,0.0,0.0,0.0,0,0,0.5,0.23693448736722006,0.0,20.7927070578527,Low
48113009608,Census Tract 96.08,2907,123958,4.5,20.1,8.6,43.8,24.6,0,,0,,,0.0,0.0,0.0,0,0,0.5,0.2544377987254591,0.0,21.405322955391064,Low
48113009609,Census Tract 96.09,3183,190670,0.6,5.8,7.1,15.5,6.3999999999999995,0,,0,,,0.0,0.0,0.0,0,0,0.5,0.0785177926277557,0.0,15.248122741971448,Low
48113009611,Census Tract 96.11,3538,83270,4.9,58.3,16.9,9.1,63.199999999999996,0,,0,,,0.0,0.0,0.0,0,0,0.5,0.34335000054976883,0.0,24.51725001924191,Low
48113009702,Census Tract 97.02,3219,164547,0.6,25.9,15.5,18.0,26.5,0,,0,,,0.0,0.0,0.0,0,0,0.5,0.18652562659001592,0.0,19.02839693065056,Low
48113009202,Census Tract 92.02,5453,48497,19.9,74.5,40.9,16.3,94.4,0,,0,,,0.0,0.0,0.0,0,1,0.5,0.5209604285392676,0.0,30.733614998874366,Moderate
48113009301,Census Tract 93.01,5267,64255,9.5,83.1,28.6,14.4,92.6,0,,0,,,0.0,0.0,0.0,0,1,0.5,0.5062557029113803,0.0,30.21894960189831,Moderate
48113009304,Census Tract 93.04,9059,33786,59.4,35.6,82.6,28.4,95.0,0,,0,,,0.0,0.0,0.0,0,1,0.5,0.5602648401848982,0.0,32.109269406471434,Moderate
48113008500,Census Tract 85,3637,52423,8.1,73.7,30.2,32.4,81.8,0,,0,,,0.0,0.0,0.0,0,0,0.5,0.5062592511807775,0.0,30.21907379132721,Moderate
48113008604,Census Tract 86.04,2573,22619,74.4,22.0,78.3,30.6,96.4,0,,0,D,4.0,0.0,0.0,0.0,0,1,1.0,0.5738681890290801,0.0,45.0853866160178,Moderate
48113008701,Census Tract 87.01,5320,23938,74.5,24.7,66.8,31.5,99.2,0,,0,D,4.0,0.0,0.0,0.0,0,1,1.0,0.5905677934774121,0.0,45.66987277170942,Moderate
48113008704,Census Tract 87.04,4649,17442,60.8,37.8,72.5,53.5,98.6,0,,0,,,1.0,7300000.0,1570.2301570230156,0,1,0.5,0.653569741546885,0.0365,36.83494095414097,Moderate
48113008801,Census Tract 88.01,2721,41476,67.9,28.8,32.4,20.4,96.7,0,,0,D,4.0,0.0,0.0,0.0,0,1,1.0,0.5447625340497002,0.0,44.06668869173951,Moderate
48113009802,Census Tract 98.02,5776,56923,4.4,85.0,50.9,28.3,89.4,0,,0,,,0.0,0.0,0.0,0,0,0.5,0.5319579016868385,0.0,31.11852655903935,Moderate
48113009104,Census Tract 91.04,3477,71298,12.5,81.4,21.3,23.9,93.9,0,,0,,,0.0,0.0,0.0,0,1,0.5,0.541253590803422,0.0,31.44387567811977,Moderate
48113018144,Census Tract 181.44,4790,149022,37.1,13.3,27.6,9.0,50.400000000000006,0,,0,,,0.0,0.0,0.0,0,0,0.5,0.2790302823441058,0.0,22.266059882043702,Low
48113016524,Census Tract 165.24,2870,112857,21.9,7.9,13.9,0.0,29.799999999999997,0,,0,,,0.0,0.0,0.0,0,1,0.5,0.14904112777706302,0.0,17.716439472197205,Low
48113018146,Census Tract 181.46,3023,136199,16.1,9.9,2.6,0.0,26.0,0,,0,,,0.0,0.0,0.0,0,0,0.5,0.13003412780205717,0.0,17.051194473072,Low
48113018507,Census Tract 185.07,4141,38668,65.5,18.9,100.0,33.5,84.4,0,,0,,,0.0,0.0,0.0,0,0,0.5,0.5225633761339181,0.0,30.78971816468713,Moderate
48113019045,Census Tract 190.45,2731,58354,17.5,45.1,34.2,28.4,62.6,0,,0,,,0.0,0.0,0.0,0,0,0.5,0.39825747254776583,0.0,26.4390115391718,Moderate
48113019047,Census Tract 190.47,4342,71760,24.9,36.9,48.5,31.5,61.8,0,,0,,,0.0,0.0,0.0,0,0,0.5,0.4035534522553775,0.0,26.62437082893821,Moderate
48113012802,Census Tract 128.02,5012,130000,2.9,39.4,26.1,25.7,42.3,0,,0,,,0.0,0.0,0.0,0,0,0.5,0.28863598680493013,0.0,22.602259538172554,Low
48113016530,Census Tract 165.30,3081,69821,41.3,37.0,29.4,26.3,78.3,0,,0,,,0.0,0.0,0.0,0,1,0.5,0.4704540337373214,0.0,28.965891180806246,Moderate
48113008402,Census Tract 84.02,3707,64333,7.5,81.1,35.9,8.5,88.6,0,,0,,,0.0,0.0,0.0,0,0,0.5,0.4685556795201521,0.0,28.899448783205322,Moderate
48113016531,Census Tract 165.31,3384,79710,28.3,48.5,49.4,11.8,76.8,0,,0,,,0.0,0.0,0.0,0,1,0.5,0.4194510681494184,0.0,27.180787385229642,Moderate
48113019051,Census Tract 190.51,4552,157260,4.4,6.7,3.3,0.0,11.100000000000001,0,,0,,,0.0,0.0,0.0,0,0,0.5,0.055527811870534655,0.0,14.443473415468713,Low
48113019216,Census Tract 192.16,3672,79524,4.0,13.9,45.7,50.9,17.9,0,,0,,,0.0,0.0,0.0,0,0,0.5,0.24225112392850126,0.0,20.978789337497545,Low
48113008101,Census Tract 81.01,1834,66352,10.9,22.4,97.6,24.8,33.3,0,,0,,,0.0,0.0,0.0,0,0,0.5,0.24095507404720473,0.0,20.933427591652165,Low
48113018151,Census Tract 181.51,4336,97500,36.9,22.2,39.8,3.2,59.099999999999994,0,,0,,,0.0,0.0,0.0,0,0,0.5,0.30514573315004584,0.0,23.180100660251604,Low
48113013202,Census Tract 132.02,4971,88073,31.6,12.7,75.5,7.9,44.3,0,,0,,,0.0,0.0,0.0,0,0,0.5,0.24524856018990449,0.0,21.083699606646654,Low
48113013012,Census Tract 130.12,2765,180293,2.2,9.2,19.2,20.4,11.399999999999999,0,,0,,,0.0,0.0,0.0,0,0,0.5,0.11822090456077924,0.0,16.63773165962727,Low
48113008102,Census Tract 81.02,4042,188125,6.5,14.5,18.3,31.8,21.0,0,,0,,,0.0,0.0,0.0,0,0,0.5,0.20041855584155013,0.0,19.514649454454254,Low
48113016527,Census Tract 165.27,5126,121684,26.4,56.8,8.9,13.7,83.19999999999999,0,,0,,,0.0,0.0,0.0,0,1,0.5,0.4571384806697295,0.0,28.499846823440535,Moderate
48113000801,Census Tract 8.01,3674,74670,28.3,36.0,69.1,25.1,64.3,0,,0,,,0.0,0.0,0.0,0,0,0.5,0.3968525795826302,0.0,26.38984028539205,Moderate
48113000902,Census Tract 9.02,2703,82773,15.1,33.7,77.7,23.9,48.800000000000004,0,,0,,,0.0,0.0,0.0,0,0,0.5,0.31575014959387726,0.0,23.551255235785703,Low
48113014142,Census Tract 141.42,2336,84048,40.9,4.4,78.9,21.5,45.3,0,,0,,,0.0,0.0,0.0,0,0,0.5,0.2910497672372611,0.0,22.686741853304138,Low
48113012801,Census Tract 128.01,2447,80420,4.0,49.9,26.1,47.8,53.9,0,,0,,,0.0,0.0,0.0,0,0,0.5,0.41295085522926367,0.0,26.953279933024227,Moderate
48113021200,Census Tract 212,4830,61017,4.0,83.7,32.8,11.5,87.7,0,,0,,,0.0,0.0,0.0,0,0,0.5,0.47305667394724144,0.0,29.05698358815345,Moderate
48113007915,Census Tract 79.15,1944,73739,10.2,11.8,100.0,18.0,22.0,1,Vickery Meadow TIF,0,,,0.0,0.0,0.0,1,0,0.5,0.16405285877793185,0.4,34.241850057227616,Moderate
48113012502,Census Tract 125.02,3507,58068,3.4,71.0,33.3,17.4,74.4,0,,0,,,0.0,0.0,0.0,0,0,0.5,0.4242575583156029,0.0,27.349014541046103,Moderate
48113012501,Census Tract 125.01,3151,91189,2.2,83.6,6.7,32.8,85.8,0,,0,,,0.0,0.0,0.0,0,0,0.5,0.5274476257403236,0.0,30.960666900911328,Moderate
48113016635,Census Tract 166.35,3810,22881,91.6,3.3,100.0,51.4,94.89999999999999,0,,0,,,0.0,0.0,0.0,0,1,0.5,0.6287681104585441,0.0,34.506883866049044,Moderate
48113016534,Census Tract 165.34,3832,58071,21.1,65.4,46.5,20.9,86.5,0,,0,,,0.0,0.0,0.0,0,1,0.5,0.49525755741594024,0.0,29.834014509557903,Moderate
48113007702,Census Tract 77.02,3314,146267,2.9,2.1,19.7,34.1,5.0,0,,0,A,1.0,0.0,0.0,0.0,0,0,0.0,0.1273311085342841,0.0,4.456588798699943,Low
48113007830,Census Tract 78.30,2749,40859,38.3,46.1,100.0,12.6,84.4,1,Vickery Meadow TIF,0,,,0.0,0.0,0.0,1,0,0.5,0.45986271908031356,0.4,44.59519516781098,Moderate
48113013808,Census Tract 138.08,2389,102778,5.1,24.0,19.9,6.2,29.1,0,,0,,,0.0,0.0,0.0,0,0,0.5,0.1641441503435991,0.0,18.245045262025968,Low
48113014704,Census Tract 147.04,5160,65878,2.3,73.6,52.7,29.2,75.89999999999999,0,,0,,,0.0,0.0,0.0,0,0,0.5,0.46715521619389966,0.0,28.850432566786488,Moderate
48113007206,Census Tract 72.06,3236,43720,0.6,83.6,98.1,15.6,84.19999999999999,0,,0,,,0.0,0.0,0.0,0,0,0.5,0.46786186110205574,0.0,28.87516513857195,Moderate
48113016420,Census Tract 164.20,4146,81024,18.1,60.7,19.8,43.9,78.80000000000001,0,,0,,,0.0,0.0,0.0,0,1,0.5,0.5257506740971882,0.0,30.90127359340159,Moderate
48113010001,Census Tract 100.01,2386,40299,49.3,28.0,90.1,40.3,77.3,1,Southwestern Medical TIF,0,D,4.0,0.0,0.0,0.0,1,0,1.0,0.507462887017337,0.4,58.7612010456068,High
48113007831,Census Tract 78.31,2055,43424,50.0,28.7,100.0,23.7,78.7,1,Vickery Meadow TIF,0,,,0.0,0.0,0.0,1,0,0.5,0.46466194986876824,0.4,44.763168245406895,Moderate
48113016532,Census Tract 165.32,1983,67300,20.9,44.7,13.4,61.3,65.6,0,,0,,,0.0,0.0,0.0,0,1,0.5,0.5119547897538148,0.0,30.418417641383517,Moderate
48113013807,Census Tract 138.07,2759,117527,0.0,32.8,3.7,0.0,32.8,0,,0,,,0.0,0.0,0.0,0,0,0.5,0.16403972730224178,0.0,18.24139045557846,Low
48113014157,Census Tract 141.57,2678,113698,16.4,17.9,93.9,4.0,34.3,0,,0,,,0.0,0.0,0.0,0,0,0.5,0.1835408755716402,0.0,18.92393064500741,Low
48113014156,Census Tract 141.56,3868,178022,0.7,0.0,25.8,3.2,0.7,0,,0,,,0.0,0.0,0.0,0,0,0.5,0.013121585605387186,0.0,12.959255496188552,Low
48113014141,Census Tract 141.41,2381,86996,23.9,11.7,86.8,9.1,35.599999999999994,0,,0,,,0.0,0.0,0.0,0,0,0.5,0.20534888316878722,0.0,19.687210910907552,Low
48113014314,Census Tract 143.14,2743,96475,12.4,17.2,65.5,13.5,29.6,0,,0,,,0.0,0.0,0.0,0,0,0.5,0.18854604053477647,0.0,19.099111418717175,Low
48113014318,Census Tract 143.18,2157,105755,0.5,39.8,28.7,5.6,40.3,0,,0,,,0.0,0.0,0.0,0,0,0.5,0.21834325757838646,0.0,20.142014015243525,Low
48113014155,Census Tract 141.55,5988,105653,9.1,2.9,78.5,9.0,12.0,0,,0,,,0.0,0.0,0.0,0,0,0.5,0.08704328816691576,0.0,15.54651508584205,Low
48113014158,Census Tract 141.58,2948,63867,46.4,24.0,100.0,12.6,70.4,0,,0,,,0.0,0.0,0.0,0,0,0.5,0.3898558192677467,0.0,26.14495367437113,Moderate
48113014409,Census Tract 144.09,3021,39464,24.0,61.6,77.3,22.5,85.6,0,,0,,,0.0,0.0,0.0,0,0,0.5,0.49556313742343466,0.0,29.844709809820213,Moderate
48113014410,Census Tract 144.10,2841,51000,23.5,35.1,91.3,31.3,58.6,0,,0,,,0.0,0.0,0.0,0,0,0.5,0.38695967792074987,0.0,26.04358872722624,Moderate
48113014316,Census Tract 143.16,4800,75924,0.0,54.7,22.4,16.8,54.7,0,,0,,,0.0,0.0,0.0,0,0,0.5,0.32395220352365256,0.0,23.83832712332784,Low
48113015406,Census Tract 154.06,3395,70048,19.5,29.7,40.0,39.6,49.2,0,,0,,,0.0,0.0,0.0,0,0,0.5,0.36485396566284944,0.0,25.26988879819973,Moderate
48113014140,Census Tract 141.40,2649,59688,36.3,13.1,76.8,11.5,49.4,0,,0,,,0.0,0.0,0.0,0,0,0.5,0.2815570724977848,0.0,22.354497537422468,Low
48113014154,Census Tract 141.54,3673,92697,26.7,32.9,25.0,25.2,59.599999999999994,0,,0,,,0.0,0.0,0.0,0,0,0.5,0.37364717350991017,0.0,25.57765107284685,Moderate
48113014147,Census Tract 141.47,2405,57075,59.5,20.0,100.0,8.8,79.5,0,,0,,,0.0,0.0,0.0,0,0,0.5,0.4239578561039321,0.0,27.338524963637624,Moderate
48113014153,Census Tract 141.53,4581,66346,17.8,61.6,26.6,15.7,79.4,0,,0,,,0.0,0.0,0.0,0,0,0.5,0.44415507584653,0.0,28.04542765462855,Moderate
48113015101,Census Tract 151.01,4193,64800,3.8,72.5,23.1,47.9,76.3,0,,0,,,0.0,0.0,0.0,0,0,0.5,0.52525553947267,0.0,30.883943881543452,Moderate
48113015208,Census Tract 152.08,3839,51525,1.7,79.6,7.1,0.0,81.3,0,,0,,,0.0,0.0,0.0,0,0,0.5,0.40655952047979027,0.0,26.72958321679266,Moderate
48113015002,Census Tract 150.02,2536,83155,0.8,58.0,34.0,12.1,58.8,0,,0,,,0.0,0.0,0.0,0,0,0.5,0.33035003503683613,0.0,24.062251226289263,Low
48113014144,Census Tract 141.44,5784,95542,15.7,16.0,90.4,9.4,31.7,0,,0,,,0.0,0.0,0.0,0,0,0.5,0.18674632032985314,0.0,19.03612121154486,Low
48113014313,Census Tract 143.13,3125,129470,22.7,16.9,66.5,14.0,39.599999999999994,0,,0,,,0.0,0.0,0.0,0,0,0.5,0.24003614574532742,0.0,20.90126510108646,Low
48113014320,Census Tract 143.20,2779,96750,15.7,15.3,96.3,6.4,31.0,0,,0,,,0.0,0.0,0.0,0,0,0.5,0.17424595806570237,0.0,18.598608532299583,Low
48113016634,Census Tract 166.34,4901,73287,14.8,80.4,37.4,44.1,95.2,0,,0,,,0.0,0.0,0.0,0,1,0.5,0.6083529943271009,0.0,33.79235480144853,Moderate
48113007203,Census Tract 72.03,3347,43527,8.8,81.0,100.0,6.2,89.8,0,,0,,,0.0,0.0,0.0,0,0,0.5,0.4676619189803514,0.0,28.868167164312297,Moderate
48113019215,Census Tract 192.15,2699,121676,0.0,30.1,17.3,9.4,30.1,0,,0,,,0.0,0.0,0.0,0,0,0.5,0.17873848306882995,0.0,18.755846907409047,Low
48113019214,Census Tract 192.14,5424,51026,10.7,61.2,69.0,25.1,71.9,0,,0,,,0.0,0.0,0.0,0,0,0.5,0.4348596701236738,0.0,27.720088454328582,Moderate
48113013729,Census Tract 137.29,7018,76974,3.1,66.3,51.1,14.4,69.39999999999999,0,,0,,,0.0,0.0,0.0,0,0,0.5,0.3902518886417334,0.0,26.15881610246067,Moderate
48113002001,Census Tract 20.01,2469,58884,26.2,42.3,91.3,20.7,68.5,1,TOD TIF (DART stations),0,,,0.0,0.0,0.0,1,1,0.5,0.4046573136073686,0.4,42.66300597625791,Moderate
48113010002,Census Tract 100.02,4960,-666666666,37.9,32.2,,,70.1,1,Riverfront TIF,0,,,0.0,0.0,0.0,1,1,0.5,0.5505,0.4,47.7675,Moderate
48113000705,Census Tract 7.05,2357,124250,3.0,9.8,67.5,26.2,12.8,0,,0,,,0.0,0.0,0.0,0,0,0.5,0.1426377111582968,0.0,17.492319890540386,Low
48113016636,Census Tract 166.36,2543,76822,38.1,25.1,31.9,43.6,63.2,0,,0,,,0.0,0.0,0.0,0,1,0.5,0.44685193422463976,0.0,28.13981769786239,Moderate
48113016528,Census Tract 165.28,4847,74523,63.1,28.8,30.7,25.5,91.9,0,,0,,,0.0,0.0,0.0,0,1,0.5,0.536052623666099,0.0,31.261841828313464,Moderate
48113016526,Census Tract 165.26,4806,51305,62.7,25.9,57.0,38.1,88.6,0,,0,,,0.0,0.0,0.0,0,1,0.5,0.5573595864550495,0.0,32.00758552592673,Moderate
48113016419,Census Tract 164.19,4963,88542,29.8,47.2,21.3,5.5,77.0,0,,0,,,0.0,0.0,0.0,0,1,0.5,0.4015484195426473,0.0,26.554194683992655,Moderate
48113016204,Census Tract 162.04,5182,67212,3.0,82.1,25.8,56.1,85.1,0,,0,,,0.0,0.0,0.0,0,1,0.5,0.5938548161439187,0.0,33.28491856503715,Moderate
48113016536,Census Tract 165.36,2647,56387,10.3,76.7,22.9,7.5,87.0,0,,0,,,0.0,0.0,0.0,0,1,0.5,0.45755806242656105,0.0,28.514532184929635,Moderate
48113000706,Census Tract 7.06,2249,130206,2.0,15.6,97.1,11.3,17.6,0,,0,,,0.0,0.0,0.0,0,0,0.5,0.12193592502809651,0.0,16.76775737598338,Low
48113001901,Census Tract 19.01,3817,120022,2.8,13.5,82.2,18.5,16.3,1,"State-Thomas TIF, Uptown TIF",0,D,4.0,0.0,0.0,0.0,1,0,1.0,0.13703897908282447,0.4,45.79636426789886,Moderate
48113001801,Census Tract 18.01,2568,83555,5.8,10.4,88.5,10.8,16.2,1,Uptown TIF,0,D,4.0,0.0,0.0,0.0,1,0,1.0,0.11344991508181936,0.4,44.97074702786368,Moderate
48113000703,Census Tract 7.03,3075,116250,8.9,8.3,60.5,13.8,17.200000000000003,0,,0,,,0.0,0.0,0.0,0,0,0.5,0.12744011025863297,0.0,16.960403859052153,Low
48113001802,Census Tract 18.02,3078,112782,3.5,10.4,100.0,0.6,13.9,1,"State-Thomas TIF, Uptown TIF",0,D,4.0,1.0,22000000.0,7147.498375568551,1,0,1.0,0.0713411502686287,0.51,47.896940259402,Moderate
48113000610,Census Tract 6.10,2326,47210,4.1,71.9,97.4,21.5,76.0,0,,0,,,0.0,0.0,0.0,0,0,0.5,0.44456081449453416,0.0,28.059628507308698,Moderate
48113000407,Census Tract 4.07,2235,58934,7.7,68.6,78.4,9.1,76.3,0,,0,,,0.0,0.0,0.0,0,0,0.5,0.40885729861299147,0.0,26.8100054514547,Moderate
48113000408,Census Tract 4.08,2408,71723,14.1,26.6,57.4,7.6,40.7,0,,0,,,0.0,0.0,0.0,0,0,0.5,0.22635346335121656,0.0,20.42237121729258,Low
48113016533,Census Tract 165.33,3287,97705,32.2,41.3,53.6,18.6,73.5,0,,0,,,0.0,0.0,0.0,0,1,0.5,0.4233456716730998,0.0,27.31709850855849,Moderate
48113016535,Census Tract 165.35,3132,70022,30.7,35.2,42.9,20.7,65.9,0,,0,,,0.0,0.0,0.0,0,1,0.5,0.39165397345992553,0.0,26.20788907109739,Moderate
48113003103,Census Tract 31.03,2460,76103,27.6,13.6,92.2,24.1,41.2,1,"Riverfront TIF, Farmers Market TIF",0,D,4.0,0.0,0.0,0.0,1,1,1.0,0.2783521498437825,0.4,50.742325244532395,High
48113010809,Census Tract 108.09,5323,41053,24.2,64.8,47.5,21.7,89.0,0,,0,,,0.0,0.0,0.0,0,1,0.5,0.5101626609021304,0.0,30.35569313157456,Moderate
48113006701,Census Tract 67.01,4622,54505,0.2,96.6,40.8,24.3,96.8,1,Davis Garden TIF,0,,,0.0,0.0,0.0,1,1,0.5,0.556958626814915,0.4,47.993551938522025,Moderate
48113014149,Census Tract 141.49,3715,99763,9.0,7.1,94.6,17.2,16.1,0,,0,,,0.0,0.0,0.0,0,0,0.5,0.13214505450453826,0.0,17.125076907658837,Low
48113007916,Census Tract 79.16,1366,96976,16.8,14.1,100.0,16.2,30.9,1,Vickery Meadow TIF,0,,,0.0,0.0,0.0,1,0,0.5,0.20314589029111788,0.4,35.610106160189126,Moderate
48113013631,Census Tract 136.31,1958,53887,27.1,56.7,100.0,30.5,83.80000000000001,0,,0,,,0.0,0.0,0.0,0,0,0.5,0.5105588121454161,0.0,30.36955842508956,Moderate
48113013107,Census Tract 131.07,4435,50823,27.5,32.6,90.8,25.0,60.1,0,,0,,,0.0,0.0,0.0,0,0,0.5,0.37555973100084483,0.0,25.64459058502957,Moderate
48113019049,Census Tract 190.49,4294,59451,13.3,48.7,43.9,7.7,62.0,0,,0,,,0.0,0.0,0.0,0,0,0.5,0.33315714357113224,0.0,24.160500024989627,Low
48113980200,Census Tract 9802,1400,6311,3.1,11.7,100.0,44.1,14.799999999999999,0,,0,,,0.0,0.0,0.0,0,0,0.5,0.20637307959511528,0.0,19.723057785829035,Low
48113018150,Census Tract 181.50,3980,104500,19.6,28.4,17.3,23.8,48.0,0,,0,,,0.0,0.0,0.0,0,0,0.5,0.3114436339372517,0.0,23.40052718780381,Low
48113016708,Census Tract 167.08,5558,117539,89.8,9.9,2.3,0.0,99.7,0,,0,,,0.0,0.0,0.0,0,1,0.5,0.4985397237035913,0.0,29.948890329625694,Moderate
48113020800,Census Tract 208,7507,35577,50.6,40.1,52.3,43.8,90.7,1,"Grand Park South TIF, MLK Jr. TIF",0,D,4.0,0.0,0.0,0.0,1,1,1.0,0.5849643030863104,0.4,61.47375060802087,High
48113000802,Census Tract 8.02,3228,79415,12.7,40.0,90.9,14.1,52.7,0,,0,,,0.0,0.0,0.0,0,0,0.5,0.30585115661624335,0.0,23.204790481568516,Low
48113001602,Census Tract 16.02,2896,130070,26.9,16.1,57.2,10.9,43.0,0,,0,D,4.0,0.0,0.0,0.0,0,0,1.0,0.24773596581280222,0.0,33.670758803448074,Moderate
48113020401,Census Tract 204.01,2675,70932,26.7,20.0,93.1,18.7,46.7,1,"Farmers Market TIF, City Center TIF",0,D,4.0,1.0,11000000.0,4112.14953271028,1,0,1.0,0.2896537005622623,0.455,53.33787951967919,High
48113015207,Census Tract 152.07,3003,67738,11.3,51.2,20.8,32.5,62.5,0,,0,,,0.0,0.0,0.0,0,0,0.5,0.41005465840307154,0.0,26.8519130441075,Moderate
48113015102,Census Tract 151.02,2841,54536,1.2,83.2,57.0,24.8,84.4,0,,0,,,0.0,0.0,0.0,0,0,0.5,0.49645861751840137,0.0,29.87605161314405,Moderate
48113015001,Census Tract 150.01,5062,74273,7.4,78.5,58.1,11.5,85.9,0,,0,,,0.0,0.0,0.0,0,0,0.5,0.4640526986379845,0.0,28.741844452329456,Moderate
48113014143,Census Tract 141.43,4205,122011,3.2,14.1,55.2,24.8,17.3,0,,0,,,0.0,0.0,0.0,0,0,0.5,0.16093838260650337,0.0,18.132843391227617,Low
48113010906,Census Tract 109.06,3479,58680,52.3,46.4,55.7,23.1,98.69999999999999,0,,0,,,0.0,0.0,0.0,0,1,0.5,0.5628573747844271,0.0,32.20000811745495,Moderate
48113002002,Census Tract 20.02,2915,46291,4.8,83.8,73.0,5.2,88.6,1,TOD TIF (DART stations),0,,,0.0,0.0,0.0,1,1,0.5,0.4586610900911852,0.4,44.55313815319148,Moderate
48113000607,Census Tract 6.07,1772,115972,2.3,14.8,51.0,14.0,17.1,0,,0,,,0.0,0.0,0.0,0,0,0.5,0.12754019362736965,0.0,16.963906776957938,Low
48113016203,Census Tract 162.03,2314,46823,22.6,65.2,97.4,46.8,87.80000000000001,0,,0,,,0.0,0.0,0.0,0,1,0.5,0.5794609305510129,0.0,32.781132569285454,Moderate
48113016421,Census Tract 164.21,3931,60852,10.5,49.1,41.9,33.2,59.6,0,,0,,,0.0,0.0,0.0,0,1,0.5,0.3976567234286859,0.0,26.417985320004007,Moderate
48113016414,Census Tract 164.14,1941,75884,31.1,11.5,82.3,16.8,42.6,0,,0,,,0.0,0.0,0.0,0,1,0.5,0.26345221551915415,0.0,21.720827543170394,Low
48113000501,Census Tract 5.01,2036,83842,12.0,20.8,92.5,4.8,32.8,1,Uptown TIF,0,D,4.0,0.0,0.0,0.0,1,0,1.0,0.17844982901409479,0.4,47.245744015493315,Moderate
48113000503,Census Tract 5.03,2147,77750,14.3,12.7,90.2,10.5,27.0,1,Uptown TIF,0,D,4.0,0.0,0.0,0.0,1,0,1.0,0.1665516559290008,0.4,46.829307957515034,Moderate
48113000502,Census Tract 5.02,2233,119261,3.6,15.9,66.0,12.0,19.5,1,"State-Thomas TIF, Uptown TIF",0,D,4.0,0.0,0.0,0.0,1,0,1.0,0.13353920729724394,0.4,45.673872255403545,Moderate
48113010905,Census Tract 109.05,3212,38353,93.2,1.2,100.0,15.4,94.4,0,,0,,,0.0,0.0,0.0,0,1,0.5,0.5182634705984939,0.0,30.639221470947287,Moderate
48113000409,Census Tract 4.09,4139,69398,14.3,25.1,94.7,18.8,39.400000000000006,1,Southwestern Medical TIF,0,A,1.0,0.0,0.0,0.0,1,0,0.0,0.2534541605897518,0.4,24.870895620641313,Low
48113001902,Census Tract 19.02,5323,103958,10.7,13.2,95.1,17.3,23.9,1,"State-Thomas TIF, Uptown TIF",0,D,4.0,0.0,0.0,0.0,1,0,1.0,0.17144379647629948,0.4,47.00053287667048,Moderate
48113000704,Census Tract 7.04,3332,134531,5.3,10.6,98.8,6.4,15.899999999999999,1,Uptown TIF,0,D,4.0,0.0,0.0,0.0,1,0,1.0,0.09873462801447724,0.4,44.455711980506706,Moderate
48113001705,Census Tract 17.05,2923,119342,7.8,13.9,81.5,12.7,21.7,1,"State-Thomas TIF, Uptown TIF",0,D,4.0,0.0,0.0,0.0,1,0,1.0,0.14663918300635304,0.4,46.13237140522236,Moderate
48113000609,Census Tract 6.09,1628,91250,12.8,19.0,57.4,24.7,31.8,1,Mall Area Redevelopment TIF,0,A,1.0,0.0,0.0,0.0,1,0,0.0,0.2331476074471835,0.4,24.160166260651426,Low
48113000611,Census Tract 6.11,2257,71020,9.9,28.8,77.2,17.4,38.7,0,,0,,,0.0,0.0,0.0,0,0,0.5,0.2457536741721586,0.0,21.10137859602555,Low
48113003102,Census Tract 31.02,1723,104844,8.1,25.8,54.6,31.1,33.9,1,"Riverfront TIF, City Center TIF",0,D,4.0,0.0,0.0,0.0,1,1,1.0,0.26284353077593725,0.4,50.1995235771578,High
48113010808,Census Tract 108.08,3267,47393,15.3,76.7,61.7,27.1,92.0,0,,0,,,0.0,0.0,0.0,0,1,0.5,0.541360759615114,0.0,31.447626586528987,Moderate
48113006702,Census Tract 67.02,2445,46667,0.5,86.8,47.9,14.5,87.3,1,Davis Garden TIF,0,,,0.0,0.0,0.0,1,1,0.5,0.4800609773334694,0.4,45.30213420667143,Moderate
48113010806,Census Tract 108.06,3684,119342,23.7,42.7,5.7,45.9,66.4,0,,0,D,4.0,0.0,0.0,0.0,0,1,1.0,0.46973918300635303,0.0,41.44087140522236,Moderate
48113011004,Census Tract 110.04,2503,57949,63.7,32.3,60.7,16.9,96.0,0,,0,D,4.0,0.0,0.0,0.0,0,1,1.0,0.5307575940022203,0.0,43.57651579007771,Moderate
48113011003,Census Tract 110.03,4022,59677,51.5,32.2,7.8,19.7,83.7,0,,0,D,4.0,0.0,0.0,0.0,0,1,1.0,0.47765707579654776,0.0,41.71799765287917,Moderate
48113013628,Census Tract 136.28,6562,81794,18.4,26.5,91.9,17.8,44.9,0,,0,,,0.0,0.0,0.0,0,0,0.5,0.27795044318378087,0.0,22.22826551143233,Low
48113013629,Census Tract 136.29,3166,59201,15.0,54.5,53.5,37.1,69.5,0,,0,,,0.0,0.0,0.0,0,0,0.5,0.45885721854301775,0.0,28.56000264900562,Moderate
48113014145,Census Tract 141.45,1230,57400,45.8,14.0,88.3,15.8,59.8,0,,0,,,0.0,0.0,0.0,0,0,0.5,0.34645775864048095,0.0,24.626021552416834,Low
48113016711,Census Tract 167.11,2193,58648,60.8,33.1,25.8,3.2,93.9,0,,0,,,0.0,0.0,0.0,0,1,0.5,0.4791573843808285,0.0,29.270508453328997,Moderate
48113011201,Census Tract 112.01,4319,62705,46.3,41.4,34.2,48.7,87.69999999999999,0,,0,,,0.0,0.0,0.0,0,1,0.5,0.5846561677370705,0.0,32.96296587079747,Moderate
48113016707,Census Tract 167.07,4777,57947,86.7,8.6,37.5,19.3,95.3,0,,0,,,0.0,0.0,0.0,0,1,0.5,0.5344575946019955,0.0,31.206015811069843,Moderate
48113007829,Census Tract 78.29,2892,54302,66.6,20.0,57.8,30.0,86.6,0,,0,,,0.0,0.0,0.0,0,0,0.5,0.5230586876920862,0.0,30.807054069223017,Moderate
48113019044,Census Tract 190.44,3680,65125,6.7,53.8,36.4,41.9,60.5,0,,0,,,0.0,0.0,0.0,0,0,0.5,0.4282554420092188,0.0,27.488940470322653,Moderate
48113019046,Census Tract 190.46,3055,70580,5.4,61.8,15.0,31.3,67.2,0,,0,,,0.0,0.0,0.0,0,0,0.5,0.4299538061226771,0.0,27.548383214293697,Moderate
48113012212,Census Tract 122.12,4748,71895,7.4,71.8,38.7,31.3,79.2,0,,0,,,0.0,0.0,0.0,0,0,0.5,0.48995341177055934,0.0,29.648369411969576,Moderate
48113016706,Census Tract 167.06,2234,43917,57.8,27.6,31.6,8.5,85.4,0,,0,,,0.0,0.0,0.0,0,1,0.5,0.4525618020242101,0.0,28.339663070847354,Moderate
48113019048,Census Tract 190.48,3596,95343,14.6,47.3,28.0,28.5,61.9,0,,0,,,0.0,0.0,0.0,0,0,0.5,0.39504638000747405,0.0,26.326623300261588,Moderate
48113017816,Census Tract 178.16,5859,71806,4.8,82.8,48.5,24.3,87.6,0,,0,,,0.0,0.0,0.0,0,0,0.5,0.5109534384605505,0.0,30.383370346119264,Moderate
48113007832,Census Tract 78.32,2360,47500,23.3,28.9,91.8,4.3,52.2,1,Vickery Meadow TIF,0,,,0.0,0.0,0.0,1,0,0.5,0.273960727527147,0.4,38.08862546345015,Moderate
48113018152,Census Tract 181.52,5436,80912,13.5,39.5,35.9,10.5,53.0,0,,0,,,0.0,0.0,0.0,0,0,0.5,0.2965507076845929,0.0,22.87927476896075,Low
48113000901,Census Tract 9.01,2285,114699,2.1,12.4,73.9,3.9,14.5,0,,0,,,0.0,0.0,0.0,0,0,0.5,0.08424057538421063,0.0,15.448420138447371,Low
48113000608,Census Tract 6.08,2572,119044,3.2,24.7,39.6,28.0,27.9,0,,0,,,0.0,0.0,0.0,0,0,0.5,0.22353927237284052,0.0,20.32387453304942,Low
48113012213,Census Tract 122.13,2054,87417,1.1,29.0,9.0,55.2,30.1,0,,0,,,0.0,0.0,0.0,0,0,0.5,0.3161487569161321,0.0,23.565206492064622,Low
48113010807,Census Tract 108.07,4975,53683,27.2,65.6,54.0,22.0,92.8,0,,0,,,0.0,0.0,0.0,0,1,0.5,0.5300588733224747,0.0,31.05206056628661,Moderate
48113016415,Census Tract 164.15,4859,120962,25.7,38.5,14.8,63.8,64.2,0,,0,,,0.0,0.0,0.0,0,1,0.5,0.512438697188535,0.0,30.435354401598723,Moderate
48113007701,Census Tract 77.01,2042,135069,2.1,1.2,70.0,36.8,3.3,0,,0,A,1.0,0.0,0.0,0.0,0,0,0.0,0.12693446667497965,0.0,4.442706333624288,Low
48113013728,Census Tract 137.28,5031,73556,5.4,75.8,57.3,14.0,81.2,0,,0,,,0.0,0.0,0.0,0,0,0.5,0.44805291365735206,0.0,28.181851978007323,Moderate
48113010003,Census Tract 100.03,3437,83995,25.8,19.1,99.0,12.2,44.900000000000006,1,"State-Thomas TIF, Design District TIF",0,C,3.0,0.0,0.0,0.0,1,0,0.67,0.26114978313130094,0.4,41.89024240959554,Moderate
48113016418,Census Tract 164.18,4973,83104,39.8,37.2,44.5,21.1,77.0,0,,0,,,0.0,0.0,0.0,0,1,0.5,0.44835005033110087,0.0,28.192251761588526,Moderate
48113013201,Census Tract 132.01,2244,168837,11.1,5.3,6.2,0.0,16.4,0,,0,,,0.0,0.0,0.0,0,0,0.5,0.08202434007246065,0.0,15.370851902536122,Low
48113013106,Census Tract 131.06,1543,65952,10.4,17.4,64.3,9.0,27.799999999999997,0,,0,,,0.0,0.0,0.0,0,0,0.5,0.16605519400222155,0.0,18.311931790077754,Low
48113016417,Census Tract 164.17,5366,110307,17.8,48.8,21.3,20.6,66.6,0,,0,,,0.0,0.0,0.0,0,1,0.5,0.39484189249029517,0.0,26.319466237160327,Moderate
48113014146,Census Tract 141.46,2428,60327,12.0,27.2,97.4,14.0,39.2,0,,0,,,0.0,0.0,0.0,0,0,0.5,0.23805688086964547,0.0,20.83199083043759,Low
48113013627,Census Tract 136.27,1653,72375,15.5,40.8,97.1,13.5,56.3,0,,0,,,0.0,0.0,0.0,0,0,0.5,0.32205326782453914,0.0,23.771864373858868,Low
48113007205,Census Tract 72.05,4479,42985,4.8,93.3,99.1,25.1,98.1,0,,0,,,0.0,0.0,0.0,0,0,0.5,0.5658620815193992,0.0,32.30517285317897,Moderate
48113007204,Census Tract 72.04,4879,53708,4.6,88.4,90.0,20.5,93.0,0,,0,,,0.0,0.0,0.0,0,0,0.5,0.5265588658252861,0.0,30.92956030388501,Moderate
48113000410,Census Tract 4.10,4011,44936,0.3,85.4,22.8,9.6,85.7,0,,0,,,0.0,0.0,0.0,0,0,0.5,0.4573614964388047,0.0,28.507652375358163,Moderate
48113014160,Census Tract 141.60,2857,79890,29.9,14.4,54.0,25.5,44.3,0,,0,,,0.0,0.0,0.0,0,0,0.5,0.29805101416966084,0.0,22.93178549593813,Low
48113016637,Census Tract 166.37,2996,85224,56.5,39.8,21.4,16.5,96.3,0,,0,,,0.0,0.0,0.0,0,1,0.5,0.5310494145695117,0.0,31.08672950993291,Moderate
48113014159,Census Tract 141.59,3071,228478,0.8,6.3,2.5,0.0,7.1,0,,0,,,0.0,0.0,0.0,0,0,0.5,0.035506454479566935,0.0,13.742725906784841,Low
48113014150,Census Tract 141.50,1295,187143,0.0,0.2,4.5,0.0,0.2,0,,0,,,0.0,0.0,0.0,0,0,0.5,0.0010188503311164062,0.0,12.535659761589073,Low
48113014152,Census Tract 141.52,3672,84444,13.0,13.7,100.0,12.7,26.7,0,,0,,,0.0,0.0,0.0,0,0,0.5,0.1716496484817945,0.0,18.507737696862808,Low
48113014317,Census Tract 143.17,2238,72196,19.3,40.9,63.8,4.0,60.2,0,,0,,,0.0,0.0,0.0,0,0,0.5,0.3130533215044092,0.0,23.456866252654322,Low
48113014151,Census Tract 141.51,4560,128750,5.2,4.2,78.6,10.2,9.4,0,,0,,,0.0,0.0,0.0,0,0,0.5,0.07763636166435768,0.0,15.217272658252517,Low
48113014319,Census Tract 143.19,2507,67481,32.8,17.0,100.0,8.3,49.8,0,,0,,,0.0,0.0,0.0,0,0,0.5,0.2739547354741698,0.0,22.08841574159594,Low
48113014148,Census Tract 141.48,3651,47060,11.5,23.0,87.4,32.3,34.5,0,,0,,,0.0,0.0,0.0,0,0,0.5,0.2694608594776654,0.0,21.93113008171829,Low
48113014315,Census Tract 143.15,3021,83491,6.8,62.8,53.8,19.1,69.6,0,,0,,,0.0,0.0,0.0,0,0,0.5,0.40534993427462207,0.0,26.68724769961177,Moderate
48113014161,Census Tract 141.61,3758,54849,54.1,23.8,97.2,16.9,77.9,0,,0,,,0.0,0.0,0.0,0,0,0.5,0.4402585236536007,0.0,27.909048327876025,Moderate
48113015405,Census Tract 154.05,2360,84143,25.0,38.6,53.0,40.1,63.6,0,,0,,,0.0,0.0,0.0,0,0,0.5,0.4383497387479447,0.0,27.842240856178062,Moderate
48113014139,Census Tract 141.39,2709,59836,47.1,23.7,80.1,15.7,70.8,0,,0,,,0.0,0.0,0.0,0,0,0.5,0.40115702811442855,0.0,26.540495984005,Moderate
48113014903,Census Tract 149.03,4293,76582,0.5,84.9,58.4,19.3,85.4,0,,0,,,0.0,0.0,0.0,0,0,0.5,0.48495200619764994,0.0,29.47332021691775,Moderate
48113014208,Census Tract 142.08,2026,73025,25.3,16.5,80.8,14.0,41.8,0,,0,,,0.0,0.0,0.0,0,0,0.5,0.25105307289763684,0.0,21.286857551417288,Low
48113016633,Census Tract 166.33,6682,105739,81.8,10.1,3.8,48.9,91.89999999999999,0,,0,,,0.0,0.0,0.0,0,1,0.5,0.6062432623765871,0.0,33.718514183180545,Moderate
48113011603,Census Tract 116.03,3506,60404,10.0,77.9,33.5,12.1,87.9,0,,0,,,0.0,0.0,0.0,0,1,0.5,0.4758568577783047,0.0,29.154990022240668,Moderate
48113014207,Census Tract 142.07,1863,93865,15.1,8.3,100.0,14.8,23.4,0,,0,,,0.0,0.0,0.0,0,0,0.5,0.1614468232412611,0.0,18.15063881344414,Low
48113017005,Census Tract 170.05,4636,70232,17.1,55.3,31.1,37.2,72.4,0,,0,,,0.0,0.0,0.0,0,1,0.5,0.4736539104835418,0.0,29.07788686692396,Moderate
48113017009,Census Tract 170.09,5442,48302,3.7,75.7,28.2,16.3,79.4,0,,0,,,0.0,0.0,0.0,0,1,0.5,0.44596048701733826,0.0,28.108617045606838,Moderate
48113017007,Census Tract 170.07,5642,56422,7.7,77.0,26.9,35.3,84.7,0,,0,,,0.0,0.0,0.0,0,1,0.5,0.529458051930497,0.0,31.031031817567396,Moderate
48113017706,Census Tract 177.06,4943,93750,12.2,42.0,3.8,16.9,54.2,0,,0,,,0.0,0.0,0.0,0,0,0.5,0.32174685772832845,0.0,23.761140020491496,Low
48113017817,Census Tract 178.17,2944,54647,29.9,18.8,92.8,18.0,48.7,0,,0,,,0.0,0.0,0.0,0,0,0.5,0.29755858423088416,0.0,22.914550448080945,Low
48113018158,Census Tract 181.58,4005,90185,27.8,27.8,46.0,18.1,55.6,0,,0,,,0.0,0.0,0.0,0,0,0.5,0.3323479268274158,0.0,24.132177438959552,Low
48113017313,Census Tract 173.13,4199,120478,43.6,22.2,4.8,0.0,65.8,0,,0,,,0.0,0.0,0.0,0,1,0.5,0.32903884233410524,0.0,24.016359481693684,Low
48113018154,Census Tract 181.54,5201,109131,7.9,16.5,14.0,36.8,24.4,0,,0,,,0.0,0.0,0.0,0,0,0.5,0.2324422451580446,0.0,20.63547858053156,Low
48113018157,Census Tract 181.57,4051,95938,38.8,15.0,18.2,0.0,53.8,0,,0,,,0.0,0.0,0.0,0,0,0.5,0.26904620157438647,0.0,21.916617055103526,Low
48113018300,Census Tract 183,6950,77292,2.0,70.1,29.5,11.7,72.1,0,,1,,,0.0,0.0,0.0,1,0,0.5,0.39565179327749506,0.3,38.34781276471232,Moderate
48113018401,Census Tract 184.01,4535,70819,8.7,63.3,39.3,16.5,72.0,0,,0,,,0.0,0.0,0.0,0,0,0.5,0.4095537344495545,0.0,26.834380705734407,Moderate
48113018402,Census Tract 184.02,4453,81250,5.8,56.1,23.8,22.7,61.9,0,,0,,,0.0,0.0,0.0,0,0,0.5,0.3776506063226037,0.0,25.71777122129113,Moderate
48113018403,Census Tract 184.03,1544,48646,26.2,53.4,100.0,17.8,79.6,0,,0,,,0.0,0.0,0.0,0,0,0.5,0.4514603838560238,0.0,28.301113434960833,Moderate
48113018600,Census Tract 186,4004,79196,9.4,53.8,20.0,30.9,63.199999999999996,0,,0,,,0.0,0.0,0.0,0,0,0.5,0.40875122229161504,0.0,26.806292780206526,Moderate
48113018700,Census Tract 187,7231,57691,3.4,77.2,43.0,29.6,80.60000000000001,0,,0,,,0.0,0.0,0.0,0,0,0.5,0.49185767137320624,0.0,29.715018498062218,Moderate
48113018143,Census Tract 181.43,6397,148958,18.2,14.0,28.3,43.6,32.2,0,,0,,,0.0,0.0,0.0,0,0,0.5,0.29183030153690853,0.0,22.7140605537918,Low
48113019101,Census Tract 191.01,1238,78922,8.8,11.8,83.4,17.8,20.6,0,,0,,,0.0,0.0,0.0,0,0,0.5,0.15645130446080155,0.0,17.975795656128053,Low
48113016416,Census Tract 164.16,3021,74488,45.2,24.8,26.1,2.3,70.0,0,,0,,,0.0,0.0,0.0,0,1,0.5,0.3569526341621629,0.0,24.993342195675698,Low
48113016525,Census Tract 165.25,2359,134779,49.9,21.2,15.3,0.0,71.1,0,,0,,,0.0,0.0,0.0,0,1,0.5,0.3555345536423668,0.0,24.943709377482836,Low
48113017818,Census Tract 178.18,3252,63573,31.7,49.3,53.2,20.6,81.0,0,,0,,,0.0,0.0,0.0,0,0,0.5,0.4668559074346841,0.0,28.83995676021394,Moderate
48113017705,Census Tract 177.05,3334,49394,39.4,33.5,57.5,16.6,72.9,0,,0,,,0.0,0.0,0.0,0,0,0.5,0.41436015954014244,0.0,27.00260558390498,Moderate
48113016710,Census Tract 167.10,6322,61894,57.6,37.9,24.9,29.8,95.5,0,,0,,,0.0,0.0,0.0,0,1,0.5,0.566956410945867,0.0,32.343474383105345,Moderate
48113008401,Census Tract 84.01,5142,56420,2.9,87.2,31.2,14.6,90.10000000000001,0,,0,,,0.0,0.0,0.0,0,0,0.5,0.4943580525302722,0.0,29.802531838559528,Moderate
48113018148,Census Tract 181.48,4572,64514,23.6,41.5,53.4,21.4,65.1,0,,0,,,0.0,0.0,0.0,0,0,0.5,0.38975562524050694,0.0,26.14144688341774,Moderate
48113018156,Census Tract 181.56,5244,116685,28.4,18.1,30.9,0.0,46.5,0,,0,,,0.0,0.0,0.0,0,0,0.5,0.2325399798075522,0.0,20.638899293264327,Low
48113016629,Census Tract 166.29,2786,76111,43.1,43.8,36.1,22.5,86.9,0,,0,,,0.0,0.0,0.0,0,1,0.5,0.5020521474446822,0.0,30.071825160563876,Moderate
48113018153,Census Tract 181.53,6951,106488,11.4,15.3,3.8,21.1,26.700000000000003,0,,0,,,0.0,0.0,0.0,0,0,0.5,0.1968430377608182,0.0,19.389506321628637,Low
48113011202,Census Tract 112.02,2569,63661,70.3,25.5,32.3,33.2,95.8,0,,0,D,4.0,0.0,0.0,0.0,0,1,1.0,0.5786558810445803,0.0,45.25295583656031,Moderate
48113009001,Census Tract 90.01,5422,59757,24.9,70.9,69.1,11.2,95.80000000000001,0,,0,,,0.0,0.0,0.0,0,0,0.5,0.5126570518055444,0.0,30.442996813194057,Moderate
48113016630,Census Tract 166.30,5799,114111,69.7,21.7,36.6,43.2,91.4,0,,0,,,0.0,0.0,0.0,0,1,0.5,0.5866407517180854,0.0,33.03242631013299,Moderate
48113007834,Census Tract 78.34,2261,37500,74.4,20.8,95.6,12.2,95.2,0,,0,,,0.0,0.0,0.0,0,0,0.5,0.5126637264025672,0.0,30.44323042408985,Moderate
48113007835,Census Tract 78.35,2712,54622,40.1,27.4,64.8,26.6,67.5,0,,0,,,0.0,0.0,0.0,0,0,0.5,0.41735859172807266,0.0,27.107550710482542,Moderate
48113017819,Census Tract 178.19,1702,41326,62.0,13.2,100.0,33.1,75.2,0,,0,,,0.0,0.0,0.0,0,0,0.5,0.4753625790328314,0.0,29.137690266149097,Moderate
48113018159,Census Tract 181.59,5700,184129,3.1,10.0,7.0,41.5,13.1,0,,0,,,0.0,0.0,0.0,0,0,0.5,0.19001975419216807,0.0,19.150691396725882,Low
48113009203,Census Tract 92.03,4318,59052,11.7,77.9,45.5,40.4,89.60000000000001,0,,0,,,0.0,0.0,0.0,0,1,0.5,0.5692572632262616,0.0,32.42400421291916,Moderate
48113009002,Census Tract 90.02,4389,48538,16.5,77.4,41.7,16.8,93.9,0,,0,,,0.0,0.0,0.0,0,0,0.5,0.5199604162438783,0.0,30.698614568535742,Moderate
48113019102,Census Tract 191.02,4511,91023,12.4,23.5,39.5,28.9,35.9,0,,0,,,0.0,0.0,0.0,0,0,0.5,0.2662476755216555,0.0,21.818668643257944,Low
48113007833,Census Tract 78.33,2818,29559,14.3,74.5,90.0,25.3,88.8,1,Vickery Meadow TIF,0,,,0.0,0.0,0.0,1,0,0.5,0.5199661078095384,0.4,46.698813773333846,Moderate
48113017312,Census Tract 173.12,4554,98111,20.4,45.1,10.1,30.3,65.5,0,,0,,,0.0,0.0,0.0,0,0,0.5,0.4184455499187577,0.0,27.145594247156517,Moderate
48113012102,Census Tract 121.02,3160,62237,23.2,67.8,36.9,52.2,91.0,0,,0,,,0.0,0.0,0.0,0,0,0.5,0.6116563080844402,0.0,33.9079707829554,Moderate
48113016805,Census Tract 168.05,4142,95306,86.6,7.5,59.9,24.5,94.1,0,,0,,,0.0,0.0,0.0,0,1,0.5,0.544046391103313,0.0,31.54162368861595,Moderate
48113016529,Census Tract 165.29,3546,94469,38.8,43.5,17.2,11.9,82.3,0,,0,,,0.0,0.0,0.0,0,1,0.5,0.44724664210918574,0.0,28.1536324738215,Moderate
48113011604,Census Tract 116.04,3381,62392,16.7,79.7,28.6,10.1,96.4,0,,0,,,0.0,0.0,0.0,0,1,0.5,0.5123562616018713,0.0,30.432469156065494,Moderate
48113018145,Census Tract 181.45,5305,133620,13.8,16.3,15.4,23.5,30.1,0,,0,,,0.0,0.0,0.0,0,0,0.5,0.221034901212028,0.0,20.236221542420978,Low
48113018149,Census Tract 181.49,3847,140398,27.5,22.6,14.6,58.5,50.1,0,,0,,,0.0,0.0,0.0,0,0,0.5,0.4260328685742682,0.0,27.41115040009938,Moderate
48113017010,Census Tract 170.10,5828,73907,17.7,65.4,26.9,19.8,83.10000000000001,0,,0,,,0.0,0.0,0.0,0,1,0.5,0.47495280839682485,0.0,29.123348293888867,Moderate
48113017309,Census Tract 173.09,3142,76023,58.2,20.8,23.1,5.9,79.0,0,,0,,,0.0,0.0,0.0,0,0,0.5,0.4127521738347859,0.0,26.94632608421751,Moderate
48113018801,Census Tract 188.01,4559,68631,7.6,63.6,15.0,15.6,71.2,0,,0,,,0.0,0.0,0.0,0,0,0.5,0.40285439060349654,0.0,26.599903671122377,Moderate
48113018802,Census Tract 188.02,1725,52959,23.2,38.3,82.3,16.8,61.5,0,,0,,,0.0,0.0,0.0,0,0,0.5,0.35795909044105506,0.0,25.028568165436926,Moderate
48113018900,Census Tract 189,5918,69125,10.1,48.1,32.6,23.8,58.2,0,,0,,,0.0,0.0,0.0,0,0,0.5,0.3624542424590508,0.0,25.185898486066776,Moderate
48113019013,Census Tract 190.13,4843,39131,14.9,78.5,100.0,23.8,93.4,0,,0,,,0.0,0.0,0.0,0,0,0.5,0.5384632372859861,0.0,31.346213305009513,Moderate
48113019016,Census Tract 190.16,2419,66696,36.8,18.4,59.6,16.8,55.199999999999996,0,,0,,,0.0,0.0,0.0,0,0,0.5,0.32645497088589026,0.0,23.925923981006157,Low
48113019020,Census Tract 190.20,7258,59519,13.0,34.0,50.4,14.0,47.0,0,,0,,,0.0,0.0,0.0,0,0,0.5,0.27705712317877934,0.0,22.196999311257276,Low
48113019023,Census Tract 190.23,5242,106902,4.3,15.6,35.6,2.2,19.9,0,,0,,,0.0,0.0,0.0,0,0,0.5,0.10614291360737577,0.0,16.215001976258154,Low
48113019024,Census Tract 190.24,3949,99083,13.9,22.9,18.1,34.0,36.8,0,,0,,,0.0,0.0,0.0,0,0,0.5,0.2860452584280669,0.0,22.511584044982342,Low
48113019025,Census Tract 190.25,4710,104018,18.9,20.8,13.0,13.7,39.7,0,,0,,,0.0,0.0,0.0,0,0,0.5,0.23964377848304697,0.0,20.88753224690664,Low
48113019026,Census Tract 190.26,5333,68242,6.8,20.7,19.8,25.7,27.5,0,,0,,,0.0,0.0,0.0,0,0,0.5,0.21465450725975035,0.0,20.012907754091263,Low
48113019027,Census Tract 190.27,7280,68996,19.8,15.7,68.0,25.6,35.5,0,,0,,,0.0,0.0,0.0,0,0,0.5,0.2543542811445436,0.0,21.402399840059026,Low
48113019028,Census Tract 190.28,3531,83229,26.5,33.5,31.3,14.3,60.0,0,,0,,,0.0,0.0,0.0,0,0,0.5,0.342950012845158,0.0,24.50325044958053,Low
48113021100,Census Tract 211,4704,26522,53.6,44.2,50.3,34.8,97.80000000000001,1,Grand Park South TIF,0,D,4.0,1.0,6200000.0,1318.0272108843537,1,1,1.0,0.5934670185680035,0.43100000000000005,63.01134564988013,High
48113016632,Census Tract 166.32,3492,95651,58.4,31.9,26.0,13.8,90.3,0,,0,,,0.0,0.0,0.0,0,1,0.5,0.49294628764211107,0.0,29.753120067473887,Moderate
48113016628,Census Tract 166.28,4889,75588,72.1,12.0,45.5,7.7,84.1,0,,0,,,0.0,0.0,0.0,0,1,0.5,0.44365230428586666,0.0,28.02783065000533,Moderate
48113011901,Census Tract 119.01,3581,54906,19.9,69.7,18.8,39.7,89.6,0,,0,,,0.0,0.0,0.0,0,0,0.5,0.5671585065600107,0.0,32.35054772960037,Moderate
48113011902,Census Tract 119.02,4432,64167,7.5,79.4,31.0,20.2,86.9,0,,0,,,0.0,0.0,0.0,0,0,0.5,0.4951557293014841,0.0,29.830450525551942,Moderate
48113009204,Census Tract 92.04,2365,50773,27.9,58.3,41.0,33.5,86.19999999999999,0,,0,,,0.0,0.0,0.0,0,0,0.5,0.5315597459952219,0.0,31.104591109832768,Moderate
48113011802,Census Tract 118.02,4068,44976,5.4,89.1,15.5,2.7,94.5,0,,0,,,0.0,0.0,0.0,0,1,0.5,0.480661484443303,0.0,29.323151955515602,Moderate
48113017307,Census Tract 173.07,4472,101417,49.5,21.5,11.2,84.2,71.0,0,,0,,,0.0,0.0,0.0,0,0,0.5,0.6076445584905437,0.0,33.76755954716902,Moderate
48113016627,Census Tract 166.27,2468,99107,64.9,29.1,8.0,17.3,94.0,0,,0,,,0.0,0.0,0.0,0,1,0.5,0.5219452512307658,0.0,30.768083793076805,Moderate
48113011801,Census Tract 118.01,4873,56995,21.0,74.6,38.1,21.6,95.6,0,,0,,,0.0,0.0,0.0,0,1,0.5,0.5428578800949354,0.0,31.50002580332274,Moderate
48113001601,Census Tract 16.01,2680,49750,37.8,23.6,98.0,33.9,61.4,0,,0,,,0.0,0.0,0.0,0,0,0.5,0.40876005278017735,0.0,26.806601847306204,Moderate
48113007828,Census Tract 78.28,4733,60000,61.7,11.1,98.2,27.9,72.8,0,,0,,,0.0,0.0,0.0,0,0,0.5,0.4477569789328717,0.0,28.17149426265051,Moderate
48113013013,Census Tract 130.13,4571,179330,2.2,3.7,9.9,24.7,5.9,0,,0,,,0.0,0.0,0.0,0,0,0.5,0.10362119335248222,0.0,16.126741767336878,Low
48113002703,Census Tract 27.03,5226,29124,70.7,23.1,58.6,28.1,93.80000000000001,0,,0,,,0.0,0.0,0.0,0,0,0.5,0.5533662382606193,0.0,31.867818339121673,Moderate
48113020900,Census Tract 209,2404,32447,58.1,26.2,84.2,36.8,84.3,1,"Grand Park South TIF, MLK Jr. TIF",0,D,4.0,1.0,12000000.0,4991.680532445924,1,1,1.0,0.531965241734317,0.46,62.0187834607011,High
48113018147,Census Tract 181.47,5137,114020,15.5,50.4,5.5,47.1,65.9,0,,0,,,0.0,0.0,0.0,0,0,0.5,0.47084077900785165,0.0,28.979427265274804,Moderate
48113021000,Census Tract 210,5530,45344,42.5,53.3,30.9,31.7,95.8,1,Cedars TIF,0,,,0.0,0.0,0.0,1,1,0.5,0.5741613740846875,0.4,48.59564809296406,Moderate
48113017308,Census Tract 173.08,4887,107826,37.4,29.2,15.6,77.8,66.6,0,,0,,,0.0,0.0,0.0,0,0,0.5,0.566442636511287,0.0,32.32549227789504,Moderate
48113017203,Census Tract 172.03,5606,71843,43.7,36.9,53.7,5.9,80.6,0,,0,,,0.0,0.0,0.0,0,0,0.5,0.4207534273647115,0.0,27.226369957764902,Moderate
48113017311,Census Tract 173.11,3015,55368,27.5,37.5,15.2,0.0,65.0,0,,0,,,0.0,0.0,0.0,0,0,0.5,0.32505836801196636,0.0,23.877042880418824,Low
48113017314,Census Tract 173.14,8558,76667,26.7,53.2,15.9,47.9,79.9,0,,0,,,0.0,0.0,0.0,0,1,0.5,0.5432519807072088,0.0,31.51381932475231,Moderate
48113017006,Census Tract 170.06,5883,59703,8.3,41.2,14.9,12.4,49.5,0,,0,,,0.0,0.0,0.0,0,1,0.5,0.28475706799947165,0.0,22.466497379981508,Low
48113012101,Census Tract 121.01,3236,46483,53.0,44.0,75.0,38.6,97.0,0,,0,,,0.0,0.0,0.0,0,0,0.5,0.6008610325127772,0.0,33.5301361379472,Moderate
48113017820,Census Tract 178.20,4382,89766,21.2,53.2,19.6,8.4,74.4,0,,0,,,0.0,0.0,0.0,0,0,0.5,0.39724805248029593,0.0,26.403681836810357,Moderate
48113016806,Census Tract 168.06,6177,70357,64.4,27.1,34.6,16.4,91.5,0,,0,,,0.0,0.0,0.0,0,1,0.5,0.506753872997599,0.0,30.23638555491597,Moderate
48113016631,Census Tract 166.31,5606,117302,84.5,8.5,5.2,82.8,93.0,0,,0,,,0.0,0.0,0.0,0,1,0.5,0.7134397947769388,0.0,37.47039281719285,Moderate
48113020402,Census Tract 204.02,6338,93842,35.6,16.8,88.1,16.6,52.400000000000006,1,"Cedars TIF, Riverfront TIF",0,D,4.0,2.0,49100000.0,7746.923319659199,1,1,1.0,0.3118468301386746,0.6455,61.734639054853616,High
48113017204,Census Tract 172.04,5350,72437,39.1,45.4,22.9,19.6,84.5,0,,0,,,0.0,0.0,0.0,0,1,0.5,0.48135324923151157,0.0,29.347363723102905,Moderate
48113017315,Census Tract 173.15,7095,93240,39.8,43.6,20.0,6.2,83.4,0,,0,,,0.0,0.0,0.0,0,1,0.5,0.43564701067097494,0.0,27.74764537348412,Moderate
48113017310,Census Tract 173.10,3650,118372,35.2,34.1,11.1,65.9,69.30000000000001,0,,0,,,0.0,0.0,0.0,0,0,0.5,0.5442394738972688,0.0,31.548381586404407,Moderate
48113017008,Census Tract 170.08,6756,87670,34.4,39.6,3.9,71.3,74.0,0,,0,,,0.0,0.0,0.0,0,1,0.5,0.5839486810445839,0.0,32.93820383656043,Moderate
48113018155,Census Tract 181.55,6603,127176,15.1,22.9,15.0,36.3,38.0,0,,0,,,0.0,0.0,0.0,0,0,0.5,0.2989368336873488,0.0,22.962789179057207,Low
48113017815,Census Tract 178.15,3481,67978,18.6,39.3,51.8,20.6,57.9,0,,0,,,0.0,0.0,0.0,0,0,0.5,0.35135458643006146,0.0,24.79741052505215,Low
48113016709,Census Tract 167.09,3873,46259,38.0,51.4,57.3,43.0,89.4,0,,0,,,0.0,0.0,0.0,0,1,0.5,0.5760610996875867,0.0,32.662138489065526,Moderate
48113019029,Census Tract 190.29,6130,75375,6.1,33.9,28.8,34.4,40.0,0,,0,,,0.0,0.0,0.0,0,0,0.5,0.30325236816191314,0.0,23.11383288566696,Low
48113019031,Census Tract 190.31,5327,107870,11.0,23.8,25.2,28.2,34.8,0,,0,,,0.0,0.0,0.0,0,0,0.5,0.2586426233162351,0.0,21.55249181606823,Low
48113019034,Census Tract 190.34,5066,40833,40.6,21.3,75.2,34.3,61.900000000000006,0,,0,,,0.0,0.0,0.0,0,0,0.5,0.41246272687738966,0.0,26.936195440708637,Moderate
48113019035,Census Tract 190.35,6266,36697,39.1,38.0,88.0,45.8,77.1,0,,0,,,0.0,0.0,0.0,0,0,0.5,0.5229639672122633,0.0,30.80373885242922,Moderate
48113019036,Census Tract 190.36,2612,148933,5.1,9.2,18.5,33.2,14.299999999999999,0,,0,,,0.0,0.0,0.0,0,0,0.5,0.17113030903409707,0.0,18.489560816193396,Low
48113019037,Census Tract 190.37,2831,92138,3.4,20.2,20.2,27.5,23.599999999999998,0,,0,,,0.0,0.0,0.0,0,0,0.5,0.2005473411470462,0.0,19.519156940146615,Low
48113019202,Census Tract 192.02,4645,95809,9.2,29.2,38.3,23.8,38.4,0,,0,,,0.0,0.0,0.0,0,0,0.5,0.26344624025987945,0.0,21.72061840909578,Low
48113019203,Census Tract 192.03,3783,128705,1.3,19.8,20.7,12.9,21.1,0,,0,,,0.0,0.0,0.0,0,0,0.5,0.14423637515929708,0.0,17.5482731305754,Low
48113017101,Census Tract 171.01,6381,50473,9.8,72.9,27.8,32.3,82.7,0,,0,,,0.0,0.0,0.0,0,1,0.5,0.5104598359614845,0.0,30.366094258651955,Moderate
48113017201,Census Tract 172.01,6106,50350,18.4,70.2,50.4,26.2,88.6,0,,0,,,0.0,0.0,0.0,0,1,0.5,0.5216598728476521,0.0,30.758095549667825,Moderate
48113019205,Census Tract 192.05,4727,174107,6.0,6.5,20.4,23.1,12.5,0,,0,,,0.0,0.0,0.0,0,0,0.5,0.1318227596651142,0.0,17.113796588278994,Low
48113019208,Census Tract 192.08,5578,55142,21.7,60.2,69.0,30.3,81.9,0,,0,,,0.0,0.0,0.0,0,0,0.5,0.5004584357865509,0.0,30.016045252529278,Moderate
48113017400,Census Tract 174,5528,74032,20.0,41.8,21.8,32.1,61.8,0,,0,,,0.0,0.0,0.0,0,0,0.5,0.405352770910882,0.0,26.687346981880864,Moderate
48113017704,Census Tract 177.04,6688,66287,21.4,50.8,45.3,23.7,72.19999999999999,0,,0,,,0.0,0.0,0.0,0,0,0.5,0.4321550935398949,0.0,27.625428273896325,Moderate
48113017500,Census Tract 175,3439,107632,11.8,36.8,14.1,0.0,48.599999999999994,0,,0,,,0.0,0.0,0.0,0,0,0.5,0.24304269468947007,0.0,21.00649431413145,Low
48113017805,Census Tract 178.05,5812,59888,35.0,51.0,48.7,31.6,86.0,0,,0,,,0.0,0.0,0.0,0,0,0.5,0.5248570125202763,0.0,30.869995438209667,Moderate
48113017806,Census Tract 178.06,5115,61834,9.2,76.3,46.7,13.5,85.5,0,,0,,,0.0,0.0,0.0,0,0,0.5,0.4680564289391196,0.0,28.881975012869187,Moderate
48113017602,Census Tract 176.02,3962,76137,14.3,56.7,12.9,48.8,71.0,0,,0,,,0.0,0.0,0.0,0,0,0.5,0.501452139647606,0.0,30.05082488766621,Moderate
48113019210,Census Tract 192.10,4753,213952,0.7,3.8,4.4,0.0,4.5,0,,0,,,0.0,0.0,0.0,0,0,0.5,0.022510810646002345,0.0,13.287878372610082,Low
48113019211,Census Tract 192.11,5985,79474,12.8,28.0,47.7,13.6,40.8,0,,0,,,0.0,0.0,0.0,0,0,0.5,0.24485113892287835,0.0,21.06978986230074,Low
48113019301,Census Tract 193.01,3373,250001,0.0,6.6,3.9,0.0,6.6,0,,0,A,1.0,0.0,0.0,0.0,0,0,0.0,0.033,0.0,1.155,Low
48113019400,Census Tract 194,4360,190159,0.0,12.7,29.6,50.6,12.7,0,,0,A,1.0,0.0,0.0,0.0,0,0,0.0,0.21531794587028966,0.0,7.536128105460138,Low
48113019501,Census Tract 195.01,7425,250001,0.0,1.8,4.1,0.0,1.8,0,,0,A,1.0,0.0,0.0,0.0,0,0,0.0,0.009000000000000001,0.0,0.315,Low
48113017811,Census Tract 178.11,5137,100750,18.1,25.0,12.0,46.2,43.1,0,,0,,,0.0,0.0,0.0,0,0,0.5,0.3541447585155343,0.0,24.895066548043697,Low
48113017812,Census Tract 178.12,2060,78079,20.6,28.4,28.9,53.8,49.0,0,,0,,,0.0,0.0,0.0,0,0,0.5,0.40645155726599946,0.0,26.72580450430998,Moderate
48113017808,Census Tract 178.08,4435,83180,13.2,32.4,35.5,27.0,45.599999999999994,0,,0,,,0.0,0.0,0.0,0,0,0.5,0.3090500275396476,0.0,23.316750963887667,Low
48113017814,Census Tract 178.14,4821,88207,18.0,27.5,38.8,34.7,45.5,0,,0,,,0.0,0.0,0.0,0,0,0.5,0.33164852000497386,0.0,24.10769820017408,Low
48113017900,Census Tract 179,5434,57865,10.7,73.5,30.3,62.9,84.2,0,,0,,,0.0,0.0,0.0,0,0,0.5,0.6097576191927739,0.0,33.84151667174709,Moderate
48113019502,Census Tract 195.02,4040,250001,0.7,5.9,19.5,23.7,6.6000000000000005,1,Mall Area Redevelopment TIF,0,A,1.0,0.0,0.0,0.0,1,0,0.0,0.1041,0.4,19.643500000000003,Low
48113019600,Census Tract 196,2254,250001,0.0,3.9,18.0,10.1,3.9,0,,0,,,0.0,0.0,0.0,0,0,0.5,0.0498,0.0,14.243,Low
48113019700,Census Tract 197,1673,250001,0.0,9.6,3.1,30.0,9.6,1,Mall Area Redevelopment TIF,0,A,1.0,0.0,0.0,0.0,1,0,0.0,0.138,0.4,20.830000000000005,Low
48113019800,Census Tract 198,4847,243893,1.5,2.6,13.1,16.4,4.1,1,Mall Area Redevelopment TIF,0,A,1.0,0.0,0.0,0.0,1,0,0.0,0.06970183171310665,0.4,18.439564109958738,Low
48113019900,Census Tract 199,3736,53788,4.1,83.2,34.0,32.3,87.3,1,Davis Garden TIF,0,,,0.0,0.0,0.0,1,1,0.5,0.5334588418342827,0.4,47.17105946419989,Moderate
48113013607,Census Tract 136.07,3436,144313,1.7,13.1,25.0,43.9,14.799999999999999,0,,0,,,0.0,0.0,0.0,0,0,0.5,0.20573169451454118,0.0,19.700609308008943,Low
48113015900,Census Tract 159,3485,43644,12.3,66.3,64.5,30.1,78.6,0,,0,,,0.0,0.0,0.0,0,1,0.5,0.4833618838935089,0.0,29.417665936272808,Moderate
48113012604,Census Tract 126.04,6798,49922,44.6,40.6,87.8,28.1,85.2,0,,0,,,0.0,0.0,0.0,0,0,0.5,0.5103600011995202,0.0,30.362600041983207,Moderate
48113013010,Census Tract 130.10,5189,40125,29.8,50.6,93.7,23.3,80.4,0,,0,,,0.0,0.0,0.0,0,0,0.5,0.4719629391977694,0.0,29.01870287192193,Moderate
48113013622,Census Tract 136.22,3113,66371,16.1,31.3,74.8,16.7,47.400000000000006,0,,0,,,0.0,0.0,0.0,0,0,0.5,0.28715506834934146,0.0,22.55042739222695,Low
48113013621,Census Tract 136.21,4518,70376,30.7,24.6,76.8,3.3,55.3,0,,0,,,0.0,0.0,0.0,0,0,0.5,0.28645386729973565,0.0,22.52588535549075,Low
48113014135,Census Tract 141.35,4546,121157,12.5,9.8,47.2,15.6,22.3,0,,0,,,0.0,0.0,0.0,0,0,0.5,0.15833863871046425,0.0,18.041852354866247,Low
48113014134,Census Tract 141.34,4088,161042,3.7,9.8,24.6,6.8,13.5,0,,0,,,0.0,0.0,0.0,0,0,0.5,0.08792667769585072,0.0,15.577433719354774,Low
48113016626,Census Tract 166.26,4559,65106,61.2,25.4,53.4,40.1,86.6,0,,0,,,0.0,0.0,0.0,0,1,0.5,0.5533554477070821,0.0,31.86744066974787,Moderate
48113016621,Census Tract 166.21,6787,79337,52.7,39.1,15.7,2.9,91.80000000000001,0,,0,,,0.0,0.0,0.0,0,1,0.5,0.4677511800074717,0.0,28.871291300261507,Moderate
48113016623,Census Tract 166.23,9135,100607,55.2,29.1,10.4,36.8,84.30000000000001,0,,0,,,0.0,0.0,0.0,0,1,0.5,0.5319448013994529,0.0,31.118068048980852,Moderate
48113018142,Census Tract 181.42,4263,102563,12.6,32.1,18.2,17.8,44.7,0,,0,,,0.0,0.0,0.0,0,0,0.5,0.27694421481942066,0.0,22.193047518679723,Low
48113018141,Census Tract 181.41,3331,47414,31.5,32.9,81.7,30.6,64.4,0,,0,,,0.0,0.0,0.0,0,0,0.5,0.41386075331747557,0.0,26.985126366111643,Moderate
48113018137,Census Tract 181.37,4386,72788,18.5,24.4,36.5,30.3,42.9,0,,0,,,0.0,0.0,0.0,0,0,0.5,0.30545314397098433,0.0,23.19086003898445,Low
48113018138,Census Tract 181.38,4740,66426,44.1,16.8,79.4,15.7,60.900000000000006,0,,0,,,0.0,0.0,0.0,0,0,0.5,0.3516550518555267,0.0,24.807926814943432,Low
48113018140,Census Tract 181.40,6087,96985,27.8,30.0,24.9,22.2,57.8,0,,0,,,0.0,0.0,0.0,0,0,0.5,0.35564588759213,0.0,24.94760606572455,Low
48113019042,Census Tract 190.42,8518,88390,33.7,11.8,68.6,16.2,45.5,0,,0,,,0.0,0.0,0.0,0,0,0.5,0.2761484651255537,0.0,22.16519627939438,Low
48113019050,Census Tract 190.50,3057,175221,6.5,16.6,4.2,0.0,23.1,0,,0,,,0.0,0.0,0.0,0,0,0.5,0.1155224255903924,0.0,16.543284895663735,Low
48113019052,Census Tract 190.52,1316,94792,32.1,16.6,100.0,14.5,48.7,0,,0,,,0.0,0.0,0.0,0,0,0.5,0.2870465452455097,0.0,22.54662908359284,Low
48113019053,Census Tract 190.53,1397,82159,37.7,12.2,100.0,7.9,49.900000000000006,0,,0,,,0.0,0.0,0.0,0,0,0.5,0.27325033372482804,0.0,22.06376168036898,Low
48113019039,Census Tract 190.39,5635,90339,12.9,29.2,41.6,35.4,42.1,0,,0,,,0.0,0.0,0.0,0,0,0.5,0.31674788064473425,0.0,23.586175822565696,Low
48113019213,Census Tract 192.13,3334,28814,25.0,59.8,98.3,40.7,84.8,0,,0,,,0.0,0.0,0.0,0,0,0.5,0.5461663312257572,0.0,31.6158215929015,Moderate
48113013726,Census Tract 137.26,2599,87898,5.6,33.1,50.9,14.7,38.7,0,,0,,,0.0,0.0,0.0,0,0,0.5,0.23764861267022436,0.0,20.817701443457853,Low
48113016624,Census Tract 166.24,3914,104469,76.1,16.7,31.5,31.4,92.8,0,,0,,,0.0,0.0,0.0,0,1,0.5,0.5582436432337654,0.0,32.03852751318179,Moderate
48113016622,Census Tract 166.22,4081,66250,58.1,20.1,29.5,50.7,78.2,0,,0,,,0.0,0.0,0.0,0,1,0.5,0.543155104635734,0.0,31.51042866225069,Moderate
48113010903,Census Tract 109.03,4418,37090,54.9,40.4,81.6,39.1,95.3,0,,0,,,0.0,0.0,0.0,0,1,0.5,0.5938638493564594,0.0,33.28523472747607,Moderate
48113001703,Census Tract 17.03,3758,117740,2.0,11.9,80.2,16.1,13.9,1,"State-Thomas TIF, Uptown TIF",0,D,4.0,0.0,0.0,0.0,1,0,1.0,0.11783966342619535,0.4,45.12438821991684,Moderate
48113019212,Census Tract 192.12,2793,40036,8.9,87.8,100.0,31.4,96.7,0,,0,,,0.0,0.0,0.0,0,0,0.5,0.5777629658877605,0.0,32.721703806071616,Moderate
48113020300,Census Tract 203,2288,47372,76.8,11.8,85.1,23.5,88.6,1,"MLK Jr. TIF, Deep Ellum TIF",0,D,4.0,1.0,8500000.0,3715.034965034965,1,0,1.0,0.5135607659127522,0.4425,60.67462680694633,High
48113020500,Census Tract 205,6363,32907,42.5,40.4,69.7,21.5,82.9,1,"Fort Worth Ave TIF, Sports Arena TIF",0,C,3.0,1.0,15000000.0,2357.3785950023575,1,0,0.67,0.4790651037860477,0.47500000000000003,52.517278632511676,High
48113020600,Census Tract 206,2023,250001,0.0,7.6,4.1,0.0,7.6,0,,0,,,0.0,0.0,0.0,0,0,0.5,0.038,0.0,13.83,Low
48113020700,Census Tract 207,5574,90999,5.7,33.7,32.4,1.9,39.400000000000006,0,,0,,,0.0,0.0,0.0,0,0,0.5,0.2027476827189566,0.0,19.59616889516348,Low
48113012301,Census Tract 123.01,4783,60317,18.2,61.7,44.2,16.7,79.9,0,,0,,,0.0,0.0,0.0,0,0,0.5,0.4496568838685209,0.0,28.237990935398226,Moderate
48113012302,Census Tract 123.02,8885,44176,35.5,50.6,64.5,21.7,86.1,0,,0,,,0.0,0.0,0.0,0,0,0.5,0.4956617243533366,0.0,29.848160352366783,Moderate
48113013626,Census Tract 136.26,2833,73971,29.6,32.5,97.8,25.6,62.1,0,,0,,,0.0,0.0,0.0,0,0,0.5,0.38735278920402205,0.0,26.05734762214077,Moderate
48113011002,Census Tract 110.02,3666,65789,64.7,20.6,15.9,0.0,85.30000000000001,0,,0,D,4.0,0.0,0.0,0.0,0,1,1.0,0.42655524288389096,0.0,39.929433500936184,Moderate
48113011101,Census Tract 111.01,4552,67964,71.6,24.1,11.8,16.7,95.69999999999999,0,,0,,,0.0,0.0,0.0,0,1,0.5,0.528654590628487,0.0,31.002910671997043,Moderate
48113011103,Census Tract 111.03,3317,39186,36.6,57.4,36.3,42.3,94.0,0,,0,,,0.0,0.0,0.0,0,1,0.5,0.5969632207921713,0.0,33.393712727726,Moderate
48113011104,Census Tract 111.04,5353,42344,52.0,46.4,31.6,30.5,98.4,0,,0,,,0.0,0.0,0.0,0,1,0.5,0.5835622737473136,0.0,32.92467958115598,Moderate
48113010101,Census Tract 101.01,4370,45051,38.2,57.0,23.2,15.0,95.2,1,"Sports Arena TIF, Design District TIF",0,,,0.0,0.0,0.0,1,0,0.5,0.5210614619517374,0.4,46.73715116831081,Moderate
48113010102,Census Tract 101.02,3425,58953,3.9,94.5,18.5,28.2,98.4,1,Design District TIF,0,D,4.0,0.0,0.0,0.0,1,0,1.0,0.5766572929151281,0.4,61.18300525202949,High
48113010500,Census Tract 105,3147,56904,14.5,80.3,21.0,57.7,94.8,0,,0,C,3.0,0.0,0.0,0.0,0,0,0.67,0.6471579073847018,0.0,39.40052675846456,Moderate
48113010601,Census Tract 106.01,5765,65769,5.4,95.9,15.2,0.0,100.0,0,,0,C,3.0,0.0,0.0,0.0,0,0,0.67,0.5000552488816418,0.0,34.251933710857465,Moderate
48113010602,Census Tract 106.02,3015,36910,28.7,63.2,50.6,35.4,91.9,0,,0,,,0.0,0.0,0.0,0,0,0.5,0.565763903336217,0.0,32.3017366167676,Moderate
48113020100,Census Tract 201,2416,68030,7.4,68.1,44.3,12.1,75.5,0,,0,C,3.0,0.0,0.0,0.0,0,0,0.67,0.41385457083590926,0.0,31.234909979256827,Moderate
48113020200,Census Tract 202,4262,36587,62.6,36.0,24.3,23.0,98.6,0,,0,D,4.0,0.0,0.0,0.0,0,1,1.0,0.5620640001998931,0.0,44.672240006996255,Moderate
48113014128,Census Tract 141.28,4057,124202,4.4,4.7,44.2,17.7,9.100000000000001,0,,0,,,0.0,0.0,0.0,0,0,0.5,0.09863772555289879,0.0,15.952320394351457,Low
48113016522,Census Tract 165.22,4633,77762,30.7,25.9,51.3,56.1,56.599999999999994,0,,0,,,0.0,0.0,0.0,0,1,0.5,0.4513516523303503,0.0,28.297307831562257,Moderate
48113017606,Census Tract 176.06,4787,58487,13.9,66.4,46.0,22.5,80.30000000000001,0,,0,,,0.0,0.0,0.0,0,0,0.5,0.4690574326627229,0.0,28.9170101431953,Moderate
48113000606,Census Tract 6.06,2828,136250,5.5,10.6,28.2,11.5,16.1,0,,0,D,4.0,0.0,0.0,0.0,0,0,1.0,0.11503411250779252,0.0,29.02619393777274,Moderate
48113016803,Census Tract 168.03,6094,53025,50.6,30.3,54.4,37.6,80.9,0,,0,,,0.0,0.0,0.0,0,1,0.5,0.5173590706484773,0.0,30.607567472696708,Moderate
48113007812,Census Tract 78.12,2782,200750,1.7,10.2,4.5,0.0,11.899999999999999,0,,0,,,0.0,0.0,0.0,0,0,0.5,0.059514769761332104,0.0,14.583016941646623,Low
48113009803,Census Tract 98.03,2180,93100,4.7,66.0,34.9,5.3,70.7,0,,0,,,0.0,0.0,0.0,0,0,0.5,0.3694470526552308,0.0,25.43064684293308,Moderate
48113013717,Census Tract 137.17,2834,65848,2.5,72.5,60.5,37.4,75.0,0,,0,,,0.0,0.0,0.0,0,0,0.5,0.4872552251905259,0.0,29.553932881668405,Moderate
48113006100,Census Tract 61,4703,56962,32.6,57.4,34.5,31.6,90.0,0,,0,D,4.0,0.0,0.0,0.0,0,1,1.0,0.5448578899912243,0.0,44.07002614969285,Moderate
48113017604,Census Tract 176.04,3485,54097,7.4,65.8,36.5,32.5,73.2,0,,0,,,0.0,0.0,0.0,0,0,0.5,0.4635587491690323,0.0,28.72455622091613,Moderate
48113007809,Census Tract 78.09,3024,92727,10.6,26.0,54.2,31.6,36.6,1,Vickery Meadow TIF,0,,,0.0,0.0,0.0,1,0,0.5,0.27784716451328395,0.4,38.22465075796494,Moderate
48113019033,Census Tract 190.33,4629,69527,10.2,61.6,30.1,39.6,71.8,0,,0,,,0.0,0.0,0.0,0,0,0.5,0.47785412190425886,0.0,29.22489426664906,Moderate
48113013618,Census Tract 136.18,3080,71797,7.3,18.6,51.3,30.2,25.900000000000002,0,,0,,,0.0,0.0,0.0,0,0,0.5,0.22015344115953847,0.0,20.20537044058385,Low
48113009900,Census Tract 99,6347,83482,16.0,41.2,97.5,16.1,57.2,0,,0,,,0.0,0.0,0.0,0,0,0.5,0.33434993697361,0.0,24.20224779407635,Low
48113009804,Census Tract 98.04,6705,42756,2.8,85.1,98.4,27.4,87.89999999999999,0,,0,,,0.0,0.0,0.0,0,0,0.5,0.5217621501936462,0.0,30.76167525677762,Moderate
48113016516,Census Tract 165.16,5496,42500,23.8,44.2,39.1,46.3,68.0,0,,0,,,0.0,0.0,0.0,0,1,0.5,0.4789622269648571,0.0,29.263677943769995,Moderate
48113018132,Census Tract 181.32,6193,86607,12.7,35.6,13.4,23.3,48.3,0,,0,,,0.0,0.0,0.0,0,0,0.5,0.3114489998250411,0.0,23.400714993876438,Low
48113009103,Census Tract 91.03,3895,50927,35.7,59.7,35.9,23.8,95.4,0,,0,,,0.0,0.0,0.0,0,1,0.5,0.5484596998125404,0.0,31.69608949343891,Moderate
48113001504,Census Tract 15.04,2605,71302,17.6,29.7,81.4,17.0,47.3,0,,0,B,2.0,0.0,0.0,0.0,0,0,0.33,0.28755358960387173,0.0,18.31437563613551,Low
48113014308,Census Tract 143.08,4428,59583,14.7,63.4,89.5,17.2,78.1,0,,0,,,0.0,0.0,0.0,0,0,0.5,0.44215710398597663,0.0,27.975498639509176,Moderate
48113006800,Census Tract 68,5480,62134,9.5,78.3,60.1,21.5,87.8,0,,0,B,2.0,0.0,0.0,0.0,0,1,0.33,0.5035563389728571,0.0,25.874471864049998,Moderate
48113006900,Census Tract 69,3567,56616,11.4,64.5,69.6,27.6,75.9,1,Fort Worth Ave TIF,0,B,2.0,0.0,0.0,0.0,1,1,0.33,0.4623579937523139,0.4,40.43252978133099,Moderate
48113009701,Census Tract 97.01,4959,78365,3.7,65.7,33.3,5.2,69.4,0,,0,,,0.0,0.0,0.0,0,0,0.5,0.3626514714981625,0.0,25.192801502435692,Moderate
48113014603,Census Tract 146.03,1875,52697,3.4,85.0,61.4,41.8,88.4,0,,0,,,0.0,0.0,0.0,0,0,0.5,0.5674591690115911,0.0,32.36107091540569,Moderate
48113016618,Census Tract 166.18,4996,69066,61.8,21.4,29.5,18.8,83.19999999999999,0,,0,,,0.0,0.0,0.0,0,1,0.5,0.47245426015241565,0.0,29.03589910533455,Moderate
48113016619,Census Tract 166.19,3389,41875,49.4,31.2,57.7,54.3,80.6,0,,0,,,0.0,0.0,0.0,0,1,0.5,0.5659624143945707,0.0,32.30868450380998,Moderate
48113018130,Census Tract 181.30,3764,40109,59.9,15.9,78.5,43.4,75.8,0,,0,,,0.0,0.0,0.0,0,0,0.5,0.50926294399597,0.0,30.324203039858954,Moderate
48113019032,Census Tract 190.32,4628,67525,2.2,56.5,38.0,26.6,58.7,0,,0,,,0.0,0.0,0.0,0,0,0.5,0.373354722279118,0.0,25.56741527976913,Moderate
48113000100,Census Tract 1,4450,178472,5.5,10.5,32.8,0.0,16.0,0,,0,B,2.0,1.0,3200000.0,719.1011235955057,0,0,0.33,0.08002145065599328,0.016,11.690750772959765,Low
48113000201,Census Tract 2.01,3088,195000,4.1,6.1,20.6,31.0,10.2,1,Skillman Corridor TIF,0,B,2.0,0.0,0.0,0.0,1,0,0.33,0.14401649411469872,0.4,29.290577294014458,Moderate
48113000202,Census Tract 2.02,3829,147708,4.9,9.0,47.7,6.2,13.9,1,Skillman Corridor TIF,0,,,0.0,0.0,0.0,1,0,0.5,0.08813067639633605,0.4,31.584573673871763,Moderate
48113000300,Census Tract 3,4133,100409,2.6,10.8,50.8,11.7,13.4,0,,0,,,0.0,0.0,0.0,0,0,0.5,0.10214486077718613,0.0,16.075070127201514,Low
48113000401,Census Tract 4.01,4666,58232,22.8,40.0,91.3,24.5,62.8,1,Southwestern Medical TIF,0,D,4.0,0.0,0.0,0.0,1,0,1.0,0.38755750913404596,0.4,54.564512819691615,High
48113000405,Census Tract 4.05,1897,45300,51.3,15.8,89.5,25.5,67.1,0,,0,D,4.0,1.0,7100000.0,3742.751713231418,0,0,1.0,0.4120613872797394,0.0355,40.84214855479088,Moderate
48113001001,Census Tract 10.01,1656,150688,3.1,8.3,53.3,26.2,11.4,0,,0,,,0.0,0.0,0.0,0,0,0.5,0.1356297827314608,0.0,17.247042395601127,Low
48113001002,Census Tract 10.02,2049,128000,0.4,25.7,43.0,24.0,26.099999999999998,0,,0,,,0.0,0.0,0.0,0,0,0.5,0.20253658658001417,0.0,19.588780530300497,Low
48113001102,Census Tract 11.02,2677,163813,0.6,7.2,29.5,13.8,7.8,0,,0,B,2.0,0.0,0.0,0.0,0,0,0.33,0.08042584670747177,0.0,11.064904634761511,Low
48113001204,Census Tract 12.04,1770,62782,1.4,88.5,47.1,52.6,89.9,0,,0,B,2.0,0.0,0.0,0.0,0,0,0.33,0.6073561446457297,0.0,29.50746506260054,Moderate
48113001301,Census Tract 13.01,2696,93398,4.9,33.1,59.1,21.4,38.0,0,,0,B,2.0,0.0,0.0,0.0,0,0,0.33,0.25424696328874324,0.0,17.14864371510601,Low
48113001302,Census Tract 13.02,2824,72031,37.6,18.7,67.2,34.1,56.3,0,,0,B,2.0,0.0,0.0,0.0,0,0,0.33,0.3838533709858536,0.0,21.684867984504873,Low
48113001400,Census Tract 14,2891,67500,13.1,38.2,70.6,18.7,51.300000000000004,0,,0,B,2.0,0.0,0.0,0.0,0,0,0.33,0.3126547297763065,0.0,19.192915542170727,Low
48113001101,Census Tract 11.01,3866,156724,2.0,13.4,43.0,16.0,15.4,0,,0,B,2.0,0.0,0.0,0.0,0,0,0.33,0.12502797261025717,0.0,12.625979041359,Low
48113001502,Census Tract 15.02,2621,49663,15.8,47.1,85.7,21.0,62.900000000000006,0,,0,D,4.0,0.0,0.0,0.0,0,0,1.0,0.37756007887039356,0.0,38.21460276046377,Moderate
48113001503,Census Tract 15.03,1855,50662,22.8,21.1,85.7,26.1,43.900000000000006,0,,0,,,0.0,0.0,0.0,0,0,0.5,0.2978597792827391,0.0,22.92509227489587,Low
48113012209,Census Tract 122.09,2208,115300,14.1,24.8,33.2,0.0,38.9,0,,0,,,0.0,0.0,0.0,0,0,0.5,0.19454039515179788,0.0,19.308913830312925,Low
48113016620,Census Tract 166.20,5563,92950,55.0,26.8,15.7,20.6,81.8,0,,0,,,0.0,0.0,0.0,0,1,0.5,0.4708470976383621,0.0,28.979648417342673,Moderate
48113016409,Census Tract 164.09,4205,112133,23.8,31.8,18.2,39.2,55.6,0,,0,,,0.0,0.0,0.0,0,1,0.5,0.39564134489564345,0.0,26.347447071347517,Moderate
48113009303,Census Tract 93.03,3536,57092,10.8,88.9,35.6,3.2,99.7,0,,0,,,0.0,0.0,0.0,0,1,0.5,0.5081578510058439,0.0,30.285524785204533,Moderate
48113016902,Census Tract 169.02,6723,45250,36.0,45.3,50.0,45.3,81.3,0,,0,,,0.0,0.0,0.0,0,1,0.5,0.5424614022741165,0.0,31.486149079594078,Moderate
48113011601,Census Tract 116.01,3841,48358,36.6,55.3,54.9,30.1,91.9,0,,0,,,1.0,9400000.0,2447.2793543348084,0,1,0.5,0.5498604702236359,0.047,33.62511645782726,Moderate
48113019302,Census Tract 193.02,5906,214821,4.2,14.0,24.2,39.4,18.2,0,,0,A,1.0,0.0,0.0,0.0,0,0,0.0,0.20921055004372832,0.0,7.32236925153049,Low
48113014601,Census Tract 146.01,2074,64488,6.0,63.7,49.1,18.6,69.7,0,,0,,,0.0,0.0,0.0,0,0,0.5,0.40435563303758315,0.0,26.652447156315407,Moderate
48113004600,Census Tract 46,1743,82727,7.5,33.7,54.3,18.6,41.2,1,TOD TIF (DART stations),0,B,2.0,0.0,0.0,0.0,1,1,0.33,0.2618501633887042,0.4,33.41475571860465,Moderate
48113007102,Census Tract 71.02,4486,71068,29.9,23.8,51.1,17.9,53.7,0,,0,A,1.0,0.0,0.0,0.0,0,0,0.0,0.32225365977755666,0.0,11.278878092214482,Low
48113007301,Census Tract 73.01,1928,250001,0.7,6.6,17.5,14.4,7.3,0,,0,A,1.0,0.0,0.0,0.0,0,0,0.0,0.0797,0.0,2.7894999999999994,Low
48113007302,Census Tract 73.02,4220,242870,4.3,7.2,16.6,33.3,11.5,0,,0,A,1.0,1.0,13500000.0,3199.0521327014217,0,0,0.0,0.15740213849806214,0.0675,8.209074847432174,Low
48113003700,Census Tract 37,3456,78490,63.4,13.2,39.3,29.4,76.6,1,MLK Jr. TIF,0,,,0.0,0.0,0.0,1,1,0.5,0.47125143401221964,0.4,44.99380019042769,Moderate
48113007810,Census Tract 78.10,4520,76250,10.0,17.3,49.2,37.3,27.3,0,,0,,,0.0,0.0,0.0,0,0,0.5,0.24845210576031385,0.0,21.195823701610983,Low
48113007903,Census Tract 79.03,2265,144088,4.5,8.2,28.8,15.1,12.7,1,Vickery Meadow TIF,0,,,0.0,0.0,0.0,1,0,0.5,0.10883176198923816,0.4,32.309111669623334,Moderate
48113007906,Census Tract 79.06,2280,147738,1.5,6.6,41.4,27.5,8.1,0,,0,A,1.0,0.0,0.0,0.0,0,0,0.0,0.12303066739970978,0.0,4.306073358989842,Low
48113016802,Census Tract 168.02,5663,86023,56.9,24.5,8.0,65.6,81.4,0,,0,,,0.0,0.0,0.0,0,1,0.5,0.6038491749593656,0.0,33.63472112357779,Moderate
48113016704,Census Tract 167.04,4043,69079,54.4,23.2,20.6,16.2,77.6,0,,0,,,0.0,0.0,0.0,0,1,0.5,0.4366542562538776,0.0,27.782898968885718,Moderate
48113018105,Census Tract 181.05,6039,71157,7.1,80.0,33.9,25.7,87.1,0,,0,,,0.0,0.0,0.0,0,0,0.5,0.5126536330875653,0.0,30.442877158064785,Moderate
48113018001,Census Tract 180.01,6816,51121,13.8,61.3,31.2,28.0,75.1,0,,0,,,0.0,0.0,0.0,0,0,0.5,0.45955964163435725,0.0,28.584587457202502,Moderate
48113018110,Census Tract 181.10,5293,92432,6.2,15.4,22.8,29.1,21.6,0,,0,,,0.0,0.0,0.0,0,0,0.5,0.19534725298010885,0.0,19.33715385430381,Low
48113018203,Census Tract 182.03,6090,80714,23.7,51.7,19.3,11.8,75.4,0,,0,,,0.0,0.0,0.0,0,0,0.5,0.41245076706232625,0.0,26.935776847181415,Moderate
48113018204,Census Tract 182.04,4953,60396,6.6,91.7,32.1,48.7,98.3,0,,0,,,0.0,0.0,0.0,0,0,0.5,0.637656860177405,0.0,34.81799010620917,Moderate
48113018206,Census Tract 182.06,4263,60859,9.0,79.2,42.5,22.4,88.2,0,,0,,,0.0,0.0,0.0,0,0,0.5,0.5082567213294731,0.0,30.288985246531556,Moderate
48113017703,Census Tract 177.03,5835,48135,29.8,53.7,62.7,40.9,83.5,0,,0,,,0.0,0.0,0.0,0,0,0.5,0.5402605370985578,0.0,31.40911879844952,Moderate
48113008705,Census Tract 87.05,1657,36786,42.2,56.3,14.5,31.6,98.5,0,,0,,,0.0,0.0,0.0,0,1,0.5,0.5873639405222721,0.0,33.05773791827952,Moderate
48113010701,Census Tract 107.01,6615,48225,12.4,82.5,72.2,22.1,94.9,0,,0,,,0.0,0.0,0.0,0,1,0.5,0.5408605101086791,0.0,31.430117853803765,Moderate
48113013901,Census Tract 139.01,3674,69079,0.7,69.7,35.0,29.0,70.4,0,,0,,,0.0,0.0,0.0,0,0,0.5,0.43905425625387773,0.0,27.86689896888572,Moderate
48113004202,Census Tract 42.02,1968,120208,7.7,33.4,41.8,25.3,41.1,1,TOD TIF (DART stations),0,B,2.0,0.0,0.0,0.0,1,1,0.33,0.2814389233037416,0.4,34.10036231563096,Moderate
48113004300,Census Tract 43,5481,74557,22.7,41.4,80.5,20.7,64.1,1,"Fort Worth Ave TIF, Sports Arena TIF",0,,,1.0,35000000.0,6385.6960408684545,1,1,0.5,0.3826526134699224,0.5750000000000001,48.892841471447284,Moderate
48113004400,Census Tract 44,3715,124440,6.2,19.5,24.8,21.6,25.7,1,"TOD TIF (DART stations), Fort Worth Ave TIF",0,B,2.0,0.0,0.0,0.0,1,1,0.33,0.19333765417966384,0.4,31.01681789628824,Moderate
48113004500,Census Tract 45,4954,63500,6.1,74.4,38.0,20.2,80.5,1,Davis Garden TIF,0,B,2.0,0.0,0.0,0.0,1,1,0.33,0.4631559293264746,0.4,40.460457526426616,Moderate
48113018120,Census Tract 181.20,5405,102031,30.5,25.6,15.0,13.1,56.1,0,,0,,,0.0,0.0,0.0,0,0,0.5,0.319844374359593,0.0,23.694553102585754,Low
48113013615,Census Tract 136.15,5335,60929,24.6,55.8,82.7,25.3,80.4,0,,0,,,0.0,0.0,0.0,0,0,0.5,0.47795670033734516,0.0,29.22848451180708,Moderate
48113013617,Census Tract 136.17,2736,153484,6.8,7.4,36.0,15.4,14.2,0,,0,,,0.0,0.0,0.0,0,0,0.5,0.11722894424589332,0.0,16.603013048606265,Low
48113013619,Census Tract 136.19,4996,153654,0.9,16.1,15.9,49.0,17.0,0,,0,,,0.0,0.0,0.0,0,0,0.5,0.23202889326501117,0.0,20.621011264275392,Low
48113018121,Census Tract 181.21,5081,66165,15.4,50.8,29.0,40.6,66.2,0,,0,,,0.0,0.0,0.0,0,0,0.5,0.4528551301261752,0.0,28.349929554416132,Moderate
48113018126,Census Tract 181.26,6641,95820,17.5,38.6,21.0,22.4,56.1,0,,0,,,0.0,0.0,0.0,0,0,0.5,0.34774623696111645,0.0,24.671118293639076,Low
48113018127,Census Tract 181.27,2978,76655,19.5,52.5,31.0,6.3,72.0,0,,0,,,0.0,0.0,0.0,0,0,0.5,0.3789519843058593,0.0,25.763319450705076,Moderate
48113013715,Census Tract 137.15,2206,100984,0.0,72.3,9.3,46.2,72.3,0,,0,,,0.0,0.0,0.0,0,0,0.5,0.5001446883418494,0.0,30.005064091964726,Moderate
48113013716,Census Tract 137.16,5317,94667,8.8,41.4,26.1,38.6,50.2,0,,0,,,0.0,0.0,0.0,0,0,0.5,0.36684658273145243,0.0,25.33963039560083,Moderate
48113013718,Census Tract 137.18,4295,63694,9.7,72.8,73.8,30.3,82.5,0,,0,,,0.0,0.0,0.0,0,0,0.5,0.5034558711482914,0.0,30.120955490190195,Moderate
48113013719,Census Tract 137.19,4491,60227,11.8,17.6,57.6,51.8,29.400000000000002,0,,0,,,0.0,0.0,0.0,0,0,0.5,0.30245691085839965,0.0,23.085991880043988,Low
48113013720,Census Tract 137.20,5130,74508,6.4,53.0,51.5,25.0,59.4,0,,0,,,0.0,0.0,0.0,0,0,0.5,0.37205262816441204,0.0,25.521841985754424,Moderate
48113018128,Census Tract 181.28,5649,71646,29.3,44.2,58.1,13.5,73.5,0,,0,,,0.0,0.0,0.0,0,0,0.5,0.4080534864425573,0.0,26.781872025489506,Moderate
48113018129,Census Tract 181.29,4104,51855,16.6,46.7,52.6,36.5,63.300000000000004,0,,0,,,0.0,0.0,0.0,0,0,0.5,0.42605942151690146,0.0,27.41207975309155,Moderate
48113013721,Census Tract 137.21,5206,117951,13.2,23.2,10.9,52.7,36.4,0,,0,,,0.0,0.0,0.0,0,0,0.5,0.34013960014992395,0.0,24.404886005247338,Low
48113013722,Census Tract 137.22,4593,63993,30.3,36.1,80.3,14.4,66.4,0,,0,,,0.0,0.0,0.0,0,0,0.5,0.3752557814819164,0.0,25.633952351867073,Moderate
48113013725,Census Tract 137.25,4233,55723,14.2,39.4,86.3,23.1,53.599999999999994,0,,0,,,0.0,0.0,0.0,0,0,0.5,0.33735826155188886,0.0,24.30753915431611,Low
48113013804,Census Tract 138.04,2674,92361,2.8,43.8,12.1,56.6,46.599999999999994,0,,0,,,0.0,0.0,0.0,0,0,0.5,0.4028472742721243,0.0,26.599654599524346,Moderate
48113013902,Census Tract 139.02,3705,90795,0.3,55.0,13.3,13.6,55.3,0,,0,,,0.0,0.0,0.0,0,0,0.5,0.3173477438960151,0.0,23.607171036360526,Low
48113014001,Census Tract 140.01,4620,95772,4.7,45.0,36.9,13.4,49.7,0,,0,,,0.0,0.0,0.0,0,0,0.5,0.2887462513557185,0.0,22.606118797450147,Low
48113019040,Census Tract 190.40,7981,81826,50.6,11.7,78.0,19.0,62.3,0,,0,,,0.0,0.0,0.0,0,0,0.5,0.3685504335873795,0.0,25.399265175558284,Moderate
48113018506,Census Tract 185.06,3130,40246,78.0,5.7,100.0,15.2,83.7,0,,0,,,0.0,0.0,0.0,0,0,0.5,0.4641629029113768,0.0,28.745701601898187,Moderate
48113010904,Census Tract 109.04,4006,48216,77.8,20.2,97.3,26.4,98.0,0,,0,D,4.0,0.0,0.0,0.0,0,1,1.0,0.5692605128076669,0.0,44.92411794826834,Moderate
48113014132,Census Tract 141.32,2906,78536,29.7,8.3,62.5,39.2,38.0,0,,0,,,0.0,0.0,0.0,0,0,0.5,0.3076514202173928,0.0,23.267799707608745,Low
48113018501,Census Tract 185.01,4917,84009,2.0,79.2,29.1,5.9,81.2,0,,0,,,0.0,0.0,0.0,0,0,0.5,0.4237497789328753,0.0,27.331242262650633,Moderate
48113014119,Census Tract 141.19,4231,130114,5.9,20.3,29.2,10.6,26.200000000000003,0,,0,,,0.0,0.0,0.0,0,0,0.5,0.16283595261775036,0.0,18.19925834162126,Low
48113014120,Census Tract 141.20,5377,154643,1.7,13.8,10.3,33.0,15.5,0,,0,,,0.0,0.0,0.0,0,0,0.5,0.1765285966762321,0.0,18.67850088366812,Low
48113014123,Census Tract 141.23,6106,183333,2.1,9.4,16.3,2.7,11.5,0,,0,,,0.0,0.0,0.0,0,0,0.5,0.06561999290265151,0.0,14.796699751592804,Low
48113014126,Census Tract 141.26,7080,140735,1.5,25.6,10.6,0.0,27.1,0,,0,,,0.0,0.0,0.0,0,0,0.5,0.13553276751216656,0.0,17.24364686292583,Low
48113014203,Census Tract 142.03,2978,93271,0.5,42.4,25.1,15.8,42.9,0,,0,,,0.0,0.0,0.0,0,0,0.5,0.2619470013744611,0.0,21.668145048106137,Low
48113014204,Census Tract 142.04,2959,79583,8.9,35.5,71.5,22.3,44.4,0,,0,,,0.0,0.0,0.0,0,0,0.5,0.28895110623513626,0.0,22.613288718229768,Low
48113014306,Census Tract 143.06,6221,74318,4.1,79.5,33.3,32.2,83.6,0,,0,,,0.0,0.0,0.0,0,0,0.5,0.514652685143045,0.0,30.512843980006576,Moderate
48113012601,Census Tract 126.01,6339,54651,13.0,69.0,49.0,17.7,82.0,0,,0,,,0.0,0.0,0.0,0,0,0.5,0.4631585830313339,0.0,28.710550406096687,Moderate
48113012701,Census Tract 127.01,5634,60776,6.5,64.2,43.9,17.6,70.7,0,,0,,,0.0,0.0,0.0,0,0,0.5,0.4063567462201391,0.0,26.722486117704868,Moderate
48113012702,Census Tract 127.02,3054,60855,10.2,65.8,32.4,27.4,76.0,0,,0,,,0.0,0.0,0.0,0,0,0.5,0.4622567225290233,0.0,28.67898528851581,Moderate
48113012900,Census Tract 129,4507,144375,2.0,21.7,21.3,15.8,23.7,0,,0,,,0.0,0.0,0.0,0,0,0.5,0.1659316759215136,0.0,18.307608657252974,Low
48113014310,Census Tract 143.10,4650,69806,38.8,27.0,51.1,31.2,65.8,0,,0,,,0.0,0.0,0.0,0,0,0.5,0.4226540382356346,0.0,27.29289133824721,Moderate
48113014405,Census Tract 144.05,3346,49262,8.1,65.4,66.1,42.7,73.5,0,,0,,,0.0,0.0,0.0,0,0,0.5,0.49566019912529796,0.0,29.848106969385423,Moderate
48113014406,Census Tract 144.06,5055,70270,0.5,82.9,48.1,16.4,83.4,0,,0,,,0.0,0.0,0.0,0,0,0.5,0.46625389908781517,0.0,28.81888646807353,Moderate
48113014407,Census Tract 144.07,5330,45573,17.9,63.8,78.9,32.5,81.69999999999999,0,,0,,,0.0,0.0,0.0,0,0,0.5,0.5060613054104404,0.0,30.21214568936541,Moderate
48113014408,Census Tract 144.08,4052,65357,17.7,49.1,52.6,24.4,66.8,0,,0,,,0.0,0.0,0.0,0,0,0.5,0.407255372435309,0.0,26.753938035235812,Moderate
48113014309,Census Tract 143.09,6480,50851,25.5,59.0,97.4,19.7,84.5,0,,0,,,0.0,0.0,0.0,0,0,0.5,0.4816597226039936,0.0,29.35809029113977,Moderate
48113013620,Census Tract 136.20,6736,84672,33.3,15.2,82.2,16.6,48.5,0,,0,,,0.0,0.0,0.0,0,0,0.5,0.29234958010743495,0.0,22.732235303760223,Low
48113006402,Census Tract 64.02,4830,52782,0.0,97.4,43.7,1.5,97.4,0,,0,C,3.0,0.0,0.0,0.0,0,1,0.67,0.49155914352115004,0.0,33.95457002324025,Moderate
48113010804,Census Tract 108.04,5281,37841,25.6,72.6,82.7,37.3,98.19999999999999,0,,0,D,4.0,0.0,0.0,0.0,0,1,1.0,0.6029636241409153,0.0,46.103726844932034,Moderate
48113010805,Census Tract 108.05,5241,52143,25.9,66.9,46.8,54.7,92.80000000000001,0,,0,C,3.0,0.0,0.0,0.0,0,1,0.67,0.6281593351492895,0.0,38.73557673022513,Moderate
48113006401,Census Tract 64.01,2854,69620,0.0,87.8,19.4,14.0,87.8,0,,0,C,3.0,0.0,0.0,0.0,0,1,0.67,0.48105409401471744,0.0,33.58689329051511,Moderate
48113013104,Census Tract 131.04,1903,150208,12.6,8.6,75.0,9.8,21.2,0,,0,,,0.0,0.0,0.0,0,0,0.5,0.13542992667748097,0.0,17.240047433711833,Low
48113019041,Census Tract 190.41,2540,98889,27.4,9.6,29.5,23.9,37.0,0,,0,,,0.0,0.0,0.0,0,0,0.5,0.25674531660625,0.0,21.48608608121875,Low
48113007823,Census Tract 78.23,3163,75386,35.4,26.3,92.8,20.9,61.7,0,,0,,,0.0,0.0,0.0,0,0,0.5,0.3712523648631501,0.0,25.493832770210258,Moderate
48113007822,Census Tract 78.22,1933,83288,30.2,19.3,97.4,25.2,49.5,1,Vickery Meadow TIF,0,A,1.0,0.0,0.0,0.0,1,0,0.0,0.3231499951517931,0.4,27.31024983031276,Moderate
48113007821,Census Tract 78.21,3291,44592,30.5,41.8,92.2,18.9,72.3,1,Vickery Meadow TIF,0,,,0.0,0.0,0.0,1,0,0.5,0.4182615996001191,0.4,43.13915598600418,Moderate
48113013011,Census Tract 130.11,4681,51406,34.0,52.1,95.0,22.5,86.1,0,,0,,,0.0,0.0,0.0,0,0,0.5,0.4980595561664078,0.0,29.93208446582427,Moderate
48113007827,Census Tract 78.27,2484,54681,40.4,31.2,86.6,29.9,71.6,0,,0,,,0.0,0.0,0.0,0,0,0.5,0.4477585740347077,0.0,28.17155009121477,Moderate
48113013005,Census Tract 130.05,4690,134519,3.9,6.4,23.9,56.8,10.3,0,,0,,,0.0,0.0,0.0,0,0,0.5,0.22193463161312774,0.0,20.26771210645947,Low
48113013007,Census Tract 130.07,3126,89537,14.9,29.1,27.9,34.2,44.0,0,,0,,,0.0,0.0,0.0,0,0,0.5,0.322648121154543,0.0,23.792684240409002,Low
48113013008,Census Tract 130.08,3095,127841,13.1,17.0,30.9,7.2,30.1,0,,0,,,0.0,0.0,0.0,0,0,0.5,0.17213663426213338,0.0,18.524782199174666,Low
48113013009,Census Tract 130.09,4759,100345,31.3,6.9,41.9,32.6,38.2,0,,0,,,0.0,0.0,0.0,0,0,0.5,0.2888448799699888,0.0,22.60957079894961,Low
48113013101,Census Tract 131.01,2889,233068,0.2,7.0,9.4,29.1,7.2,0,,0,,,0.0,0.0,0.0,0,0,0.5,0.12330507799574907,0.0,16.815677729851217,Low
48113007826,Census Tract 78.26,1565,66676,17.8,24.7,91.4,24.5,42.5,0,,0,,,0.0,0.0,0.0,0,0,0.5,0.2860549768836411,0.0,22.51192419092744,Low
48113007824,Census Tract 78.24,1939,202188,0.9,15.6,3.7,0.0,16.5,0,,0,,,0.0,0.0,0.0,0,0,0.5,0.0825143385230467,0.0,15.388001848306635,Low
48113007825,Census Tract 78.25,5059,77539,17.1,26.8,51.4,33.4,43.900000000000006,0,,0,,,0.0,0.0,0.0,0,0,0.5,0.3197517192052721,0.0,23.691310172184522,Low
48113013102,Census Tract 131.02,2019,163214,1.0,5.6,23.8,26.2,6.6,0,,0,,,0.0,0.0,0.0,0,0,0.5,0.11162602634010944,0.0,16.40691092190383,Low
48113014501,Census Tract 145.01,4120,108229,2.2,67.1,12.5,25.1,69.3,0,,0,,,0.0,0.0,0.0,0,0,0.5,0.42184251565660746,0.0,27.26448804798126,Moderate
48113014502,Census Tract 145.02,5081,73374,1.1,76.9,50.9,14.3,78.0,0,,0,,,0.0,0.0,0.0,0,0,0.5,0.43295296823688467,0.0,27.653353888290965,Moderate
48113014602,Census Tract 146.02,4526,59849,2.9,83.8,59.4,30.7,86.7,0,,0,,,0.0,0.0,0.0,0,0,0.5,0.5256570242158904,0.0,30.897995847556164,Moderate
48113014701,Census Tract 147.01,4863,52386,4.1,78.3,70.9,13.6,82.39999999999999,0,,0,,,0.0,0.0,0.0,0,0,0.5,0.4528592622766166,0.0,28.350074179681584,Moderate
48113007910,Census Tract 79.10,3225,61704,8.4,26.7,100.0,23.9,35.1,1,Vickery Meadow TIF,0,,,0.0,0.0,0.0,1,0,0.5,0.24725646792450012,0.4,37.15397637735751,Moderate
48113007909,Census Tract 79.09,2166,72631,10.0,10.1,100.0,13.2,20.1,1,Vickery Meadow TIF,0,A,1.0,0.0,0.0,0.0,1,0,0.0,0.1401531910533284,0.4,20.9053616868665,Low
48113013806,Census Tract 138.06,4089,78200,21.3,19.5,94.3,27.4,40.8,0,,0,,,0.0,0.0,0.0,0,0,0.5,0.2862515209796068,0.0,22.51880323428624,Low
48113013727,Census Tract 137.27,4133,89831,26.3,22.9,72.8,8.0,49.2,0,,0,,,0.0,0.0,0.0,0,0,0.5,0.27004803298760566,0.0,21.9516811545662,Low
48113014205,Census Tract 142.05,1804,172350,3.0,7.9,4.2,19.4,10.9,0,,0,,,0.0,0.0,0.0,0,0,0.5,0.11272328656752553,0.0,16.445315029863394,Low
48113016412,Census Tract 164.12,5154,131250,27.3,39.0,10.0,6.5,66.3,0,,0,,,0.0,0.0,0.0,0,1,0.5,0.3510356119455026,0.0,24.78624641809259,Low
48113013300,Census Tract 133,1855,250001,3.7,8.8,3.9,0.0,12.5,0,,0,,,1.0,18000000.0,9703.504043126684,0,0,0.5,0.0625,0.09,18.2875,Low
48113013400,Census Tract 134,1788,250001,0.4,8.9,3.2,0.0,9.3,0,,1,,,0.0,0.0,0.0,1,0,0.5,0.04650000000000001,0.3,26.127500000000005,Moderate
48113013500,Census Tract 135,2600,250001,0.0,3.1,1.5,0.0,3.1,0,,0,,,0.0,0.0,0.0,0,0,0.5,0.0155,0.0,13.0425,Low
48113013605,Census Tract 136.05,5060,178558,2.0,8.8,5.0,25.0,10.8,0,,0,,,0.0,0.0,0.0,0,0,0.5,0.12902142486566467,0.0,17.015749870298265,Low
48113013606,Census Tract 136.06,5559,86871,2.3,24.2,40.7,14.0,26.5,0,,0,,,0.0,0.0,0.0,0,0,0.5,0.17454892065473004,0.0,18.60921222291555,Low
48113013608,Census Tract 136.08,2563,144681,11.9,5.8,22.8,6.8,17.7,0,,0,,,0.0,0.0,0.0,0,0,0.5,0.10893158415592573,0.0,16.3126054454574,Low
48113015202,Census Tract 152.02,3464,61948,3.8,87.0,57.4,5.0,90.8,0,,0,,,0.0,0.0,0.0,0,0,0.5,0.4690563947519398,0.0,28.916973816317892,Moderate
48113015205,Census Tract 152.05,3522,51746,4.5,75.9,48.1,5.3,80.4,0,,0,,,0.0,0.0,0.0,0,0,0.5,0.4179594542046436,0.0,27.128580897162525,Moderate
48113015206,Census Tract 152.06,4396,73231,4.7,67.7,45.7,26.4,72.4,0,,0,,,0.0,0.0,0.0,0,0,0.5,0.44125301112080323,0.0,27.943855389228112,Moderate
48113015303,Census Tract 153.03,1804,60466,0.0,88.6,22.5,9.2,88.6,0,,0,,,0.0,0.0,0.0,0,0,0.5,0.47065683918527706,0.0,28.972989371484697,Moderate
48113015305,Census Tract 153.05,4125,76289,4.6,56.1,29.2,42.1,60.7,0,,0,,,0.0,0.0,0.0,0,0,0.5,0.42985209406469965,0.0,27.544823292264486,Moderate
48113009101,Census Tract 91.01,5503,61011,21.0,67.4,28.3,17.5,88.4,0,,0,,,0.0,0.0,0.0,0,0,0.5,0.4945566757465667,0.0,29.80948365112983,Moderate
48113009401,Census Tract 94.01,3251,100806,6.1,47.9,20.1,52.9,54.0,0,,0,,,0.0,0.0,0.0,0,0,0.5,0.42874474172183197,0.0,27.506065960264113,Moderate
48113009402,Census Tract 94.02,2420,210795,1.6,10.7,8.9,4.9,12.299999999999999,0,,0,,,0.0,0.0,0.0,0,0,0.5,0.0762117573909725,0.0,15.167411508684037,Low
48113009500,Census Tract 95,2215,202857,3.0,12.0,3.5,6.9,15.0,0,,0,,,0.0,0.0,0.0,0,0,0.5,0.09571413789828107,0.0,15.849994826439836,Low
48113012603,Census Tract 126.03,1947,102155,3.1,70.7,13.9,0.0,73.8,0,,0,,,0.0,0.0,0.0,0,0,0.5,0.36904433717353774,0.0,25.416551801073815,Moderate
48113014138,Census Tract 141.38,4190,110857,8.0,11.4,71.9,6.6,19.4,0,,0,,,0.0,0.0,0.0,0,0,0.5,0.11684172755214707,0.0,16.58946046432515,Low
48113014130,Census Tract 141.30,4217,118869,9.7,16.6,51.8,3.5,26.3,0,,0,,,0.0,0.0,0.0,0,0,0.5,0.14203932485316043,0.0,17.471376369860614,Low
48113007912,Census Tract 79.12,2314,80982,12.4,6.0,100.0,8.1,18.4,1,Vickery Meadow TIF,0,A,1.0,0.0,0.0,0.0,1,0,0.0,0.11635068669246498,0.4,20.072274034236276,Low
48113013805,Census Tract 138.05,3991,61829,27.2,30.6,100.0,19.4,57.8,0,,0,,,0.0,0.0,0.0,0,0,0.5,0.3472564304385573,0.0,24.653975065349503,Low
48113016521,Census Tract 165.21,7597,55483,36.1,26.8,68.8,38.2,62.900000000000006,0,,0,,,0.0,0.0,0.0,0,1,0.5,0.42915833352489896,0.0,27.52054167337146,Moderate
48113018505,Census Tract 185.05,3928,40038,59.9,28.2,94.6,30.8,88.1,0,,0,,,0.0,0.0,0.0,0,0,0.5,0.5329629652879855,0.0,31.15370378507949,Moderate
48113980000,Census Tract 9800,0,-666666666,,,,,0.0,0,,0,,,0.0,0.0,0.0,0,0,0.5,0.2,0.0,19.5,Low
48113007913,Census Tract 79.13,2806,76095,11.8,9.5,61.2,23.3,21.3,0,,0,A,1.0,0.0,0.0,0.0,0,0,0.0,0.17645215224288285,0.0,6.175825328500899,Low
48113018133,Census Tract 181.33,3626,89961,21.5,23.9,42.1,17.4,45.4,0,,0,,,0.0,0.0,0.0,0,0,0.5,0.27924799400222516,0.0,22.27367979007788,Low
48113020000,Census Tract 200,5815,205764,3.1,12.5,23.6,0.0,15.6,0,,0,,,0.0,0.0,0.0,0,0,0.5,0.07801326612519642,0.0,15.230464314381875,Low
48113018135,Census Tract 181.35,5281,97336,14.9,17.6,39.8,16.6,32.5,0,,0,,,0.0,0.0,0.0,0,0,0.5,0.21234578233160278,0.0,19.9321023816061,Low
48113019018,Census Tract 190.18,4869,68903,34.4,16.6,50.1,23.4,51.0,0,,0,,,0.0,0.0,0.0,0,0,0.5,0.32525430903408503,0.0,23.883900816192977,Low
48113015700,Census Tract 157,2509,65160,0.9,88.6,27.4,41.8,89.5,0,,0,,,0.0,0.0,0.0,0,0,0.5,0.5729554315131549,0.0,32.553440102960415,Moderate
48113016001,Census Tract 160.01,3525,49646,2.3,79.9,41.9,23.4,82.2,0,,0,,,0.0,0.0,0.0,0,1,0.5,0.4812600839684818,0.0,29.344102938896867,Moderate
48113016002,Census Tract 160.02,3739,37500,1.0,68.4,71.1,53.8,69.4,0,,0,,,0.0,0.0,0.0,0,1,0.5,0.5084637264025671,0.0,30.29623042408985,Moderate
48113016100,Census Tract 161,3711,31836,33.7,53.8,68.9,18.7,87.5,0,,0,,,0.0,0.0,0.0,0,1,0.5,0.49366542496560517,0.0,29.778289873796183,Moderate
48113016201,Census Tract 162.01,4342,84779,12.7,69.1,33.3,7.7,81.8,0,,0,,,0.0,0.0,0.0,0,1,0.5,0.4321495480194679,0.0,27.625234180681378,Moderate
48113016301,Census Tract 163.01,6777,71719,6.9,73.6,16.4,17.6,80.5,0,,0,,,0.0,0.0,0.0,0,1,0.5,0.45535346455076675,0.0,28.437371259276834,Moderate
48113016410,Census Tract 164.10,4980,94286,29.9,31.2,23.4,0.0,61.099999999999994,0,,0,,,0.0,0.0,0.0,0,1,0.5,0.3055466969886059,0.0,23.194134394601207,Low
48113016302,Census Tract 163.02,1757,46503,7.5,76.9,48.6,51.3,84.4,0,,0,,,0.0,0.0,0.0,0,1,0.5,0.5759610265150265,0.0,32.65863592802592,Moderate
48113016511,Census Tract 165.11,4797,74818,52.2,23.1,20.2,36.3,75.30000000000001,0,,0,,,0.0,0.0,0.0,0,1,0.5,0.48545253519927406,0.0,29.490838731974588,Moderate
48113016615,Census Tract 166.15,4475,73833,64.4,21.5,32.5,36.8,85.9,0,,0,,,0.0,0.0,0.0,0,1,0.5,0.539952830588503,0.0,31.398349070597604,Moderate
48113016616,Census Tract 166.16,6261,89059,50.9,34.2,18.9,28.3,85.1,0,,0,,,0.0,0.0,0.0,0,1,0.5,0.5104482645007881,0.0,30.365689257527585,Moderate
48113018111,Census Tract 181.11,7181,63202,28.6,44.5,41.5,41.8,73.1,0,,0,,,0.0,0.0,0.0,0,0,0.5,0.4909560186929621,0.0,29.683460654253675,Moderate
